ISO-10303-21;
HEADER;
FILE_DESCRIPTION(('KiCad electronic assembly'),'2;1');
FILE_NAME('GCU-ADU.step','2025-08-17T13:59:34',('Pcbnew'),('Kicad'),
  'Open CASCADE STEP processor 7.9','KiCad to STEP converter','Unknown'
  );
FILE_SCHEMA(('AUTOMOTIVE_DESIGN { 1 0 10303 214 1 1 1 1 }'));
ENDSEC;
DATA;
#1 = APPLICATION_PROTOCOL_DEFINITION('international standard',
  'automotive_design',2000,#2);
#2 = APPLICATION_CONTEXT(
  'core data for automotive mechanical design processes');
#3 = SHAPE_DEFINITION_REPRESENTATION(#4,#10);
#4 = PRODUCT_DEFINITION_SHAPE('','',#5);
#5 = PRODUCT_DEFINITION('design','',#6,#9);
#6 = PRODUCT_DEFINITION_FORMATION('','',#7);
#7 = PRODUCT('GCU-ADU 1','GCU-ADU 1','',(#8));
#8 = PRODUCT_CONTEXT('',#2,'mechanical');
#9 = PRODUCT_DEFINITION_CONTEXT('part definition',#2,'design');
#10 = SHAPE_REPRESENTATION('',(#11,#15,#19,#23,#27,#31),#35);
#11 = AXIS2_PLACEMENT_3D('',#12,#13,#14);
#12 = CARTESIAN_POINT('',(0.,0.,0.));
#13 = DIRECTION('',(0.,0.,1.));
#14 = DIRECTION('',(1.,0.,-0.));
#15 = AXIS2_PLACEMENT_3D('',#16,#17,#18);
#16 = CARTESIAN_POINT('',(89.598656,-75.88414,0.295));
#17 = DIRECTION('',(0.,-1.,1.110223024625E-16));
#18 = DIRECTION('',(1.,0.,0.));
#19 = AXIS2_PLACEMENT_3D('',#20,#21,#22);
#20 = CARTESIAN_POINT('',(101.032875,-53.954226,0.295));
#21 = DIRECTION('',(0.,-1.,1.110223024625E-16));
#22 = DIRECTION('',(1.,0.,0.));
#23 = AXIS2_PLACEMENT_3D('',#24,#25,#26);
#24 = CARTESIAN_POINT('',(104.775,-68.326,0.295));
#25 = DIRECTION('',(0.,-1.,1.110223024625E-16));
#26 = DIRECTION('',(1.,0.,0.));
#27 = AXIS2_PLACEMENT_3D('',#28,#29,#30);
#28 = CARTESIAN_POINT('',(119.28796,-64.835602,0.295));
#29 = DIRECTION('',(0.,-1.,1.110223024625E-16));
#30 = DIRECTION('',(1.,0.,0.));
#31 = AXIS2_PLACEMENT_3D('',#32,#33,#34);
#32 = CARTESIAN_POINT('',(0.,0.,0.));
#33 = DIRECTION('',(0.,0.,1.));
#34 = DIRECTION('',(1.,0.,-0.));
#35 = ( GEOMETRIC_REPRESENTATION_CONTEXT(3) 
GLOBAL_UNCERTAINTY_ASSIGNED_CONTEXT((#39)) GLOBAL_UNIT_ASSIGNED_CONTEXT(
(#36,#37,#38)) REPRESENTATION_CONTEXT('Context #1',
  '3D Context with UNIT and UNCERTAINTY') );
#36 = ( LENGTH_UNIT() NAMED_UNIT(*) SI_UNIT(.MILLI.,.METRE.) );
#37 = ( NAMED_UNIT(*) PLANE_ANGLE_UNIT() SI_UNIT($,.RADIAN.) );
#38 = ( NAMED_UNIT(*) SI_UNIT($,.STERADIAN.) SOLID_ANGLE_UNIT() );
#39 = UNCERTAINTY_MEASURE_WITH_UNIT(LENGTH_MEASURE(5.E-05),#36,
  'distance_accuracy_value','confusion accuracy');
#40 = PRODUCT_RELATED_PRODUCT_CATEGORY('part',$,(#7));
#41 = SHAPE_DEFINITION_REPRESENTATION(#42,#48);
#42 = PRODUCT_DEFINITION_SHAPE('','',#43);
#43 = PRODUCT_DEFINITION('design','',#44,#47);
#44 = PRODUCT_DEFINITION_FORMATION('','',#45);
#45 = PRODUCT('evqq2-bfkpuy-02w_','evqq2-bfkpuy-02w_','',(#46));
#46 = PRODUCT_CONTEXT('',#2,'mechanical');
#47 = PRODUCT_DEFINITION_CONTEXT('part definition',#2,'design');
#48 = SHAPE_REPRESENTATION('',(#11,#49,#265,#481,#697,#913),#8655);
#49 = MANIFOLD_SOLID_BREP('',#50);
#50 = CLOSED_SHELL('',(#51,#91,#122,#153,#184,#215,#237,#251));
#51 = ADVANCED_FACE('',(#52),#86,.T.);
#52 = FACE_BOUND('',#53,.T.);
#53 = EDGE_LOOP('',(#54,#64,#72,#80));
#54 = ORIENTED_EDGE('',*,*,#55,.F.);
#55 = EDGE_CURVE('',#56,#58,#60,.T.);
#56 = VERTEX_POINT('',#57);
#57 = CARTESIAN_POINT('',(-3.,0.,2.4));
#58 = VERTEX_POINT('',#59);
#59 = CARTESIAN_POINT('',(-3.,0.,1.6));
#60 = LINE('',#61,#62);
#61 = CARTESIAN_POINT('',(-3.,0.,1.6));
#62 = VECTOR('',#63,1.);
#63 = DIRECTION('',(-0.,-0.,-1.));
#64 = ORIENTED_EDGE('',*,*,#65,.F.);
#65 = EDGE_CURVE('',#66,#56,#68,.T.);
#66 = VERTEX_POINT('',#67);
#67 = CARTESIAN_POINT('',(-3.,0.2,2.4));
#68 = LINE('',#69,#70);
#69 = CARTESIAN_POINT('',(-3.,0.2,2.4));
#70 = VECTOR('',#71,1.);
#71 = DIRECTION('',(0.,-1.,0.));
#72 = ORIENTED_EDGE('',*,*,#73,.T.);
#73 = EDGE_CURVE('',#66,#74,#76,.T.);
#74 = VERTEX_POINT('',#75);
#75 = CARTESIAN_POINT('',(-3.,0.2,1.6));
#76 = LINE('',#77,#78);
#77 = CARTESIAN_POINT('',(-3.,0.2,1.6));
#78 = VECTOR('',#79,1.);
#79 = DIRECTION('',(-0.,-0.,-1.));
#80 = ORIENTED_EDGE('',*,*,#81,.T.);
#81 = EDGE_CURVE('',#74,#58,#82,.T.);
#82 = LINE('',#83,#84);
#83 = CARTESIAN_POINT('',(-3.,0.2,1.6));
#84 = VECTOR('',#85,1.);
#85 = DIRECTION('',(0.,-1.,0.));
#86 = PLANE('',#87);
#87 = AXIS2_PLACEMENT_3D('',#88,#89,#90);
#88 = CARTESIAN_POINT('',(-3.,0.2,1.6));
#89 = DIRECTION('',(-1.,0.,0.));
#90 = DIRECTION('',(0.,0.,1.));
#91 = ADVANCED_FACE('',(#92),#117,.T.);
#92 = FACE_BOUND('',#93,.T.);
#93 = EDGE_LOOP('',(#94,#102,#110,#116));
#94 = ORIENTED_EDGE('',*,*,#95,.F.);
#95 = EDGE_CURVE('',#96,#56,#98,.T.);
#96 = VERTEX_POINT('',#97);
#97 = CARTESIAN_POINT('',(-1.95,0.,2.4));
#98 = LINE('',#99,#100);
#99 = CARTESIAN_POINT('',(-3.,0.,2.4));
#100 = VECTOR('',#101,1.);
#101 = DIRECTION('',(-1.,-0.,-0.));
#102 = ORIENTED_EDGE('',*,*,#103,.F.);
#103 = EDGE_CURVE('',#104,#96,#106,.T.);
#104 = VERTEX_POINT('',#105);
#105 = CARTESIAN_POINT('',(-1.95,0.2,2.4));
#106 = LINE('',#107,#108);
#107 = CARTESIAN_POINT('',(-1.95,0.2,2.4));
#108 = VECTOR('',#109,1.);
#109 = DIRECTION('',(0.,-1.,0.));
#110 = ORIENTED_EDGE('',*,*,#111,.T.);
#111 = EDGE_CURVE('',#104,#66,#112,.T.);
#112 = LINE('',#113,#114);
#113 = CARTESIAN_POINT('',(-3.,0.2,2.4));
#114 = VECTOR('',#115,1.);
#115 = DIRECTION('',(-1.,-0.,-0.));
#116 = ORIENTED_EDGE('',*,*,#65,.T.);
#117 = PLANE('',#118);
#118 = AXIS2_PLACEMENT_3D('',#119,#120,#121);
#119 = CARTESIAN_POINT('',(-3.,0.2,2.4));
#120 = DIRECTION('',(-0.,0.,1.));
#121 = DIRECTION('',(1.,0.,0.));
#122 = ADVANCED_FACE('',(#123),#148,.T.);
#123 = FACE_BOUND('',#124,.T.);
#124 = EDGE_LOOP('',(#125,#133,#141,#147));
#125 = ORIENTED_EDGE('',*,*,#126,.F.);
#126 = EDGE_CURVE('',#127,#96,#129,.T.);
#127 = VERTEX_POINT('',#128);
#128 = CARTESIAN_POINT('',(-1.95,0.,1.8));
#129 = LINE('',#130,#131);
#130 = CARTESIAN_POINT('',(-1.95,0.,2.4));
#131 = VECTOR('',#132,1.);
#132 = DIRECTION('',(-0.,-0.,1.));
#133 = ORIENTED_EDGE('',*,*,#134,.F.);
#134 = EDGE_CURVE('',#135,#127,#137,.T.);
#135 = VERTEX_POINT('',#136);
#136 = CARTESIAN_POINT('',(-1.95,0.2,1.8));
#137 = LINE('',#138,#139);
#138 = CARTESIAN_POINT('',(-1.95,0.2,1.8));
#139 = VECTOR('',#140,1.);
#140 = DIRECTION('',(0.,-1.,0.));
#141 = ORIENTED_EDGE('',*,*,#142,.T.);
#142 = EDGE_CURVE('',#135,#104,#143,.T.);
#143 = LINE('',#144,#145);
#144 = CARTESIAN_POINT('',(-1.95,0.2,2.4));
#145 = VECTOR('',#146,1.);
#146 = DIRECTION('',(-0.,-0.,1.));
#147 = ORIENTED_EDGE('',*,*,#103,.T.);
#148 = PLANE('',#149);
#149 = AXIS2_PLACEMENT_3D('',#150,#151,#152);
#150 = CARTESIAN_POINT('',(-1.95,0.2,2.4));
#151 = DIRECTION('',(1.,0.,0.));
#152 = DIRECTION('',(0.,0.,-1.));
#153 = ADVANCED_FACE('',(#154),#179,.T.);
#154 = FACE_BOUND('',#155,.T.);
#155 = EDGE_LOOP('',(#156,#164,#172,#178));
#156 = ORIENTED_EDGE('',*,*,#157,.F.);
#157 = EDGE_CURVE('',#158,#127,#160,.T.);
#158 = VERTEX_POINT('',#159);
#159 = CARTESIAN_POINT('',(-2.2,0.,1.8));
#160 = LINE('',#161,#162);
#161 = CARTESIAN_POINT('',(-1.95,0.,1.8));
#162 = VECTOR('',#163,1.);
#163 = DIRECTION('',(1.,-0.,-0.));
#164 = ORIENTED_EDGE('',*,*,#165,.F.);
#165 = EDGE_CURVE('',#166,#158,#168,.T.);
#166 = VERTEX_POINT('',#167);
#167 = CARTESIAN_POINT('',(-2.2,0.2,1.8));
#168 = LINE('',#169,#170);
#169 = CARTESIAN_POINT('',(-2.2,0.2,1.8));
#170 = VECTOR('',#171,1.);
#171 = DIRECTION('',(0.,-1.,0.));
#172 = ORIENTED_EDGE('',*,*,#173,.T.);
#173 = EDGE_CURVE('',#166,#135,#174,.T.);
#174 = LINE('',#175,#176);
#175 = CARTESIAN_POINT('',(-1.95,0.2,1.8));
#176 = VECTOR('',#177,1.);
#177 = DIRECTION('',(1.,-0.,-0.));
#178 = ORIENTED_EDGE('',*,*,#134,.T.);
#179 = PLANE('',#180);
#180 = AXIS2_PLACEMENT_3D('',#181,#182,#183);
#181 = CARTESIAN_POINT('',(-1.95,0.2,1.8));
#182 = DIRECTION('',(-0.,0.,-1.));
#183 = DIRECTION('',(-1.,0.,0.));
#184 = ADVANCED_FACE('',(#185),#210,.T.);
#185 = FACE_BOUND('',#186,.T.);
#186 = EDGE_LOOP('',(#187,#195,#203,#209));
#187 = ORIENTED_EDGE('',*,*,#188,.F.);
#188 = EDGE_CURVE('',#189,#158,#191,.T.);
#189 = VERTEX_POINT('',#190);
#190 = CARTESIAN_POINT('',(-2.55,0.,1.6));
#191 = LINE('',#192,#193);
#192 = CARTESIAN_POINT('',(-2.2,0.,1.8));
#193 = VECTOR('',#194,1.);
#194 = DIRECTION('',(0.868243142124,-0.,0.496138938357));
#195 = ORIENTED_EDGE('',*,*,#196,.F.);
#196 = EDGE_CURVE('',#197,#189,#199,.T.);
#197 = VERTEX_POINT('',#198);
#198 = CARTESIAN_POINT('',(-2.55,0.2,1.6));
#199 = LINE('',#200,#201);
#200 = CARTESIAN_POINT('',(-2.55,0.2,1.6));
#201 = VECTOR('',#202,1.);
#202 = DIRECTION('',(0.,-1.,0.));
#203 = ORIENTED_EDGE('',*,*,#204,.T.);
#204 = EDGE_CURVE('',#197,#166,#205,.T.);
#205 = LINE('',#206,#207);
#206 = CARTESIAN_POINT('',(-2.2,0.2,1.8));
#207 = VECTOR('',#208,1.);
#208 = DIRECTION('',(0.868243142124,-0.,0.496138938357));
#209 = ORIENTED_EDGE('',*,*,#165,.T.);
#210 = PLANE('',#211);
#211 = AXIS2_PLACEMENT_3D('',#212,#213,#214);
#212 = CARTESIAN_POINT('',(-2.2,0.2,1.8));
#213 = DIRECTION('',(0.496138938357,0.,-0.868243142124));
#214 = DIRECTION('',(-0.868243142124,0.,-0.496138938357));
#215 = ADVANCED_FACE('',(#216),#232,.T.);
#216 = FACE_BOUND('',#217,.T.);
#217 = EDGE_LOOP('',(#218,#224,#225,#231));
#218 = ORIENTED_EDGE('',*,*,#219,.F.);
#219 = EDGE_CURVE('',#58,#189,#220,.T.);
#220 = LINE('',#221,#222);
#221 = CARTESIAN_POINT('',(-2.55,0.,1.6));
#222 = VECTOR('',#223,1.);
#223 = DIRECTION('',(1.,-0.,4.818676322158E-16));
#224 = ORIENTED_EDGE('',*,*,#81,.F.);
#225 = ORIENTED_EDGE('',*,*,#226,.T.);
#226 = EDGE_CURVE('',#74,#197,#227,.T.);
#227 = LINE('',#228,#229);
#228 = CARTESIAN_POINT('',(-2.55,0.2,1.6));
#229 = VECTOR('',#230,1.);
#230 = DIRECTION('',(1.,-0.,4.818676322158E-16));
#231 = ORIENTED_EDGE('',*,*,#196,.T.);
#232 = PLANE('',#233);
#233 = AXIS2_PLACEMENT_3D('',#234,#235,#236);
#234 = CARTESIAN_POINT('',(-2.55,0.2,1.6));
#235 = DIRECTION('',(4.818676322158E-16,0.,-1.));
#236 = DIRECTION('',(-1.,0.,-4.818676322158E-16));
#237 = ADVANCED_FACE('',(#238),#246,.T.);
#238 = FACE_BOUND('',#239,.T.);
#239 = EDGE_LOOP('',(#240,#241,#242,#243,#244,#245));
#240 = ORIENTED_EDGE('',*,*,#73,.F.);
#241 = ORIENTED_EDGE('',*,*,#111,.F.);
#242 = ORIENTED_EDGE('',*,*,#142,.F.);
#243 = ORIENTED_EDGE('',*,*,#173,.F.);
#244 = ORIENTED_EDGE('',*,*,#204,.F.);
#245 = ORIENTED_EDGE('',*,*,#226,.F.);
#246 = PLANE('',#247);
#247 = AXIS2_PLACEMENT_3D('',#248,#249,#250);
#248 = CARTESIAN_POINT('',(0.,0.2,0.));
#249 = DIRECTION('',(0.,1.,0.));
#250 = DIRECTION('',(0.,-0.,1.));
#251 = ADVANCED_FACE('',(#252),#260,.F.);
#252 = FACE_BOUND('',#253,.T.);
#253 = EDGE_LOOP('',(#254,#255,#256,#257,#258,#259));
#254 = ORIENTED_EDGE('',*,*,#55,.T.);
#255 = ORIENTED_EDGE('',*,*,#219,.T.);
#256 = ORIENTED_EDGE('',*,*,#188,.T.);
#257 = ORIENTED_EDGE('',*,*,#157,.T.);
#258 = ORIENTED_EDGE('',*,*,#126,.T.);
#259 = ORIENTED_EDGE('',*,*,#95,.T.);
#260 = PLANE('',#261);
#261 = AXIS2_PLACEMENT_3D('',#262,#263,#264);
#262 = CARTESIAN_POINT('',(0.,0.,0.));
#263 = DIRECTION('',(0.,1.,0.));
#264 = DIRECTION('',(0.,-0.,1.));
#265 = MANIFOLD_SOLID_BREP('',#266);
#266 = CLOSED_SHELL('',(#267,#307,#338,#369,#400,#431,#453,#467));
#267 = ADVANCED_FACE('',(#268),#302,.T.);
#268 = FACE_BOUND('',#269,.T.);
#269 = EDGE_LOOP('',(#270,#280,#288,#296));
#270 = ORIENTED_EDGE('',*,*,#271,.F.);
#271 = EDGE_CURVE('',#272,#274,#276,.T.);
#272 = VERTEX_POINT('',#273);
#273 = CARTESIAN_POINT('',(-3.,-0.,-1.6));
#274 = VERTEX_POINT('',#275);
#275 = CARTESIAN_POINT('',(-3.,-0.,-2.4));
#276 = LINE('',#277,#278);
#277 = CARTESIAN_POINT('',(-3.,-0.,-1.6));
#278 = VECTOR('',#279,1.);
#279 = DIRECTION('',(0.,0.,-1.));
#280 = ORIENTED_EDGE('',*,*,#281,.F.);
#281 = EDGE_CURVE('',#282,#272,#284,.T.);
#282 = VERTEX_POINT('',#283);
#283 = CARTESIAN_POINT('',(-3.,0.2,-1.6));
#284 = LINE('',#285,#286);
#285 = CARTESIAN_POINT('',(-3.,0.2,-1.6));
#286 = VECTOR('',#287,1.);
#287 = DIRECTION('',(0.,-1.,0.));
#288 = ORIENTED_EDGE('',*,*,#289,.T.);
#289 = EDGE_CURVE('',#282,#290,#292,.T.);
#290 = VERTEX_POINT('',#291);
#291 = CARTESIAN_POINT('',(-3.,0.2,-2.4));
#292 = LINE('',#293,#294);
#293 = CARTESIAN_POINT('',(-3.,0.2,-1.6));
#294 = VECTOR('',#295,1.);
#295 = DIRECTION('',(0.,0.,-1.));
#296 = ORIENTED_EDGE('',*,*,#297,.T.);
#297 = EDGE_CURVE('',#290,#274,#298,.T.);
#298 = LINE('',#299,#300);
#299 = CARTESIAN_POINT('',(-3.,0.2,-2.4));
#300 = VECTOR('',#301,1.);
#301 = DIRECTION('',(0.,-1.,0.));
#302 = PLANE('',#303);
#303 = AXIS2_PLACEMENT_3D('',#304,#305,#306);
#304 = CARTESIAN_POINT('',(-3.,0.2,-1.6));
#305 = DIRECTION('',(-1.,0.,-0.));
#306 = DIRECTION('',(0.,0.,1.));
#307 = ADVANCED_FACE('',(#308),#333,.T.);
#308 = FACE_BOUND('',#309,.T.);
#309 = EDGE_LOOP('',(#310,#318,#326,#332));
#310 = ORIENTED_EDGE('',*,*,#311,.F.);
#311 = EDGE_CURVE('',#312,#272,#314,.T.);
#312 = VERTEX_POINT('',#313);
#313 = CARTESIAN_POINT('',(-2.55,-0.,-1.6));
#314 = LINE('',#315,#316);
#315 = CARTESIAN_POINT('',(-2.55,-0.,-1.6));
#316 = VECTOR('',#317,1.);
#317 = DIRECTION('',(-1.,0.,-9.637352644316E-16));
#318 = ORIENTED_EDGE('',*,*,#319,.F.);
#319 = EDGE_CURVE('',#320,#312,#322,.T.);
#320 = VERTEX_POINT('',#321);
#321 = CARTESIAN_POINT('',(-2.55,0.2,-1.6));
#322 = LINE('',#323,#324);
#323 = CARTESIAN_POINT('',(-2.55,0.2,-1.6));
#324 = VECTOR('',#325,1.);
#325 = DIRECTION('',(0.,-1.,0.));
#326 = ORIENTED_EDGE('',*,*,#327,.T.);
#327 = EDGE_CURVE('',#320,#282,#328,.T.);
#328 = LINE('',#329,#330);
#329 = CARTESIAN_POINT('',(-2.55,0.2,-1.6));
#330 = VECTOR('',#331,1.);
#331 = DIRECTION('',(-1.,0.,-9.637352644316E-16));
#332 = ORIENTED_EDGE('',*,*,#281,.T.);
#333 = PLANE('',#334);
#334 = AXIS2_PLACEMENT_3D('',#335,#336,#337);
#335 = CARTESIAN_POINT('',(-2.55,0.2,-1.6));
#336 = DIRECTION('',(-9.637352644316E-16,0.,1.));
#337 = DIRECTION('',(1.,0.,9.637352644316E-16));
#338 = ADVANCED_FACE('',(#339),#364,.T.);
#339 = FACE_BOUND('',#340,.T.);
#340 = EDGE_LOOP('',(#341,#349,#357,#363));
#341 = ORIENTED_EDGE('',*,*,#342,.F.);
#342 = EDGE_CURVE('',#343,#312,#345,.T.);
#343 = VERTEX_POINT('',#344);
#344 = CARTESIAN_POINT('',(-2.2,-0.,-1.8));
#345 = LINE('',#346,#347);
#346 = CARTESIAN_POINT('',(-2.2,-0.,-1.8));
#347 = VECTOR('',#348,1.);
#348 = DIRECTION('',(-0.868243142124,0.,0.496138938357));
#349 = ORIENTED_EDGE('',*,*,#350,.F.);
#350 = EDGE_CURVE('',#351,#343,#353,.T.);
#351 = VERTEX_POINT('',#352);
#352 = CARTESIAN_POINT('',(-2.2,0.2,-1.8));
#353 = LINE('',#354,#355);
#354 = CARTESIAN_POINT('',(-2.2,0.2,-1.8));
#355 = VECTOR('',#356,1.);
#356 = DIRECTION('',(0.,-1.,0.));
#357 = ORIENTED_EDGE('',*,*,#358,.T.);
#358 = EDGE_CURVE('',#351,#320,#359,.T.);
#359 = LINE('',#360,#361);
#360 = CARTESIAN_POINT('',(-2.2,0.2,-1.8));
#361 = VECTOR('',#362,1.);
#362 = DIRECTION('',(-0.868243142124,0.,0.496138938357));
#363 = ORIENTED_EDGE('',*,*,#319,.T.);
#364 = PLANE('',#365);
#365 = AXIS2_PLACEMENT_3D('',#366,#367,#368);
#366 = CARTESIAN_POINT('',(-2.2,0.2,-1.8));
#367 = DIRECTION('',(0.496138938357,0.,0.868243142124));
#368 = DIRECTION('',(0.868243142124,0.,-0.496138938357));
#369 = ADVANCED_FACE('',(#370),#395,.T.);
#370 = FACE_BOUND('',#371,.T.);
#371 = EDGE_LOOP('',(#372,#380,#388,#394));
#372 = ORIENTED_EDGE('',*,*,#373,.F.);
#373 = EDGE_CURVE('',#374,#343,#376,.T.);
#374 = VERTEX_POINT('',#375);
#375 = CARTESIAN_POINT('',(-1.95,-0.,-1.8));
#376 = LINE('',#377,#378);
#377 = CARTESIAN_POINT('',(-1.95,-0.,-1.8));
#378 = VECTOR('',#379,1.);
#379 = DIRECTION('',(-1.,0.,0.));
#380 = ORIENTED_EDGE('',*,*,#381,.F.);
#381 = EDGE_CURVE('',#382,#374,#384,.T.);
#382 = VERTEX_POINT('',#383);
#383 = CARTESIAN_POINT('',(-1.95,0.2,-1.8));
#384 = LINE('',#385,#386);
#385 = CARTESIAN_POINT('',(-1.95,0.2,-1.8));
#386 = VECTOR('',#387,1.);
#387 = DIRECTION('',(0.,-1.,0.));
#388 = ORIENTED_EDGE('',*,*,#389,.T.);
#389 = EDGE_CURVE('',#382,#351,#390,.T.);
#390 = LINE('',#391,#392);
#391 = CARTESIAN_POINT('',(-1.95,0.2,-1.8));
#392 = VECTOR('',#393,1.);
#393 = DIRECTION('',(-1.,0.,0.));
#394 = ORIENTED_EDGE('',*,*,#350,.T.);
#395 = PLANE('',#396);
#396 = AXIS2_PLACEMENT_3D('',#397,#398,#399);
#397 = CARTESIAN_POINT('',(-1.95,0.2,-1.8));
#398 = DIRECTION('',(0.,0.,1.));
#399 = DIRECTION('',(1.,0.,-0.));
#400 = ADVANCED_FACE('',(#401),#426,.T.);
#401 = FACE_BOUND('',#402,.T.);
#402 = EDGE_LOOP('',(#403,#411,#419,#425));
#403 = ORIENTED_EDGE('',*,*,#404,.F.);
#404 = EDGE_CURVE('',#405,#374,#407,.T.);
#405 = VERTEX_POINT('',#406);
#406 = CARTESIAN_POINT('',(-1.95,-0.,-2.4));
#407 = LINE('',#408,#409);
#408 = CARTESIAN_POINT('',(-1.95,-0.,-2.4));
#409 = VECTOR('',#410,1.);
#410 = DIRECTION('',(0.,0.,1.));
#411 = ORIENTED_EDGE('',*,*,#412,.F.);
#412 = EDGE_CURVE('',#413,#405,#415,.T.);
#413 = VERTEX_POINT('',#414);
#414 = CARTESIAN_POINT('',(-1.95,0.2,-2.4));
#415 = LINE('',#416,#417);
#416 = CARTESIAN_POINT('',(-1.95,0.2,-2.4));
#417 = VECTOR('',#418,1.);
#418 = DIRECTION('',(0.,-1.,0.));
#419 = ORIENTED_EDGE('',*,*,#420,.T.);
#420 = EDGE_CURVE('',#413,#382,#421,.T.);
#421 = LINE('',#422,#423);
#422 = CARTESIAN_POINT('',(-1.95,0.2,-2.4));
#423 = VECTOR('',#424,1.);
#424 = DIRECTION('',(0.,0.,1.));
#425 = ORIENTED_EDGE('',*,*,#381,.T.);
#426 = PLANE('',#427);
#427 = AXIS2_PLACEMENT_3D('',#428,#429,#430);
#428 = CARTESIAN_POINT('',(-1.95,0.2,-2.4));
#429 = DIRECTION('',(1.,0.,-0.));
#430 = DIRECTION('',(-0.,0.,-1.));
#431 = ADVANCED_FACE('',(#432),#448,.T.);
#432 = FACE_BOUND('',#433,.T.);
#433 = EDGE_LOOP('',(#434,#440,#441,#447));
#434 = ORIENTED_EDGE('',*,*,#435,.F.);
#435 = EDGE_CURVE('',#274,#405,#436,.T.);
#436 = LINE('',#437,#438);
#437 = CARTESIAN_POINT('',(-3.,-0.,-2.4));
#438 = VECTOR('',#439,1.);
#439 = DIRECTION('',(1.,0.,0.));
#440 = ORIENTED_EDGE('',*,*,#297,.F.);
#441 = ORIENTED_EDGE('',*,*,#442,.T.);
#442 = EDGE_CURVE('',#290,#413,#443,.T.);
#443 = LINE('',#444,#445);
#444 = CARTESIAN_POINT('',(-3.,0.2,-2.4));
#445 = VECTOR('',#446,1.);
#446 = DIRECTION('',(1.,0.,0.));
#447 = ORIENTED_EDGE('',*,*,#412,.T.);
#448 = PLANE('',#449);
#449 = AXIS2_PLACEMENT_3D('',#450,#451,#452);
#450 = CARTESIAN_POINT('',(-3.,0.2,-2.4));
#451 = DIRECTION('',(0.,0.,-1.));
#452 = DIRECTION('',(-1.,0.,-0.));
#453 = ADVANCED_FACE('',(#454),#462,.F.);
#454 = FACE_BOUND('',#455,.T.);
#455 = EDGE_LOOP('',(#456,#457,#458,#459,#460,#461));
#456 = ORIENTED_EDGE('',*,*,#289,.F.);
#457 = ORIENTED_EDGE('',*,*,#327,.F.);
#458 = ORIENTED_EDGE('',*,*,#358,.F.);
#459 = ORIENTED_EDGE('',*,*,#389,.F.);
#460 = ORIENTED_EDGE('',*,*,#420,.F.);
#461 = ORIENTED_EDGE('',*,*,#442,.F.);
#462 = PLANE('',#463);
#463 = AXIS2_PLACEMENT_3D('',#464,#465,#466);
#464 = CARTESIAN_POINT('',(0.,0.2,0.));
#465 = DIRECTION('',(0.,-1.,0.));
#466 = DIRECTION('',(0.,-0.,-1.));
#467 = ADVANCED_FACE('',(#468),#476,.T.);
#468 = FACE_BOUND('',#469,.T.);
#469 = EDGE_LOOP('',(#470,#471,#472,#473,#474,#475));
#470 = ORIENTED_EDGE('',*,*,#271,.T.);
#471 = ORIENTED_EDGE('',*,*,#435,.T.);
#472 = ORIENTED_EDGE('',*,*,#404,.T.);
#473 = ORIENTED_EDGE('',*,*,#373,.T.);
#474 = ORIENTED_EDGE('',*,*,#342,.T.);
#475 = ORIENTED_EDGE('',*,*,#311,.T.);
#476 = PLANE('',#477);
#477 = AXIS2_PLACEMENT_3D('',#478,#479,#480);
#478 = CARTESIAN_POINT('',(0.,0.,0.));
#479 = DIRECTION('',(0.,-1.,0.));
#480 = DIRECTION('',(0.,-0.,-1.));
#481 = MANIFOLD_SOLID_BREP('',#482);
#482 = CLOSED_SHELL('',(#483,#523,#554,#585,#616,#647,#669,#683));
#483 = ADVANCED_FACE('',(#484),#518,.T.);
#484 = FACE_BOUND('',#485,.T.);
#485 = EDGE_LOOP('',(#486,#496,#504,#512));
#486 = ORIENTED_EDGE('',*,*,#487,.F.);
#487 = EDGE_CURVE('',#488,#490,#492,.T.);
#488 = VERTEX_POINT('',#489);
#489 = CARTESIAN_POINT('',(3.,0.,1.6));
#490 = VERTEX_POINT('',#491);
#491 = CARTESIAN_POINT('',(3.,0.,2.4));
#492 = LINE('',#493,#494);
#493 = CARTESIAN_POINT('',(3.,0.,1.6));
#494 = VECTOR('',#495,1.);
#495 = DIRECTION('',(0.,0.,1.));
#496 = ORIENTED_EDGE('',*,*,#497,.F.);
#497 = EDGE_CURVE('',#498,#488,#500,.T.);
#498 = VERTEX_POINT('',#499);
#499 = CARTESIAN_POINT('',(3.,0.2,1.6));
#500 = LINE('',#501,#502);
#501 = CARTESIAN_POINT('',(3.,0.2,1.6));
#502 = VECTOR('',#503,1.);
#503 = DIRECTION('',(0.,-1.,0.));
#504 = ORIENTED_EDGE('',*,*,#505,.T.);
#505 = EDGE_CURVE('',#498,#506,#508,.T.);
#506 = VERTEX_POINT('',#507);
#507 = CARTESIAN_POINT('',(3.,0.2,2.4));
#508 = LINE('',#509,#510);
#509 = CARTESIAN_POINT('',(3.,0.2,1.6));
#510 = VECTOR('',#511,1.);
#511 = DIRECTION('',(0.,0.,1.));
#512 = ORIENTED_EDGE('',*,*,#513,.T.);
#513 = EDGE_CURVE('',#506,#490,#514,.T.);
#514 = LINE('',#515,#516);
#515 = CARTESIAN_POINT('',(3.,0.2,2.4));
#516 = VECTOR('',#517,1.);
#517 = DIRECTION('',(0.,-1.,0.));
#518 = PLANE('',#519);
#519 = AXIS2_PLACEMENT_3D('',#520,#521,#522);
#520 = CARTESIAN_POINT('',(3.,0.2,1.6));
#521 = DIRECTION('',(1.,0.,-0.));
#522 = DIRECTION('',(-0.,0.,-1.));
#523 = ADVANCED_FACE('',(#524),#549,.T.);
#524 = FACE_BOUND('',#525,.T.);
#525 = EDGE_LOOP('',(#526,#534,#542,#548));
#526 = ORIENTED_EDGE('',*,*,#527,.F.);
#527 = EDGE_CURVE('',#528,#488,#530,.T.);
#528 = VERTEX_POINT('',#529);
#529 = CARTESIAN_POINT('',(2.55,0.,1.6));
#530 = LINE('',#531,#532);
#531 = CARTESIAN_POINT('',(2.55,0.,1.6));
#532 = VECTOR('',#533,1.);
#533 = DIRECTION('',(1.,0.,-2.891205793295E-15));
#534 = ORIENTED_EDGE('',*,*,#535,.F.);
#535 = EDGE_CURVE('',#536,#528,#538,.T.);
#536 = VERTEX_POINT('',#537);
#537 = CARTESIAN_POINT('',(2.55,0.2,1.6));
#538 = LINE('',#539,#540);
#539 = CARTESIAN_POINT('',(2.55,0.2,1.6));
#540 = VECTOR('',#541,1.);
#541 = DIRECTION('',(0.,-1.,0.));
#542 = ORIENTED_EDGE('',*,*,#543,.T.);
#543 = EDGE_CURVE('',#536,#498,#544,.T.);
#544 = LINE('',#545,#546);
#545 = CARTESIAN_POINT('',(2.55,0.2,1.6));
#546 = VECTOR('',#547,1.);
#547 = DIRECTION('',(1.,0.,-2.891205793295E-15));
#548 = ORIENTED_EDGE('',*,*,#497,.T.);
#549 = PLANE('',#550);
#550 = AXIS2_PLACEMENT_3D('',#551,#552,#553);
#551 = CARTESIAN_POINT('',(2.55,0.2,1.6));
#552 = DIRECTION('',(-2.891205793295E-15,0.,-1.));
#553 = DIRECTION('',(-1.,0.,2.891205793295E-15));
#554 = ADVANCED_FACE('',(#555),#580,.T.);
#555 = FACE_BOUND('',#556,.T.);
#556 = EDGE_LOOP('',(#557,#565,#573,#579));
#557 = ORIENTED_EDGE('',*,*,#558,.F.);
#558 = EDGE_CURVE('',#559,#528,#561,.T.);
#559 = VERTEX_POINT('',#560);
#560 = CARTESIAN_POINT('',(2.2,0.,1.8));
#561 = LINE('',#562,#563);
#562 = CARTESIAN_POINT('',(2.2,0.,1.8));
#563 = VECTOR('',#564,1.);
#564 = DIRECTION('',(0.868243142124,0.,-0.496138938357));
#565 = ORIENTED_EDGE('',*,*,#566,.F.);
#566 = EDGE_CURVE('',#567,#559,#569,.T.);
#567 = VERTEX_POINT('',#568);
#568 = CARTESIAN_POINT('',(2.2,0.2,1.8));
#569 = LINE('',#570,#571);
#570 = CARTESIAN_POINT('',(2.2,0.2,1.8));
#571 = VECTOR('',#572,1.);
#572 = DIRECTION('',(0.,-1.,0.));
#573 = ORIENTED_EDGE('',*,*,#574,.T.);
#574 = EDGE_CURVE('',#567,#536,#575,.T.);
#575 = LINE('',#576,#577);
#576 = CARTESIAN_POINT('',(2.2,0.2,1.8));
#577 = VECTOR('',#578,1.);
#578 = DIRECTION('',(0.868243142124,0.,-0.496138938357));
#579 = ORIENTED_EDGE('',*,*,#535,.T.);
#580 = PLANE('',#581);
#581 = AXIS2_PLACEMENT_3D('',#582,#583,#584);
#582 = CARTESIAN_POINT('',(2.2,0.2,1.8));
#583 = DIRECTION('',(-0.496138938357,0.,-0.868243142124));
#584 = DIRECTION('',(-0.868243142124,0.,0.496138938357));
#585 = ADVANCED_FACE('',(#586),#611,.T.);
#586 = FACE_BOUND('',#587,.T.);
#587 = EDGE_LOOP('',(#588,#596,#604,#610));
#588 = ORIENTED_EDGE('',*,*,#589,.F.);
#589 = EDGE_CURVE('',#590,#559,#592,.T.);
#590 = VERTEX_POINT('',#591);
#591 = CARTESIAN_POINT('',(1.95,0.,1.8));
#592 = LINE('',#593,#594);
#593 = CARTESIAN_POINT('',(1.95,0.,1.8));
#594 = VECTOR('',#595,1.);
#595 = DIRECTION('',(1.,0.,0.));
#596 = ORIENTED_EDGE('',*,*,#597,.F.);
#597 = EDGE_CURVE('',#598,#590,#600,.T.);
#598 = VERTEX_POINT('',#599);
#599 = CARTESIAN_POINT('',(1.95,0.2,1.8));
#600 = LINE('',#601,#602);
#601 = CARTESIAN_POINT('',(1.95,0.2,1.8));
#602 = VECTOR('',#603,1.);
#603 = DIRECTION('',(0.,-1.,0.));
#604 = ORIENTED_EDGE('',*,*,#605,.T.);
#605 = EDGE_CURVE('',#598,#567,#606,.T.);
#606 = LINE('',#607,#608);
#607 = CARTESIAN_POINT('',(1.95,0.2,1.8));
#608 = VECTOR('',#609,1.);
#609 = DIRECTION('',(1.,0.,0.));
#610 = ORIENTED_EDGE('',*,*,#566,.T.);
#611 = PLANE('',#612);
#612 = AXIS2_PLACEMENT_3D('',#613,#614,#615);
#613 = CARTESIAN_POINT('',(1.95,0.2,1.8));
#614 = DIRECTION('',(0.,0.,-1.));
#615 = DIRECTION('',(-1.,0.,-0.));
#616 = ADVANCED_FACE('',(#617),#642,.T.);
#617 = FACE_BOUND('',#618,.T.);
#618 = EDGE_LOOP('',(#619,#627,#635,#641));
#619 = ORIENTED_EDGE('',*,*,#620,.F.);
#620 = EDGE_CURVE('',#621,#590,#623,.T.);
#621 = VERTEX_POINT('',#622);
#622 = CARTESIAN_POINT('',(1.95,0.,2.4));
#623 = LINE('',#624,#625);
#624 = CARTESIAN_POINT('',(1.95,0.,2.4));
#625 = VECTOR('',#626,1.);
#626 = DIRECTION('',(0.,0.,-1.));
#627 = ORIENTED_EDGE('',*,*,#628,.F.);
#628 = EDGE_CURVE('',#629,#621,#631,.T.);
#629 = VERTEX_POINT('',#630);
#630 = CARTESIAN_POINT('',(1.95,0.2,2.4));
#631 = LINE('',#632,#633);
#632 = CARTESIAN_POINT('',(1.95,0.2,2.4));
#633 = VECTOR('',#634,1.);
#634 = DIRECTION('',(0.,-1.,0.));
#635 = ORIENTED_EDGE('',*,*,#636,.T.);
#636 = EDGE_CURVE('',#629,#598,#637,.T.);
#637 = LINE('',#638,#639);
#638 = CARTESIAN_POINT('',(1.95,0.2,2.4));
#639 = VECTOR('',#640,1.);
#640 = DIRECTION('',(0.,0.,-1.));
#641 = ORIENTED_EDGE('',*,*,#597,.T.);
#642 = PLANE('',#643);
#643 = AXIS2_PLACEMENT_3D('',#644,#645,#646);
#644 = CARTESIAN_POINT('',(1.95,0.2,2.4));
#645 = DIRECTION('',(-1.,0.,-0.));
#646 = DIRECTION('',(0.,0.,1.));
#647 = ADVANCED_FACE('',(#648),#664,.T.);
#648 = FACE_BOUND('',#649,.T.);
#649 = EDGE_LOOP('',(#650,#656,#657,#663));
#650 = ORIENTED_EDGE('',*,*,#651,.F.);
#651 = EDGE_CURVE('',#490,#621,#652,.T.);
#652 = LINE('',#653,#654);
#653 = CARTESIAN_POINT('',(3.,0.,2.4));
#654 = VECTOR('',#655,1.);
#655 = DIRECTION('',(-1.,0.,0.));
#656 = ORIENTED_EDGE('',*,*,#513,.F.);
#657 = ORIENTED_EDGE('',*,*,#658,.T.);
#658 = EDGE_CURVE('',#506,#629,#659,.T.);
#659 = LINE('',#660,#661);
#660 = CARTESIAN_POINT('',(3.,0.2,2.4));
#661 = VECTOR('',#662,1.);
#662 = DIRECTION('',(-1.,0.,0.));
#663 = ORIENTED_EDGE('',*,*,#628,.T.);
#664 = PLANE('',#665);
#665 = AXIS2_PLACEMENT_3D('',#666,#667,#668);
#666 = CARTESIAN_POINT('',(3.,0.2,2.4));
#667 = DIRECTION('',(0.,0.,1.));
#668 = DIRECTION('',(1.,0.,-0.));
#669 = ADVANCED_FACE('',(#670),#678,.F.);
#670 = FACE_BOUND('',#671,.T.);
#671 = EDGE_LOOP('',(#672,#673,#674,#675,#676,#677));
#672 = ORIENTED_EDGE('',*,*,#505,.F.);
#673 = ORIENTED_EDGE('',*,*,#543,.F.);
#674 = ORIENTED_EDGE('',*,*,#574,.F.);
#675 = ORIENTED_EDGE('',*,*,#605,.F.);
#676 = ORIENTED_EDGE('',*,*,#636,.F.);
#677 = ORIENTED_EDGE('',*,*,#658,.F.);
#678 = PLANE('',#679);
#679 = AXIS2_PLACEMENT_3D('',#680,#681,#682);
#680 = CARTESIAN_POINT('',(0.,0.2,0.));
#681 = DIRECTION('',(0.,-1.,0.));
#682 = DIRECTION('',(0.,-0.,-1.));
#683 = ADVANCED_FACE('',(#684),#692,.T.);
#684 = FACE_BOUND('',#685,.T.);
#685 = EDGE_LOOP('',(#686,#687,#688,#689,#690,#691));
#686 = ORIENTED_EDGE('',*,*,#487,.T.);
#687 = ORIENTED_EDGE('',*,*,#651,.T.);
#688 = ORIENTED_EDGE('',*,*,#620,.T.);
#689 = ORIENTED_EDGE('',*,*,#589,.T.);
#690 = ORIENTED_EDGE('',*,*,#558,.T.);
#691 = ORIENTED_EDGE('',*,*,#527,.T.);
#692 = PLANE('',#693);
#693 = AXIS2_PLACEMENT_3D('',#694,#695,#696);
#694 = CARTESIAN_POINT('',(0.,0.,0.));
#695 = DIRECTION('',(0.,-1.,0.));
#696 = DIRECTION('',(0.,-0.,-1.));
#697 = MANIFOLD_SOLID_BREP('',#698);
#698 = CLOSED_SHELL('',(#699,#739,#770,#801,#832,#863,#885,#899));
#699 = ADVANCED_FACE('',(#700),#734,.T.);
#700 = FACE_BOUND('',#701,.T.);
#701 = EDGE_LOOP('',(#702,#712,#720,#728));
#702 = ORIENTED_EDGE('',*,*,#703,.F.);
#703 = EDGE_CURVE('',#704,#706,#708,.T.);
#704 = VERTEX_POINT('',#705);
#705 = CARTESIAN_POINT('',(3.,0.,-1.6));
#706 = VERTEX_POINT('',#707);
#707 = CARTESIAN_POINT('',(2.55,0.,-1.6));
#708 = LINE('',#709,#710);
#709 = CARTESIAN_POINT('',(2.55,0.,-1.6));
#710 = VECTOR('',#711,1.);
#711 = DIRECTION('',(-1.,-0.,3.37307342551E-15));
#712 = ORIENTED_EDGE('',*,*,#713,.F.);
#713 = EDGE_CURVE('',#714,#704,#716,.T.);
#714 = VERTEX_POINT('',#715);
#715 = CARTESIAN_POINT('',(3.,0.2,-1.6));
#716 = LINE('',#717,#718);
#717 = CARTESIAN_POINT('',(3.,0.2,-1.6));
#718 = VECTOR('',#719,1.);
#719 = DIRECTION('',(0.,-1.,0.));
#720 = ORIENTED_EDGE('',*,*,#721,.T.);
#721 = EDGE_CURVE('',#714,#722,#724,.T.);
#722 = VERTEX_POINT('',#723);
#723 = CARTESIAN_POINT('',(2.55,0.2,-1.6));
#724 = LINE('',#725,#726);
#725 = CARTESIAN_POINT('',(2.55,0.2,-1.6));
#726 = VECTOR('',#727,1.);
#727 = DIRECTION('',(-1.,-0.,3.37307342551E-15));
#728 = ORIENTED_EDGE('',*,*,#729,.T.);
#729 = EDGE_CURVE('',#722,#706,#730,.T.);
#730 = LINE('',#731,#732);
#731 = CARTESIAN_POINT('',(2.55,0.2,-1.6));
#732 = VECTOR('',#733,1.);
#733 = DIRECTION('',(0.,-1.,0.));
#734 = PLANE('',#735);
#735 = AXIS2_PLACEMENT_3D('',#736,#737,#738);
#736 = CARTESIAN_POINT('',(2.55,0.2,-1.6));
#737 = DIRECTION('',(3.37307342551E-15,0.,1.));
#738 = DIRECTION('',(1.,0.,-3.37307342551E-15));
#739 = ADVANCED_FACE('',(#740),#765,.T.);
#740 = FACE_BOUND('',#741,.T.);
#741 = EDGE_LOOP('',(#742,#750,#758,#764));
#742 = ORIENTED_EDGE('',*,*,#743,.F.);
#743 = EDGE_CURVE('',#744,#704,#746,.T.);
#744 = VERTEX_POINT('',#745);
#745 = CARTESIAN_POINT('',(3.,0.,-2.4));
#746 = LINE('',#747,#748);
#747 = CARTESIAN_POINT('',(3.,0.,-1.6));
#748 = VECTOR('',#749,1.);
#749 = DIRECTION('',(-0.,-0.,1.));
#750 = ORIENTED_EDGE('',*,*,#751,.F.);
#751 = EDGE_CURVE('',#752,#744,#754,.T.);
#752 = VERTEX_POINT('',#753);
#753 = CARTESIAN_POINT('',(3.,0.2,-2.4));
#754 = LINE('',#755,#756);
#755 = CARTESIAN_POINT('',(3.,0.2,-2.4));
#756 = VECTOR('',#757,1.);
#757 = DIRECTION('',(0.,-1.,0.));
#758 = ORIENTED_EDGE('',*,*,#759,.T.);
#759 = EDGE_CURVE('',#752,#714,#760,.T.);
#760 = LINE('',#761,#762);
#761 = CARTESIAN_POINT('',(3.,0.2,-1.6));
#762 = VECTOR('',#763,1.);
#763 = DIRECTION('',(-0.,-0.,1.));
#764 = ORIENTED_EDGE('',*,*,#713,.T.);
#765 = PLANE('',#766);
#766 = AXIS2_PLACEMENT_3D('',#767,#768,#769);
#767 = CARTESIAN_POINT('',(3.,0.2,-1.6));
#768 = DIRECTION('',(1.,0.,0.));
#769 = DIRECTION('',(0.,0.,-1.));
#770 = ADVANCED_FACE('',(#771),#796,.T.);
#771 = FACE_BOUND('',#772,.T.);
#772 = EDGE_LOOP('',(#773,#781,#789,#795));
#773 = ORIENTED_EDGE('',*,*,#774,.F.);
#774 = EDGE_CURVE('',#775,#744,#777,.T.);
#775 = VERTEX_POINT('',#776);
#776 = CARTESIAN_POINT('',(1.95,0.,-2.4));
#777 = LINE('',#778,#779);
#778 = CARTESIAN_POINT('',(3.,0.,-2.4));
#779 = VECTOR('',#780,1.);
#780 = DIRECTION('',(1.,-0.,4.130293990421E-16));
#781 = ORIENTED_EDGE('',*,*,#782,.F.);
#782 = EDGE_CURVE('',#783,#775,#785,.T.);
#783 = VERTEX_POINT('',#784);
#784 = CARTESIAN_POINT('',(1.95,0.2,-2.4));
#785 = LINE('',#786,#787);
#786 = CARTESIAN_POINT('',(1.95,0.2,-2.4));
#787 = VECTOR('',#788,1.);
#788 = DIRECTION('',(0.,-1.,0.));
#789 = ORIENTED_EDGE('',*,*,#790,.T.);
#790 = EDGE_CURVE('',#783,#752,#791,.T.);
#791 = LINE('',#792,#793);
#792 = CARTESIAN_POINT('',(3.,0.2,-2.4));
#793 = VECTOR('',#794,1.);
#794 = DIRECTION('',(1.,-0.,4.130293990421E-16));
#795 = ORIENTED_EDGE('',*,*,#751,.T.);
#796 = PLANE('',#797);
#797 = AXIS2_PLACEMENT_3D('',#798,#799,#800);
#798 = CARTESIAN_POINT('',(3.,0.2,-2.4));
#799 = DIRECTION('',(4.130293990421E-16,0.,-1.));
#800 = DIRECTION('',(-1.,0.,-4.130293990421E-16));
#801 = ADVANCED_FACE('',(#802),#827,.T.);
#802 = FACE_BOUND('',#803,.T.);
#803 = EDGE_LOOP('',(#804,#812,#820,#826));
#804 = ORIENTED_EDGE('',*,*,#805,.F.);
#805 = EDGE_CURVE('',#806,#775,#808,.T.);
#806 = VERTEX_POINT('',#807);
#807 = CARTESIAN_POINT('',(1.95,0.,-1.8));
#808 = LINE('',#809,#810);
#809 = CARTESIAN_POINT('',(1.95,0.,-2.4));
#810 = VECTOR('',#811,1.);
#811 = DIRECTION('',(1.084202172486E-15,-0.,-1.));
#812 = ORIENTED_EDGE('',*,*,#813,.F.);
#813 = EDGE_CURVE('',#814,#806,#816,.T.);
#814 = VERTEX_POINT('',#815);
#815 = CARTESIAN_POINT('',(1.95,0.2,-1.8));
#816 = LINE('',#817,#818);
#817 = CARTESIAN_POINT('',(1.95,0.2,-1.8));
#818 = VECTOR('',#819,1.);
#819 = DIRECTION('',(0.,-1.,0.));
#820 = ORIENTED_EDGE('',*,*,#821,.T.);
#821 = EDGE_CURVE('',#814,#783,#822,.T.);
#822 = LINE('',#823,#824);
#823 = CARTESIAN_POINT('',(1.95,0.2,-2.4));
#824 = VECTOR('',#825,1.);
#825 = DIRECTION('',(1.084202172486E-15,-0.,-1.));
#826 = ORIENTED_EDGE('',*,*,#782,.T.);
#827 = PLANE('',#828);
#828 = AXIS2_PLACEMENT_3D('',#829,#830,#831);
#829 = CARTESIAN_POINT('',(1.95,0.2,-2.4));
#830 = DIRECTION('',(-1.,0.,-1.084202172486E-15));
#831 = DIRECTION('',(-1.084202172486E-15,0.,1.));
#832 = ADVANCED_FACE('',(#833),#858,.T.);
#833 = FACE_BOUND('',#834,.T.);
#834 = EDGE_LOOP('',(#835,#843,#851,#857));
#835 = ORIENTED_EDGE('',*,*,#836,.F.);
#836 = EDGE_CURVE('',#837,#806,#839,.T.);
#837 = VERTEX_POINT('',#838);
#838 = CARTESIAN_POINT('',(2.2,0.,-1.8));
#839 = LINE('',#840,#841);
#840 = CARTESIAN_POINT('',(1.95,0.,-1.8));
#841 = VECTOR('',#842,1.);
#842 = DIRECTION('',(-1.,-0.,-0.));
#843 = ORIENTED_EDGE('',*,*,#844,.F.);
#844 = EDGE_CURVE('',#845,#837,#847,.T.);
#845 = VERTEX_POINT('',#846);
#846 = CARTESIAN_POINT('',(2.2,0.2,-1.8));
#847 = LINE('',#848,#849);
#848 = CARTESIAN_POINT('',(2.2,0.2,-1.8));
#849 = VECTOR('',#850,1.);
#850 = DIRECTION('',(0.,-1.,0.));
#851 = ORIENTED_EDGE('',*,*,#852,.T.);
#852 = EDGE_CURVE('',#845,#814,#853,.T.);
#853 = LINE('',#854,#855);
#854 = CARTESIAN_POINT('',(1.95,0.2,-1.8));
#855 = VECTOR('',#856,1.);
#856 = DIRECTION('',(-1.,-0.,-0.));
#857 = ORIENTED_EDGE('',*,*,#813,.T.);
#858 = PLANE('',#859);
#859 = AXIS2_PLACEMENT_3D('',#860,#861,#862);
#860 = CARTESIAN_POINT('',(1.95,0.2,-1.8));
#861 = DIRECTION('',(-0.,0.,1.));
#862 = DIRECTION('',(1.,0.,0.));
#863 = ADVANCED_FACE('',(#864),#880,.T.);
#864 = FACE_BOUND('',#865,.T.);
#865 = EDGE_LOOP('',(#866,#872,#873,#879));
#866 = ORIENTED_EDGE('',*,*,#867,.F.);
#867 = EDGE_CURVE('',#706,#837,#868,.T.);
#868 = LINE('',#869,#870);
#869 = CARTESIAN_POINT('',(2.2,0.,-1.8));
#870 = VECTOR('',#871,1.);
#871 = DIRECTION('',(-0.868243142124,-0.,-0.496138938357));
#872 = ORIENTED_EDGE('',*,*,#729,.F.);
#873 = ORIENTED_EDGE('',*,*,#874,.T.);
#874 = EDGE_CURVE('',#722,#845,#875,.T.);
#875 = LINE('',#876,#877);
#876 = CARTESIAN_POINT('',(2.2,0.2,-1.8));
#877 = VECTOR('',#878,1.);
#878 = DIRECTION('',(-0.868243142124,-0.,-0.496138938357));
#879 = ORIENTED_EDGE('',*,*,#844,.T.);
#880 = PLANE('',#881);
#881 = AXIS2_PLACEMENT_3D('',#882,#883,#884);
#882 = CARTESIAN_POINT('',(2.2,0.2,-1.8));
#883 = DIRECTION('',(-0.496138938357,0.,0.868243142124));
#884 = DIRECTION('',(0.868243142124,0.,0.496138938357));
#885 = ADVANCED_FACE('',(#886),#894,.T.);
#886 = FACE_BOUND('',#887,.T.);
#887 = EDGE_LOOP('',(#888,#889,#890,#891,#892,#893));
#888 = ORIENTED_EDGE('',*,*,#721,.F.);
#889 = ORIENTED_EDGE('',*,*,#759,.F.);
#890 = ORIENTED_EDGE('',*,*,#790,.F.);
#891 = ORIENTED_EDGE('',*,*,#821,.F.);
#892 = ORIENTED_EDGE('',*,*,#852,.F.);
#893 = ORIENTED_EDGE('',*,*,#874,.F.);
#894 = PLANE('',#895);
#895 = AXIS2_PLACEMENT_3D('',#896,#897,#898);
#896 = CARTESIAN_POINT('',(0.,0.2,0.));
#897 = DIRECTION('',(0.,1.,0.));
#898 = DIRECTION('',(0.,-0.,1.));
#899 = ADVANCED_FACE('',(#900),#908,.F.);
#900 = FACE_BOUND('',#901,.T.);
#901 = EDGE_LOOP('',(#902,#903,#904,#905,#906,#907));
#902 = ORIENTED_EDGE('',*,*,#703,.T.);
#903 = ORIENTED_EDGE('',*,*,#867,.T.);
#904 = ORIENTED_EDGE('',*,*,#836,.T.);
#905 = ORIENTED_EDGE('',*,*,#805,.T.);
#906 = ORIENTED_EDGE('',*,*,#774,.T.);
#907 = ORIENTED_EDGE('',*,*,#743,.T.);
#908 = PLANE('',#909);
#909 = AXIS2_PLACEMENT_3D('',#910,#911,#912);
#910 = CARTESIAN_POINT('',(0.,0.,0.));
#911 = DIRECTION('',(0.,1.,0.));
#912 = DIRECTION('',(0.,-0.,1.));
#913 = MANIFOLD_SOLID_BREP('',#914);
#914 = CLOSED_SHELL('',(#915,#971,#1013,#1055,#1097,#1135,#1383,#1414,
    #1438,#1462,#1479,#1497,#1530,#1561,#1612,#1699,#1730,#1817,#1842,
    #1866,#1899,#2168,#2201,#2225,#2250,#2377,#2402,#2426,#2459,#2712,
    #2928,#2948,#2980,#3020,#3045,#3079,#3153,#3177,#3202,#3227,#3251,
    #3277,#3303,#3320,#3351,#3384,#3401,#3425,#3499,#3526,#3558,#3598,
    #3623,#3674,#3699,#3723,#3754,#3778,#3802,#3828,#3853,#3878,#3911,
    #3943,#3983,#4008,#4042,#4067,#4100,#4132,#4150,#4181,#4205,#4229,
    #4253,#4278,#4311,#4344,#4410,#4434,#4452,#4476,#4507,#4540,#4557,
    #4581,#4647,#4674,#4706,#4746,#4771,#4822,#4847,#4871,#4902,#4926,
    #4950,#4976,#5001,#5026,#5059,#5092,#5117,#5150,#5168,#5199,#5223,
    #5247,#5271,#5296,#5327,#5351,#5375,#5392,#5423,#5447,#5471,#5488,
    #5519,#5543,#5567,#5584,#5615,#5639,#5663,#5680,#5711,#5735,#5759,
    #5776,#5807,#5831,#5855,#5872,#5890,#5907,#5924,#5936,#5953,#6000,
    #6034,#6074,#6099,#6116,#6129,#6152,#6164,#6176,#6223,#6257,#6297,
    #6322,#6339,#6356,#6368,#6409,#6433,#6467,#6484,#6501,#6518,#6530,
    #6547,#6565,#6577,#6594,#6643,#6668,#6708,#6742,#6782,#6805,#6817,
    #6829,#6854,#6894,#6928,#6968,#6985,#7002,#7014,#7055,#7079,#7113,
    #7130,#7147,#7159,#7171,#7183,#7195,#7207,#7219,#7229,#7268,#7319,
    #7358,#7409,#7426,#7458,#7490,#7507,#7558,#7609,#7626,#7643,#7664,
    #7681,#7702,#7721,#7742,#7801,#7820,#7838,#7859,#7879,#7896,#7908,
    #7929,#7959,#7975,#7985,#8008,#8024,#8035,#8075,#8106,#8135,#8154,
    #8194,#8232,#8254,#8273,#8285,#8297,#8310,#8323,#8334,#8345,#8383,
    #8414,#8445,#8464,#8502,#8542,#8564,#8583,#8595,#8607,#8620,#8633,
    #8644));
#915 = ADVANCED_FACE('',(#916),#954,.T.);
#916 = FACE_BOUND('',#917,.T.);
#917 = EDGE_LOOP('',(#918,#929,#938,#947));
#918 = ORIENTED_EDGE('',*,*,#919,.F.);
#919 = EDGE_CURVE('',#920,#922,#924,.T.);
#920 = VERTEX_POINT('',#921);
#921 = CARTESIAN_POINT('',(-1.5,2.4,1.653279245648E-16));
#922 = VERTEX_POINT('',#923);
#923 = CARTESIAN_POINT('',(1.5,2.4,-1.836909530734E-17));
#924 = CIRCLE('',#925,1.5);
#925 = AXIS2_PLACEMENT_3D('',#926,#927,#928);
#926 = CARTESIAN_POINT('',(2.545260220783E-16,2.4,-1.836909530734E-17));
#927 = DIRECTION('',(-2.313872927984E-16,-1.,0.));
#928 = DIRECTION('',(1.,-2.313872927984E-16,0.));
#929 = ORIENTED_EDGE('',*,*,#930,.T.);
#930 = EDGE_CURVE('',#920,#931,#933,.T.);
#931 = VERTEX_POINT('',#932);
#932 = CARTESIAN_POINT('',(-1.4,2.5,1.555307501716E-16));
#933 = CIRCLE('',#934,1.E-01);
#934 = AXIS2_PLACEMENT_3D('',#935,#936,#937);
#935 = CARTESIAN_POINT('',(-1.4,2.4,1.530814565733E-16));
#936 = DIRECTION('',(-1.224646799147E-16,2.83367707489E-32,-1.));
#937 = DIRECTION('',(-1.,6.077163357286E-64,1.224646799147E-16));
#938 = ORIENTED_EDGE('',*,*,#939,.T.);
#939 = EDGE_CURVE('',#931,#940,#942,.T.);
#940 = VERTEX_POINT('',#941);
#941 = CARTESIAN_POINT('',(1.4,2.5,-1.836909530734E-17));
#942 = ( BOUNDED_CURVE() B_SPLINE_CURVE(3,(#943,#944,#945,#946),
.UNSPECIFIED.,.F.,.F.) B_SPLINE_CURVE_WITH_KNOTS((4,4),(0.,1.),
.PIECEWISE_BEZIER_KNOTS.) CURVE() GEOMETRIC_REPRESENTATION_ITEM() 
RATIONAL_B_SPLINE_CURVE((1.,0.333333333333,0.333333333333,1.)) 
REPRESENTATION_ITEM('') );
#943 = CARTESIAN_POINT('',(-1.4,2.5,1.555307501716E-16));
#944 = CARTESIAN_POINT('',(-1.4,2.5,-2.8));
#945 = CARTESIAN_POINT('',(1.4,2.5,-2.8));
#946 = CARTESIAN_POINT('',(1.4,2.5,-1.836909530734E-17));
#947 = ORIENTED_EDGE('',*,*,#948,.F.);
#948 = EDGE_CURVE('',#922,#940,#949,.T.);
#949 = CIRCLE('',#950,1.E-01);
#950 = AXIS2_PLACEMENT_3D('',#951,#952,#953);
#951 = CARTESIAN_POINT('',(1.4,2.4,-1.836909530734E-17));
#952 = DIRECTION('',(0.,0.,1.));
#953 = DIRECTION('',(1.,0.,-0.));
#954 = ( BOUNDED_SURFACE() B_SPLINE_SURFACE(3,3,(
    (#955,#956,#957,#958)
    ,(#959,#960,#961,#962)
    ,(#963,#964,#965,#966)
    ,(#967,#968,#969,#970
)),.UNSPECIFIED.,.F.,.F.,.F.) B_SPLINE_SURFACE_WITH_KNOTS((4,4),(4,4),(
    0.,1.),(0.,1.),.PIECEWISE_BEZIER_KNOTS.) 
GEOMETRIC_REPRESENTATION_ITEM() RATIONAL_B_SPLINE_SURFACE((
    (1.,0.333333333333,0.333333333333,1.)
    ,(0.804737854124,0.268245951375,0.268245951375,0.804737854124)
    ,(0.804737854124,0.268245951375,0.268245951375,0.804737854124)
,(1.,0.333333333333,0.333333333333,1.
))) REPRESENTATION_ITEM('') SURFACE() );
#955 = CARTESIAN_POINT('',(-1.5,2.4,1.653279245648E-16));
#956 = CARTESIAN_POINT('',(-1.5,2.4,-3.));
#957 = CARTESIAN_POINT('',(1.5,2.4,-3.));
#958 = CARTESIAN_POINT('',(1.5,2.4,-3.857631350515E-16));
#959 = CARTESIAN_POINT('',(-1.5,2.458578643763,1.653279245648E-16));
#960 = CARTESIAN_POINT('',(-1.5,2.458578643763,-3.));
#961 = CARTESIAN_POINT('',(1.5,2.458578643763,-3.));
#962 = CARTESIAN_POINT('',(1.5,2.458578643763,-3.857631350515E-16));
#963 = CARTESIAN_POINT('',(-1.458578643763,2.5,1.602552714315E-16));
#964 = CARTESIAN_POINT('',(-1.458578643763,2.5,-2.917157287525));
#965 = CARTESIAN_POINT('',(1.458578643763,2.5,-2.917157287525));
#966 = CARTESIAN_POINT('',(1.458578643763,2.5,-3.756178287851E-16));
#967 = CARTESIAN_POINT('',(-1.4,2.5,1.530814565733E-16));
#968 = CARTESIAN_POINT('',(-1.4,2.5,-2.8));
#969 = CARTESIAN_POINT('',(1.4,2.5,-2.8));
#970 = CARTESIAN_POINT('',(1.4,2.5,-3.612701990686E-16));
#971 = ADVANCED_FACE('',(#972),#1008,.F.);
#972 = FACE_BOUND('',#973,.F.);
#973 = EDGE_LOOP('',(#974,#984,#993,#1001));
#974 = ORIENTED_EDGE('',*,*,#975,.T.);
#975 = EDGE_CURVE('',#976,#978,#980,.T.);
#976 = VERTEX_POINT('',#977);
#977 = CARTESIAN_POINT('',(0.,5.E-02,1.25));
#978 = VERTEX_POINT('',#979);
#979 = CARTESIAN_POINT('',(0.,0.,1.25));
#980 = LINE('',#981,#982);
#981 = CARTESIAN_POINT('',(0.,5.E-02,1.25));
#982 = VECTOR('',#983,1.);
#983 = DIRECTION('',(-0.,-1.,-0.));
#984 = ORIENTED_EDGE('',*,*,#985,.T.);
#985 = EDGE_CURVE('',#978,#986,#988,.T.);
#986 = VERTEX_POINT('',#987);
#987 = CARTESIAN_POINT('',(5.510910596163E-17,0.,2.15));
#988 = CIRCLE('',#989,0.45);
#989 = AXIS2_PLACEMENT_3D('',#990,#991,#992);
#990 = CARTESIAN_POINT('',(0.,0.,1.7));
#991 = DIRECTION('',(0.,1.,0.));
#992 = DIRECTION('',(0.,0.,-1.));
#993 = ORIENTED_EDGE('',*,*,#994,.F.);
#994 = EDGE_CURVE('',#995,#986,#997,.T.);
#995 = VERTEX_POINT('',#996);
#996 = CARTESIAN_POINT('',(5.510910596163E-17,5.E-02,2.15));
#997 = LINE('',#998,#999);
#998 = CARTESIAN_POINT('',(5.510910596163E-17,5.E-02,2.15));
#999 = VECTOR('',#1000,1.);
#1000 = DIRECTION('',(-0.,-1.,-0.));
#1001 = ORIENTED_EDGE('',*,*,#1002,.T.);
#1002 = EDGE_CURVE('',#995,#976,#1003,.T.);
#1003 = CIRCLE('',#1004,0.45);
#1004 = AXIS2_PLACEMENT_3D('',#1005,#1006,#1007);
#1005 = CARTESIAN_POINT('',(0.,5.E-02,1.7));
#1006 = DIRECTION('',(0.,-1.,-0.));
#1007 = DIRECTION('',(0.,0.,-1.));
#1008 = CYLINDRICAL_SURFACE('',#1009,0.45);
#1009 = AXIS2_PLACEMENT_3D('',#1010,#1011,#1012);
#1010 = CARTESIAN_POINT('',(0.,5.E-02,1.7));
#1011 = DIRECTION('',(-0.,-1.,-0.));
#1012 = DIRECTION('',(0.,0.,-1.));
#1013 = ADVANCED_FACE('',(#1014),#1050,.F.);
#1014 = FACE_BOUND('',#1015,.F.);
#1015 = EDGE_LOOP('',(#1016,#1026,#1035,#1043));
#1016 = ORIENTED_EDGE('',*,*,#1017,.T.);
#1017 = EDGE_CURVE('',#1018,#1020,#1022,.T.);
#1018 = VERTEX_POINT('',#1019);
#1019 = CARTESIAN_POINT('',(0.250000000023,0.240000000019,1.7));
#1020 = VERTEX_POINT('',#1021);
#1021 = CARTESIAN_POINT('',(0.350000000055,4.999999998745E-02,1.7));
#1022 = LINE('',#1023,#1024);
#1023 = CARTESIAN_POINT('',(0.350000000055,4.999999998745E-02,1.7));
#1024 = VECTOR('',#1025,1.);
#1025 = DIRECTION('',(0.465746432887,-0.884918222353,0.));
#1026 = ORIENTED_EDGE('',*,*,#1027,.T.);
#1027 = EDGE_CURVE('',#1020,#1028,#1030,.T.);
#1028 = VERTEX_POINT('',#1029);
#1029 = CARTESIAN_POINT('',(-0.350000000055,4.999999998745E-02,1.7));
#1030 = CIRCLE('',#1031,0.350000000055);
#1031 = AXIS2_PLACEMENT_3D('',#1032,#1033,#1034);
#1032 = CARTESIAN_POINT('',(0.,4.999999998745E-02,1.7));
#1033 = DIRECTION('',(9.680376538537E-18,1.,0.));
#1034 = DIRECTION('',(1.,-9.680376538537E-18,0.));
#1035 = ORIENTED_EDGE('',*,*,#1036,.F.);
#1036 = EDGE_CURVE('',#1037,#1028,#1039,.T.);
#1037 = VERTEX_POINT('',#1038);
#1038 = CARTESIAN_POINT('',(-0.250000000023,0.240000000019,1.7));
#1039 = LINE('',#1040,#1041);
#1040 = CARTESIAN_POINT('',(-0.350000000055,4.999999998745E-02,1.7));
#1041 = VECTOR('',#1042,1.);
#1042 = DIRECTION('',(-0.465746432887,-0.884918222353,5.703748782496E-17
    ));
#1043 = ORIENTED_EDGE('',*,*,#1044,.T.);
#1044 = EDGE_CURVE('',#1037,#1018,#1045,.T.);
#1045 = CIRCLE('',#1046,0.250000000023);
#1046 = AXIS2_PLACEMENT_3D('',#1047,#1048,#1049);
#1047 = CARTESIAN_POINT('',(1.839271542631E-18,0.240000000019,1.7));
#1048 = DIRECTION('',(-9.680376538537E-18,-1.,0.));
#1049 = DIRECTION('',(1.,-9.680376538537E-18,0.));
#1050 = CONICAL_SURFACE('',#1051,0.350000000055,0.484477929099);
#1051 = AXIS2_PLACEMENT_3D('',#1052,#1053,#1054);
#1052 = CARTESIAN_POINT('',(0.,4.999999998745E-02,1.7));
#1053 = DIRECTION('',(-9.680376538537E-18,-1.,0.));
#1054 = DIRECTION('',(1.,-9.680376538537E-18,0.));
#1055 = ADVANCED_FACE('',(#1056),#1092,.F.);
#1056 = FACE_BOUND('',#1057,.F.);
#1057 = EDGE_LOOP('',(#1058,#1068,#1077,#1085));
#1058 = ORIENTED_EDGE('',*,*,#1059,.T.);
#1059 = EDGE_CURVE('',#1060,#1062,#1064,.T.);
#1060 = VERTEX_POINT('',#1061);
#1061 = CARTESIAN_POINT('',(-9.905539167793E-18,1.65,1.9));
#1062 = VERTEX_POINT('',#1063);
#1063 = CARTESIAN_POINT('',(-9.905539167793E-18,1.8,1.9));
#1064 = LINE('',#1065,#1066);
#1065 = CARTESIAN_POINT('',(-9.905539167793E-18,1.65,1.9));
#1066 = VECTOR('',#1067,1.);
#1067 = DIRECTION('',(0.,1.,0.));
#1068 = ORIENTED_EDGE('',*,*,#1069,.T.);
#1069 = EDGE_CURVE('',#1062,#1070,#1072,.T.);
#1070 = VERTEX_POINT('',#1071);
#1071 = CARTESIAN_POINT('',(2.227773526702E-16,1.8,-1.9));
#1072 = CIRCLE('',#1073,1.9);
#1073 = AXIS2_PLACEMENT_3D('',#1074,#1075,#1076);
#1074 = CARTESIAN_POINT('',(-9.905539167793E-18,1.8,0.));
#1075 = DIRECTION('',(0.,-1.,0.));
#1076 = DIRECTION('',(0.,0.,1.));
#1077 = ORIENTED_EDGE('',*,*,#1078,.F.);
#1078 = EDGE_CURVE('',#1079,#1070,#1081,.T.);
#1079 = VERTEX_POINT('',#1080);
#1080 = CARTESIAN_POINT('',(2.227773526702E-16,1.65,-1.9));
#1081 = LINE('',#1082,#1083);
#1082 = CARTESIAN_POINT('',(2.227773526702E-16,1.65,-1.9));
#1083 = VECTOR('',#1084,1.);
#1084 = DIRECTION('',(0.,1.,0.));
#1085 = ORIENTED_EDGE('',*,*,#1086,.T.);
#1086 = EDGE_CURVE('',#1079,#1060,#1087,.T.);
#1087 = CIRCLE('',#1088,1.9);
#1088 = AXIS2_PLACEMENT_3D('',#1089,#1090,#1091);
#1089 = CARTESIAN_POINT('',(-9.905539167793E-18,1.65,0.));
#1090 = DIRECTION('',(0.,1.,0.));
#1091 = DIRECTION('',(0.,-0.,1.));
#1092 = CYLINDRICAL_SURFACE('',#1093,1.9);
#1093 = AXIS2_PLACEMENT_3D('',#1094,#1095,#1096);
#1094 = CARTESIAN_POINT('',(-9.905539167793E-18,1.65,0.));
#1095 = DIRECTION('',(0.,1.,0.));
#1096 = DIRECTION('',(0.,-0.,1.));
#1097 = ADVANCED_FACE('',(#1098),#1130,.T.);
#1098 = FACE_BOUND('',#1099,.T.);
#1099 = EDGE_LOOP('',(#1100,#1107,#1115,#1124));
#1100 = ORIENTED_EDGE('',*,*,#1101,.T.);
#1101 = EDGE_CURVE('',#922,#920,#1102,.T.);
#1102 = CIRCLE('',#1103,1.5);
#1103 = AXIS2_PLACEMENT_3D('',#1104,#1105,#1106);
#1104 = CARTESIAN_POINT('',(2.545260220783E-16,2.4,-1.836909530734E-17)
  );
#1105 = DIRECTION('',(-2.313872927984E-16,-1.,0.));
#1106 = DIRECTION('',(1.,-2.313872927984E-16,0.));
#1107 = ORIENTED_EDGE('',*,*,#1108,.T.);
#1108 = EDGE_CURVE('',#920,#1109,#1111,.T.);
#1109 = VERTEX_POINT('',#1110);
#1110 = CARTESIAN_POINT('',(-1.5,1.65,1.653279245648E-16));
#1111 = LINE('',#1112,#1113);
#1112 = CARTESIAN_POINT('',(-1.5,1.3,1.653279245648E-16));
#1113 = VECTOR('',#1114,1.);
#1114 = DIRECTION('',(-2.313872927984E-16,-1.,-0.));
#1115 = ORIENTED_EDGE('',*,*,#1116,.F.);
#1116 = EDGE_CURVE('',#1117,#1109,#1119,.T.);
#1117 = VERTEX_POINT('',#1118);
#1118 = CARTESIAN_POINT('',(1.5,1.65,-1.836909530734E-17));
#1119 = CIRCLE('',#1120,1.5);
#1120 = AXIS2_PLACEMENT_3D('',#1121,#1122,#1123);
#1121 = CARTESIAN_POINT('',(8.098555247946E-17,1.65,-1.836909530734E-17)
  );
#1122 = DIRECTION('',(-2.313872927984E-16,-1.,0.));
#1123 = DIRECTION('',(1.,-2.313872927984E-16,0.));
#1124 = ORIENTED_EDGE('',*,*,#1125,.F.);
#1125 = EDGE_CURVE('',#922,#1117,#1126,.T.);
#1126 = LINE('',#1127,#1128);
#1127 = CARTESIAN_POINT('',(1.5,1.3,-1.836909530734E-17));
#1128 = VECTOR('',#1129,1.);
#1129 = DIRECTION('',(-2.313872927984E-16,-1.,-0.));
#1130 = CYLINDRICAL_SURFACE('',#1131,1.5);
#1131 = AXIS2_PLACEMENT_3D('',#1132,#1133,#1134);
#1132 = CARTESIAN_POINT('',(0.,1.3,-1.836909530734E-17));
#1133 = DIRECTION('',(-2.313872927984E-16,-1.,-0.));
#1134 = DIRECTION('',(1.,-2.313872927984E-16,0.));
#1135 = ADVANCED_FACE('',(#1136,#1170,#1180),#1378,.T.);
#1136 = FACE_BOUND('',#1137,.T.);
#1137 = EDGE_LOOP('',(#1138,#1148,#1156,#1164));
#1138 = ORIENTED_EDGE('',*,*,#1139,.T.);
#1139 = EDGE_CURVE('',#1140,#1142,#1144,.T.);
#1140 = VERTEX_POINT('',#1141);
#1141 = CARTESIAN_POINT('',(-2.5,0.,-1.));
#1142 = VERTEX_POINT('',#1143);
#1143 = CARTESIAN_POINT('',(-2.5,0.,1.));
#1144 = LINE('',#1145,#1146);
#1145 = CARTESIAN_POINT('',(-2.5,0.,-4.5));
#1146 = VECTOR('',#1147,1.);
#1147 = DIRECTION('',(-0.,0.,1.));
#1148 = ORIENTED_EDGE('',*,*,#1149,.T.);
#1149 = EDGE_CURVE('',#1142,#1150,#1152,.T.);
#1150 = VERTEX_POINT('',#1151);
#1151 = CARTESIAN_POINT('',(2.5,0.,1.));
#1152 = LINE('',#1153,#1154);
#1153 = CARTESIAN_POINT('',(5.,0.,1.));
#1154 = VECTOR('',#1155,1.);
#1155 = DIRECTION('',(1.,0.,0.));
#1156 = ORIENTED_EDGE('',*,*,#1157,.T.);
#1157 = EDGE_CURVE('',#1150,#1158,#1160,.T.);
#1158 = VERTEX_POINT('',#1159);
#1159 = CARTESIAN_POINT('',(2.5,0.,-1.));
#1160 = LINE('',#1161,#1162);
#1161 = CARTESIAN_POINT('',(2.5,0.,-4.5));
#1162 = VECTOR('',#1163,1.);
#1163 = DIRECTION('',(0.,-0.,-1.));
#1164 = ORIENTED_EDGE('',*,*,#1165,.T.);
#1165 = EDGE_CURVE('',#1158,#1140,#1166,.T.);
#1166 = LINE('',#1167,#1168);
#1167 = CARTESIAN_POINT('',(5.,0.,-1.));
#1168 = VECTOR('',#1169,1.);
#1169 = DIRECTION('',(-1.,-0.,-0.));
#1170 = FACE_BOUND('',#1171,.T.);
#1171 = EDGE_LOOP('',(#1172,#1173));
#1172 = ORIENTED_EDGE('',*,*,#985,.T.);
#1173 = ORIENTED_EDGE('',*,*,#1174,.T.);
#1174 = EDGE_CURVE('',#986,#978,#1175,.T.);
#1175 = CIRCLE('',#1176,0.45);
#1176 = AXIS2_PLACEMENT_3D('',#1177,#1178,#1179);
#1177 = CARTESIAN_POINT('',(0.,0.,1.7));
#1178 = DIRECTION('',(0.,1.,0.));
#1179 = DIRECTION('',(0.,0.,-1.));
#1180 = FACE_BOUND('',#1181,.T.);
#1181 = EDGE_LOOP('',(#1182,#1192,#1200,#1208,#1216,#1224,#1232,#1241,
    #1249,#1258,#1266,#1274,#1282,#1290,#1298,#1306,#1314,#1323,#1331,
    #1339,#1347,#1355,#1363,#1372));
#1182 = ORIENTED_EDGE('',*,*,#1183,.T.);
#1183 = EDGE_CURVE('',#1184,#1186,#1188,.T.);
#1184 = VERTEX_POINT('',#1185);
#1185 = CARTESIAN_POINT('',(-3.,0.,2.7));
#1186 = VERTEX_POINT('',#1187);
#1187 = CARTESIAN_POINT('',(-3.,-4.065758146821E-17,2.4));
#1188 = LINE('',#1189,#1190);
#1189 = CARTESIAN_POINT('',(-3.,0.,-2.9));
#1190 = VECTOR('',#1191,1.);
#1191 = DIRECTION('',(-2.990902544788E-16,0.,-1.));
#1192 = ORIENTED_EDGE('',*,*,#1193,.T.);
#1193 = EDGE_CURVE('',#1186,#1194,#1196,.T.);
#1194 = VERTEX_POINT('',#1195);
#1195 = CARTESIAN_POINT('',(-3.,-4.065758146821E-17,1.6));
#1196 = LINE('',#1197,#1198);
#1197 = CARTESIAN_POINT('',(-3.,0.,-4.5));
#1198 = VECTOR('',#1199,1.);
#1199 = DIRECTION('',(0.,-0.,-1.));
#1200 = ORIENTED_EDGE('',*,*,#1201,.T.);
#1201 = EDGE_CURVE('',#1194,#1202,#1204,.T.);
#1202 = VERTEX_POINT('',#1203);
#1203 = CARTESIAN_POINT('',(-3.,-4.065758146821E-17,-1.6));
#1204 = LINE('',#1205,#1206);
#1205 = CARTESIAN_POINT('',(-3.,0.,-4.5));
#1206 = VECTOR('',#1207,1.);
#1207 = DIRECTION('',(0.,-0.,-1.));
#1208 = ORIENTED_EDGE('',*,*,#1209,.T.);
#1209 = EDGE_CURVE('',#1202,#1210,#1212,.T.);
#1210 = VERTEX_POINT('',#1211);
#1211 = CARTESIAN_POINT('',(-3.,-4.065758146821E-17,-2.4));
#1212 = LINE('',#1213,#1214);
#1213 = CARTESIAN_POINT('',(-3.,0.,-4.5));
#1214 = VECTOR('',#1215,1.);
#1215 = DIRECTION('',(0.,-0.,-1.));
#1216 = ORIENTED_EDGE('',*,*,#1217,.T.);
#1217 = EDGE_CURVE('',#1210,#1218,#1220,.T.);
#1218 = VERTEX_POINT('',#1219);
#1219 = CARTESIAN_POINT('',(-3.,0.,-2.7));
#1220 = LINE('',#1221,#1222);
#1221 = CARTESIAN_POINT('',(-3.,0.,-2.9));
#1222 = VECTOR('',#1223,1.);
#1223 = DIRECTION('',(-2.990902544788E-16,0.,-1.));
#1224 = ORIENTED_EDGE('',*,*,#1225,.T.);
#1225 = EDGE_CURVE('',#1218,#1226,#1228,.T.);
#1226 = VERTEX_POINT('',#1227);
#1227 = CARTESIAN_POINT('',(-1.85,0.,-2.7));
#1228 = LINE('',#1229,#1230);
#1229 = CARTESIAN_POINT('',(5.,0.,-2.7));
#1230 = VECTOR('',#1231,1.);
#1231 = DIRECTION('',(1.,0.,0.));
#1232 = ORIENTED_EDGE('',*,*,#1233,.T.);
#1233 = EDGE_CURVE('',#1226,#1234,#1236,.T.);
#1234 = VERTEX_POINT('',#1235);
#1235 = CARTESIAN_POINT('',(-1.75,0.,-2.8));
#1236 = CIRCLE('',#1237,0.1);
#1237 = AXIS2_PLACEMENT_3D('',#1238,#1239,#1240);
#1238 = CARTESIAN_POINT('',(-1.85,0.,-2.8));
#1239 = DIRECTION('',(0.,1.,0.));
#1240 = DIRECTION('',(0.,0.,-1.));
#1241 = ORIENTED_EDGE('',*,*,#1242,.T.);
#1242 = EDGE_CURVE('',#1234,#1243,#1245,.T.);
#1243 = VERTEX_POINT('',#1244);
#1244 = CARTESIAN_POINT('',(1.75,0.,-2.8));
#1245 = LINE('',#1246,#1247);
#1246 = CARTESIAN_POINT('',(5.,0.,-2.8));
#1247 = VECTOR('',#1248,1.);
#1248 = DIRECTION('',(1.,0.,0.));
#1249 = ORIENTED_EDGE('',*,*,#1250,.T.);
#1250 = EDGE_CURVE('',#1243,#1251,#1253,.T.);
#1251 = VERTEX_POINT('',#1252);
#1252 = CARTESIAN_POINT('',(1.85,0.,-2.7));
#1253 = CIRCLE('',#1254,1.E-01);
#1254 = AXIS2_PLACEMENT_3D('',#1255,#1256,#1257);
#1255 = CARTESIAN_POINT('',(1.85,0.,-2.8));
#1256 = DIRECTION('',(0.,1.,0.));
#1257 = DIRECTION('',(0.,0.,-1.));
#1258 = ORIENTED_EDGE('',*,*,#1259,.T.);
#1259 = EDGE_CURVE('',#1251,#1260,#1262,.T.);
#1260 = VERTEX_POINT('',#1261);
#1261 = CARTESIAN_POINT('',(3.,0.,-2.7));
#1262 = LINE('',#1263,#1264);
#1263 = CARTESIAN_POINT('',(5.,0.,-2.7));
#1264 = VECTOR('',#1265,1.);
#1265 = DIRECTION('',(1.,0.,0.));
#1266 = ORIENTED_EDGE('',*,*,#1267,.T.);
#1267 = EDGE_CURVE('',#1260,#1268,#1270,.T.);
#1268 = VERTEX_POINT('',#1269);
#1269 = CARTESIAN_POINT('',(3.,-4.065758146821E-17,-2.4));
#1270 = LINE('',#1271,#1272);
#1271 = CARTESIAN_POINT('',(3.,0.,-4.5));
#1272 = VECTOR('',#1273,1.);
#1273 = DIRECTION('',(-0.,0.,1.));
#1274 = ORIENTED_EDGE('',*,*,#1275,.T.);
#1275 = EDGE_CURVE('',#1268,#1276,#1278,.T.);
#1276 = VERTEX_POINT('',#1277);
#1277 = CARTESIAN_POINT('',(3.,-4.065758146821E-17,-1.6));
#1278 = LINE('',#1279,#1280);
#1279 = CARTESIAN_POINT('',(3.,0.,-4.5));
#1280 = VECTOR('',#1281,1.);
#1281 = DIRECTION('',(-0.,0.,1.));
#1282 = ORIENTED_EDGE('',*,*,#1283,.T.);
#1283 = EDGE_CURVE('',#1276,#1284,#1286,.T.);
#1284 = VERTEX_POINT('',#1285);
#1285 = CARTESIAN_POINT('',(3.,-4.065758146821E-17,1.6));
#1286 = LINE('',#1287,#1288);
#1287 = CARTESIAN_POINT('',(3.,0.,-4.5));
#1288 = VECTOR('',#1289,1.);
#1289 = DIRECTION('',(-0.,0.,1.));
#1290 = ORIENTED_EDGE('',*,*,#1291,.T.);
#1291 = EDGE_CURVE('',#1284,#1292,#1294,.T.);
#1292 = VERTEX_POINT('',#1293);
#1293 = CARTESIAN_POINT('',(3.,-4.065758146821E-17,2.4));
#1294 = LINE('',#1295,#1296);
#1295 = CARTESIAN_POINT('',(3.,0.,-4.5));
#1296 = VECTOR('',#1297,1.);
#1297 = DIRECTION('',(-0.,0.,1.));
#1298 = ORIENTED_EDGE('',*,*,#1299,.T.);
#1299 = EDGE_CURVE('',#1292,#1300,#1302,.T.);
#1300 = VERTEX_POINT('',#1301);
#1301 = CARTESIAN_POINT('',(3.,0.,2.7));
#1302 = LINE('',#1303,#1304);
#1303 = CARTESIAN_POINT('',(3.,0.,-2.9));
#1304 = VECTOR('',#1305,1.);
#1305 = DIRECTION('',(0.,0.,1.));
#1306 = ORIENTED_EDGE('',*,*,#1307,.T.);
#1307 = EDGE_CURVE('',#1300,#1308,#1310,.T.);
#1308 = VERTEX_POINT('',#1309);
#1309 = CARTESIAN_POINT('',(1.85,0.,2.7));
#1310 = LINE('',#1311,#1312);
#1311 = CARTESIAN_POINT('',(5.,0.,2.7));
#1312 = VECTOR('',#1313,1.);
#1313 = DIRECTION('',(-1.,-0.,-0.));
#1314 = ORIENTED_EDGE('',*,*,#1315,.T.);
#1315 = EDGE_CURVE('',#1308,#1316,#1318,.T.);
#1316 = VERTEX_POINT('',#1317);
#1317 = CARTESIAN_POINT('',(1.75,0.,2.8));
#1318 = CIRCLE('',#1319,1.E-01);
#1319 = AXIS2_PLACEMENT_3D('',#1320,#1321,#1322);
#1320 = CARTESIAN_POINT('',(1.85,0.,2.8));
#1321 = DIRECTION('',(0.,1.,0.));
#1322 = DIRECTION('',(0.,0.,-1.));
#1323 = ORIENTED_EDGE('',*,*,#1324,.T.);
#1324 = EDGE_CURVE('',#1316,#1325,#1327,.T.);
#1325 = VERTEX_POINT('',#1326);
#1326 = CARTESIAN_POINT('',(0.8,0.,2.8));
#1327 = LINE('',#1328,#1329);
#1328 = CARTESIAN_POINT('',(5.,0.,2.8));
#1329 = VECTOR('',#1330,1.);
#1330 = DIRECTION('',(-1.,-0.,-0.));
#1331 = ORIENTED_EDGE('',*,*,#1332,.T.);
#1332 = EDGE_CURVE('',#1325,#1333,#1335,.T.);
#1333 = VERTEX_POINT('',#1334);
#1334 = CARTESIAN_POINT('',(0.8,0.,2.7));
#1335 = LINE('',#1336,#1337);
#1336 = CARTESIAN_POINT('',(0.8,0.,2.8));
#1337 = VECTOR('',#1338,1.);
#1338 = DIRECTION('',(0.,0.,-1.));
#1339 = ORIENTED_EDGE('',*,*,#1340,.T.);
#1340 = EDGE_CURVE('',#1333,#1341,#1343,.T.);
#1341 = VERTEX_POINT('',#1342);
#1342 = CARTESIAN_POINT('',(-0.8,0.,2.7));
#1343 = LINE('',#1344,#1345);
#1344 = CARTESIAN_POINT('',(5.,0.,2.7));
#1345 = VECTOR('',#1346,1.);
#1346 = DIRECTION('',(-1.,-0.,-0.));
#1347 = ORIENTED_EDGE('',*,*,#1348,.T.);
#1348 = EDGE_CURVE('',#1341,#1349,#1351,.T.);
#1349 = VERTEX_POINT('',#1350);
#1350 = CARTESIAN_POINT('',(-0.8,0.,2.8));
#1351 = LINE('',#1352,#1353);
#1352 = CARTESIAN_POINT('',(-0.8,0.,2.8));
#1353 = VECTOR('',#1354,1.);
#1354 = DIRECTION('',(0.,0.,1.));
#1355 = ORIENTED_EDGE('',*,*,#1356,.T.);
#1356 = EDGE_CURVE('',#1349,#1357,#1359,.T.);
#1357 = VERTEX_POINT('',#1358);
#1358 = CARTESIAN_POINT('',(-1.75,0.,2.8));
#1359 = LINE('',#1360,#1361);
#1360 = CARTESIAN_POINT('',(5.,0.,2.8));
#1361 = VECTOR('',#1362,1.);
#1362 = DIRECTION('',(-1.,-0.,-0.));
#1363 = ORIENTED_EDGE('',*,*,#1364,.T.);
#1364 = EDGE_CURVE('',#1357,#1365,#1367,.T.);
#1365 = VERTEX_POINT('',#1366);
#1366 = CARTESIAN_POINT('',(-1.85,0.,2.7));
#1367 = CIRCLE('',#1368,1.E-01);
#1368 = AXIS2_PLACEMENT_3D('',#1369,#1370,#1371);
#1369 = CARTESIAN_POINT('',(-1.85,0.,2.8));
#1370 = DIRECTION('',(0.,1.,0.));
#1371 = DIRECTION('',(-2.168404344971E-15,0.,-1.));
#1372 = ORIENTED_EDGE('',*,*,#1373,.T.);
#1373 = EDGE_CURVE('',#1365,#1184,#1374,.T.);
#1374 = LINE('',#1375,#1376);
#1375 = CARTESIAN_POINT('',(5.,0.,2.7));
#1376 = VECTOR('',#1377,1.);
#1377 = DIRECTION('',(-1.,-0.,-0.));
#1378 = PLANE('',#1379);
#1379 = AXIS2_PLACEMENT_3D('',#1380,#1381,#1382);
#1380 = CARTESIAN_POINT('',(5.,0.,-4.5));
#1381 = DIRECTION('',(0.,-1.,0.));
#1382 = DIRECTION('',(0.,-0.,-1.));
#1383 = ADVANCED_FACE('',(#1384),#1409,.F.);
#1384 = FACE_BOUND('',#1385,.T.);
#1385 = EDGE_LOOP('',(#1386,#1394,#1402,#1408));
#1386 = ORIENTED_EDGE('',*,*,#1387,.F.);
#1387 = EDGE_CURVE('',#1388,#1142,#1390,.T.);
#1388 = VERTEX_POINT('',#1389);
#1389 = CARTESIAN_POINT('',(-2.5,5.E-02,1.));
#1390 = LINE('',#1391,#1392);
#1391 = CARTESIAN_POINT('',(-2.5,5.E-02,1.));
#1392 = VECTOR('',#1393,1.);
#1393 = DIRECTION('',(0.,-1.,-0.));
#1394 = ORIENTED_EDGE('',*,*,#1395,.F.);
#1395 = EDGE_CURVE('',#1396,#1388,#1398,.T.);
#1396 = VERTEX_POINT('',#1397);
#1397 = CARTESIAN_POINT('',(2.5,5.E-02,1.));
#1398 = LINE('',#1399,#1400);
#1399 = CARTESIAN_POINT('',(2.5,5.E-02,1.));
#1400 = VECTOR('',#1401,1.);
#1401 = DIRECTION('',(-1.,-0.,0.));
#1402 = ORIENTED_EDGE('',*,*,#1403,.F.);
#1403 = EDGE_CURVE('',#1150,#1396,#1404,.T.);
#1404 = LINE('',#1405,#1406);
#1405 = CARTESIAN_POINT('',(2.5,5.E-02,1.));
#1406 = VECTOR('',#1407,1.);
#1407 = DIRECTION('',(-0.,1.,0.));
#1408 = ORIENTED_EDGE('',*,*,#1149,.F.);
#1409 = PLANE('',#1410);
#1410 = AXIS2_PLACEMENT_3D('',#1411,#1412,#1413);
#1411 = CARTESIAN_POINT('',(2.5,5.E-02,1.));
#1412 = DIRECTION('',(0.,0.,1.));
#1413 = DIRECTION('',(1.,0.,-0.));
#1414 = ADVANCED_FACE('',(#1415),#1433,.F.);
#1415 = FACE_BOUND('',#1416,.T.);
#1416 = EDGE_LOOP('',(#1417,#1425,#1431,#1432));
#1417 = ORIENTED_EDGE('',*,*,#1418,.F.);
#1418 = EDGE_CURVE('',#1419,#1140,#1421,.T.);
#1419 = VERTEX_POINT('',#1420);
#1420 = CARTESIAN_POINT('',(-2.5,5.E-02,-1.));
#1421 = LINE('',#1422,#1423);
#1422 = CARTESIAN_POINT('',(-2.5,5.E-02,-1.));
#1423 = VECTOR('',#1424,1.);
#1424 = DIRECTION('',(-0.,-1.,0.));
#1425 = ORIENTED_EDGE('',*,*,#1426,.F.);
#1426 = EDGE_CURVE('',#1388,#1419,#1427,.T.);
#1427 = LINE('',#1428,#1429);
#1428 = CARTESIAN_POINT('',(-2.5,5.E-02,-1.));
#1429 = VECTOR('',#1430,1.);
#1430 = DIRECTION('',(-0.,-0.,-1.));
#1431 = ORIENTED_EDGE('',*,*,#1387,.T.);
#1432 = ORIENTED_EDGE('',*,*,#1139,.F.);
#1433 = PLANE('',#1434);
#1434 = AXIS2_PLACEMENT_3D('',#1435,#1436,#1437);
#1435 = CARTESIAN_POINT('',(-2.5,5.E-02,-1.));
#1436 = DIRECTION('',(-1.,0.,0.));
#1437 = DIRECTION('',(0.,0.,1.));
#1438 = ADVANCED_FACE('',(#1439),#1457,.F.);
#1439 = FACE_BOUND('',#1440,.T.);
#1440 = EDGE_LOOP('',(#1441,#1449,#1455,#1456));
#1441 = ORIENTED_EDGE('',*,*,#1442,.F.);
#1442 = EDGE_CURVE('',#1443,#1158,#1445,.T.);
#1443 = VERTEX_POINT('',#1444);
#1444 = CARTESIAN_POINT('',(2.5,5.E-02,-1.));
#1445 = LINE('',#1446,#1447);
#1446 = CARTESIAN_POINT('',(2.5,5.E-02,-1.));
#1447 = VECTOR('',#1448,1.);
#1448 = DIRECTION('',(-0.,-1.,-0.));
#1449 = ORIENTED_EDGE('',*,*,#1450,.F.);
#1450 = EDGE_CURVE('',#1419,#1443,#1451,.T.);
#1451 = LINE('',#1452,#1453);
#1452 = CARTESIAN_POINT('',(2.5,5.E-02,-1.));
#1453 = VECTOR('',#1454,1.);
#1454 = DIRECTION('',(1.,-0.,0.));
#1455 = ORIENTED_EDGE('',*,*,#1418,.T.);
#1456 = ORIENTED_EDGE('',*,*,#1165,.F.);
#1457 = PLANE('',#1458);
#1458 = AXIS2_PLACEMENT_3D('',#1459,#1460,#1461);
#1459 = CARTESIAN_POINT('',(2.5,5.E-02,-1.));
#1460 = DIRECTION('',(0.,0.,-1.));
#1461 = DIRECTION('',(-1.,0.,-0.));
#1462 = ADVANCED_FACE('',(#1463),#1474,.F.);
#1463 = FACE_BOUND('',#1464,.T.);
#1464 = EDGE_LOOP('',(#1465,#1466,#1472,#1473));
#1465 = ORIENTED_EDGE('',*,*,#1403,.T.);
#1466 = ORIENTED_EDGE('',*,*,#1467,.F.);
#1467 = EDGE_CURVE('',#1443,#1396,#1468,.T.);
#1468 = LINE('',#1469,#1470);
#1469 = CARTESIAN_POINT('',(2.5,5.E-02,-1.));
#1470 = VECTOR('',#1471,1.);
#1471 = DIRECTION('',(-0.,-0.,1.));
#1472 = ORIENTED_EDGE('',*,*,#1442,.T.);
#1473 = ORIENTED_EDGE('',*,*,#1157,.F.);
#1474 = PLANE('',#1475);
#1475 = AXIS2_PLACEMENT_3D('',#1476,#1477,#1478);
#1476 = CARTESIAN_POINT('',(2.5,5.E-02,-1.));
#1477 = DIRECTION('',(1.,-0.,0.));
#1478 = DIRECTION('',(0.,0.,-1.));
#1479 = ADVANCED_FACE('',(#1480),#1492,.F.);
#1480 = FACE_BOUND('',#1481,.F.);
#1481 = EDGE_LOOP('',(#1482,#1483,#1484,#1491));
#1482 = ORIENTED_EDGE('',*,*,#1174,.T.);
#1483 = ORIENTED_EDGE('',*,*,#975,.F.);
#1484 = ORIENTED_EDGE('',*,*,#1485,.T.);
#1485 = EDGE_CURVE('',#976,#995,#1486,.T.);
#1486 = CIRCLE('',#1487,0.45);
#1487 = AXIS2_PLACEMENT_3D('',#1488,#1489,#1490);
#1488 = CARTESIAN_POINT('',(0.,5.E-02,1.7));
#1489 = DIRECTION('',(0.,-1.,-0.));
#1490 = DIRECTION('',(0.,0.,-1.));
#1491 = ORIENTED_EDGE('',*,*,#994,.T.);
#1492 = CYLINDRICAL_SURFACE('',#1493,0.45);
#1493 = AXIS2_PLACEMENT_3D('',#1494,#1495,#1496);
#1494 = CARTESIAN_POINT('',(0.,5.E-02,1.7));
#1495 = DIRECTION('',(-0.,-1.,-0.));
#1496 = DIRECTION('',(0.,0.,-1.));
#1497 = ADVANCED_FACE('',(#1498),#1525,.T.);
#1498 = FACE_BOUND('',#1499,.T.);
#1499 = EDGE_LOOP('',(#1500,#1509,#1510,#1519));
#1500 = ORIENTED_EDGE('',*,*,#1501,.T.);
#1501 = EDGE_CURVE('',#1502,#1194,#1504,.T.);
#1502 = VERTEX_POINT('',#1503);
#1503 = CARTESIAN_POINT('',(-3.197123022628,0.166198906085,1.6));
#1504 = CIRCLE('',#1505,0.2);
#1505 = AXIS2_PLACEMENT_3D('',#1506,#1507,#1508);
#1506 = CARTESIAN_POINT('',(-3.,0.2,1.6));
#1507 = DIRECTION('',(0.,0.,1.));
#1508 = DIRECTION('',(1.,0.,-0.));
#1509 = ORIENTED_EDGE('',*,*,#1193,.F.);
#1510 = ORIENTED_EDGE('',*,*,#1511,.T.);
#1511 = EDGE_CURVE('',#1186,#1512,#1514,.T.);
#1512 = VERTEX_POINT('',#1513);
#1513 = CARTESIAN_POINT('',(-3.197123022628,0.166198906085,2.4));
#1514 = CIRCLE('',#1515,0.2);
#1515 = AXIS2_PLACEMENT_3D('',#1516,#1517,#1518);
#1516 = CARTESIAN_POINT('',(-3.,0.2,2.4));
#1517 = DIRECTION('',(0.,0.,-1.));
#1518 = DIRECTION('',(1.,0.,0.));
#1519 = ORIENTED_EDGE('',*,*,#1520,.T.);
#1520 = EDGE_CURVE('',#1512,#1502,#1521,.T.);
#1521 = LINE('',#1522,#1523);
#1522 = CARTESIAN_POINT('',(-3.197123022628,0.166198906085,2.4));
#1523 = VECTOR('',#1524,1.);
#1524 = DIRECTION('',(-0.,-0.,-1.));
#1525 = CYLINDRICAL_SURFACE('',#1526,0.2);
#1526 = AXIS2_PLACEMENT_3D('',#1527,#1528,#1529);
#1527 = CARTESIAN_POINT('',(-3.,0.2,2.4));
#1528 = DIRECTION('',(0.,0.,1.));
#1529 = DIRECTION('',(1.,0.,-0.));
#1530 = ADVANCED_FACE('',(#1531),#1556,.F.);
#1531 = FACE_BOUND('',#1532,.T.);
#1532 = EDGE_LOOP('',(#1533,#1541,#1549,#1555));
#1533 = ORIENTED_EDGE('',*,*,#1534,.F.);
#1534 = EDGE_CURVE('',#1535,#1365,#1537,.T.);
#1535 = VERTEX_POINT('',#1536);
#1536 = CARTESIAN_POINT('',(-1.85,0.99,2.7));
#1537 = LINE('',#1538,#1539);
#1538 = CARTESIAN_POINT('',(-1.85,1.641,2.7));
#1539 = VECTOR('',#1540,1.);
#1540 = DIRECTION('',(-0.,-1.,-0.));
#1541 = ORIENTED_EDGE('',*,*,#1542,.F.);
#1542 = EDGE_CURVE('',#1543,#1535,#1545,.T.);
#1543 = VERTEX_POINT('',#1544);
#1544 = CARTESIAN_POINT('',(-3.,0.99,2.7));
#1545 = LINE('',#1546,#1547);
#1546 = CARTESIAN_POINT('',(-3.,0.99,2.7));
#1547 = VECTOR('',#1548,1.);
#1548 = DIRECTION('',(1.,-0.,0.));
#1549 = ORIENTED_EDGE('',*,*,#1550,.F.);
#1550 = EDGE_CURVE('',#1184,#1543,#1551,.T.);
#1551 = LINE('',#1552,#1553);
#1552 = CARTESIAN_POINT('',(-3.,1.641,2.7));
#1553 = VECTOR('',#1554,1.);
#1554 = DIRECTION('',(0.,1.,0.));
#1555 = ORIENTED_EDGE('',*,*,#1373,.F.);
#1556 = PLANE('',#1557);
#1557 = AXIS2_PLACEMENT_3D('',#1558,#1559,#1560);
#1558 = CARTESIAN_POINT('',(-3.,1.641,2.7));
#1559 = DIRECTION('',(0.,0.,-1.));
#1560 = DIRECTION('',(-1.,0.,-0.));
#1561 = ADVANCED_FACE('',(#1562),#1607,.F.);
#1562 = FACE_BOUND('',#1563,.F.);
#1563 = EDGE_LOOP('',(#1564,#1565,#1566,#1575,#1583,#1592,#1601));
#1564 = ORIENTED_EDGE('',*,*,#1364,.T.);
#1565 = ORIENTED_EDGE('',*,*,#1534,.F.);
#1566 = ORIENTED_EDGE('',*,*,#1567,.T.);
#1567 = EDGE_CURVE('',#1535,#1568,#1570,.T.);
#1568 = VERTEX_POINT('',#1569);
#1569 = CARTESIAN_POINT('',(-1.75,1.006666666667,2.8));
#1570 = ( BOUNDED_CURVE() B_SPLINE_CURVE(3,(#1571,#1572,#1573,#1574),
.UNSPECIFIED.,.F.,.F.) B_SPLINE_CURVE_WITH_KNOTS((4,4),(
2.168404344971E-15,1.570796326795),.PIECEWISE_BEZIER_KNOTS.) CURVE() 
GEOMETRIC_REPRESENTATION_ITEM() RATIONAL_B_SPLINE_CURVE((1.,
0.804737854124,0.804737854124,1.)) REPRESENTATION_ITEM('') );
#1571 = CARTESIAN_POINT('',(-1.85,0.99,2.7));
#1572 = CARTESIAN_POINT('',(-1.791421356237,0.99,2.7));
#1573 = CARTESIAN_POINT('',(-1.75,0.996903559373,2.741421356237));
#1574 = CARTESIAN_POINT('',(-1.75,1.006666666667,2.8));
#1575 = ORIENTED_EDGE('',*,*,#1576,.T.);
#1576 = EDGE_CURVE('',#1568,#1577,#1579,.T.);
#1577 = VERTEX_POINT('',#1578);
#1578 = CARTESIAN_POINT('',(-1.75,0.997582583191,2.8));
#1579 = LINE('',#1580,#1581);
#1580 = CARTESIAN_POINT('',(-1.75,1.641,2.8));
#1581 = VECTOR('',#1582,1.);
#1582 = DIRECTION('',(-0.,-1.,-0.));
#1583 = ORIENTED_EDGE('',*,*,#1584,.T.);
#1584 = EDGE_CURVE('',#1577,#1585,#1587,.T.);
#1585 = VERTEX_POINT('',#1586);
#1586 = CARTESIAN_POINT('',(-1.750048189146,0.997362154301,
    2.796895888685));
#1587 = ( BOUNDED_CURVE() B_SPLINE_CURVE(3,(#1588,#1589,#1590,#1591),
.UNSPECIFIED.,.F.,.F.) B_SPLINE_CURVE_WITH_KNOTS((4,4),(4.712388980385,
4.743435080649),.PIECEWISE_BEZIER_KNOTS.) CURVE() 
GEOMETRIC_REPRESENTATION_ITEM() RATIONAL_B_SPLINE_CURVE((1.,
0.999919679918,0.999919679918,1.)) REPRESENTATION_ITEM('') );
#1588 = CARTESIAN_POINT('',(-1.75,0.997582583191,2.8));
#1589 = CARTESIAN_POINT('',(-1.75,0.997509092138,2.798965088428));
#1590 = CARTESIAN_POINT('',(-1.750016064339,0.997435609939,
    2.797930301542));
#1591 = CARTESIAN_POINT('',(-1.750048189146,0.997362154301,
    2.796895888685));
#1592 = ORIENTED_EDGE('',*,*,#1593,.F.);
#1593 = EDGE_CURVE('',#1594,#1585,#1596,.T.);
#1594 = VERTEX_POINT('',#1595);
#1595 = CARTESIAN_POINT('',(-1.75,0.953649612448,2.8));
#1596 = ( BOUNDED_CURVE() B_SPLINE_CURVE(3,(#1597,#1598,#1599,#1600),
.UNSPECIFIED.,.F.,.F.) B_SPLINE_CURVE_WITH_KNOTS((4,4),(1.570796326795,
1.601842427059),.PIECEWISE_BEZIER_KNOTS.) CURVE() 
GEOMETRIC_REPRESENTATION_ITEM() RATIONAL_B_SPLINE_CURVE((1.,
0.999919679918,0.999919679918,1.)) REPRESENTATION_ITEM('') );
#1597 = CARTESIAN_POINT('',(-1.75,0.953649612448,2.8));
#1598 = CARTESIAN_POINT('',(-1.75,0.968223386008,2.798965088428));
#1599 = CARTESIAN_POINT('',(-1.750016064339,0.982795403718,
    2.797930301542));
#1600 = CARTESIAN_POINT('',(-1.750048189146,0.997362154301,
    2.796895888685));
#1601 = ORIENTED_EDGE('',*,*,#1602,.T.);
#1602 = EDGE_CURVE('',#1594,#1357,#1603,.T.);
#1603 = LINE('',#1604,#1605);
#1604 = CARTESIAN_POINT('',(-1.75,1.641,2.8));
#1605 = VECTOR('',#1606,1.);
#1606 = DIRECTION('',(-0.,-1.,-0.));
#1607 = CYLINDRICAL_SURFACE('',#1608,1.E-01);
#1608 = AXIS2_PLACEMENT_3D('',#1609,#1610,#1611);
#1609 = CARTESIAN_POINT('',(-1.85,1.641,2.8));
#1610 = DIRECTION('',(-0.,-1.,-0.));
#1611 = DIRECTION('',(0.,0.,-1.));
#1612 = ADVANCED_FACE('',(#1613),#1694,.F.);
#1613 = FACE_BOUND('',#1614,.T.);
#1614 = EDGE_LOOP('',(#1615,#1625,#1633,#1641,#1649,#1657,#1665,#1671,
    #1672,#1678,#1679,#1680,#1688));
#1615 = ORIENTED_EDGE('',*,*,#1616,.F.);
#1616 = EDGE_CURVE('',#1617,#1619,#1621,.T.);
#1617 = VERTEX_POINT('',#1618);
#1618 = CARTESIAN_POINT('',(-1.725,1.779925552076,2.8));
#1619 = VERTEX_POINT('',#1620);
#1620 = CARTESIAN_POINT('',(-1.725,1.569124839808,2.8));
#1621 = LINE('',#1622,#1623);
#1622 = CARTESIAN_POINT('',(-1.725,0.,2.8));
#1623 = VECTOR('',#1624,1.);
#1624 = DIRECTION('',(-0.,-1.,-0.));
#1625 = ORIENTED_EDGE('',*,*,#1626,.F.);
#1626 = EDGE_CURVE('',#1627,#1617,#1629,.T.);
#1627 = VERTEX_POINT('',#1628);
#1628 = CARTESIAN_POINT('',(-1.725,1.8,2.8));
#1629 = LINE('',#1630,#1631);
#1630 = CARTESIAN_POINT('',(-1.725,0.,2.8));
#1631 = VECTOR('',#1632,1.);
#1632 = DIRECTION('',(-0.,-1.,-0.));
#1633 = ORIENTED_EDGE('',*,*,#1634,.F.);
#1634 = EDGE_CURVE('',#1635,#1627,#1637,.T.);
#1635 = VERTEX_POINT('',#1636);
#1636 = CARTESIAN_POINT('',(-3.,1.8,2.8));
#1637 = LINE('',#1638,#1639);
#1638 = CARTESIAN_POINT('',(-3.1,1.8,2.8));
#1639 = VECTOR('',#1640,1.);
#1640 = DIRECTION('',(1.,0.,-0.));
#1641 = ORIENTED_EDGE('',*,*,#1642,.F.);
#1642 = EDGE_CURVE('',#1643,#1635,#1645,.T.);
#1643 = VERTEX_POINT('',#1644);
#1644 = CARTESIAN_POINT('',(-3.,1.65,2.8));
#1645 = LINE('',#1646,#1647);
#1646 = CARTESIAN_POINT('',(-3.,0.,2.8));
#1647 = VECTOR('',#1648,1.);
#1648 = DIRECTION('',(0.,1.,0.));
#1649 = ORIENTED_EDGE('',*,*,#1650,.F.);
#1650 = EDGE_CURVE('',#1651,#1643,#1653,.T.);
#1651 = VERTEX_POINT('',#1652);
#1652 = CARTESIAN_POINT('',(-1.75,1.65,2.8));
#1653 = LINE('',#1654,#1655);
#1654 = CARTESIAN_POINT('',(-1.75,1.65,2.8));
#1655 = VECTOR('',#1656,1.);
#1656 = DIRECTION('',(-1.,0.,-0.));
#1657 = ORIENTED_EDGE('',*,*,#1658,.F.);
#1658 = EDGE_CURVE('',#1659,#1651,#1661,.T.);
#1659 = VERTEX_POINT('',#1660);
#1660 = CARTESIAN_POINT('',(-1.75,1.64,2.8));
#1661 = LINE('',#1662,#1663);
#1662 = CARTESIAN_POINT('',(-1.75,0.,2.8));
#1663 = VECTOR('',#1664,1.);
#1664 = DIRECTION('',(0.,1.,0.));
#1665 = ORIENTED_EDGE('',*,*,#1666,.F.);
#1666 = EDGE_CURVE('',#1568,#1659,#1667,.T.);
#1667 = LINE('',#1668,#1669);
#1668 = CARTESIAN_POINT('',(-1.75,0.,2.8));
#1669 = VECTOR('',#1670,1.);
#1670 = DIRECTION('',(0.,1.,0.));
#1671 = ORIENTED_EDGE('',*,*,#1576,.T.);
#1672 = ORIENTED_EDGE('',*,*,#1673,.T.);
#1673 = EDGE_CURVE('',#1577,#1594,#1674,.T.);
#1674 = LINE('',#1675,#1676);
#1675 = CARTESIAN_POINT('',(-1.75,1.641,2.8));
#1676 = VECTOR('',#1677,1.);
#1677 = DIRECTION('',(-0.,-1.,-0.));
#1678 = ORIENTED_EDGE('',*,*,#1602,.T.);
#1679 = ORIENTED_EDGE('',*,*,#1356,.F.);
#1680 = ORIENTED_EDGE('',*,*,#1681,.F.);
#1681 = EDGE_CURVE('',#1682,#1349,#1684,.T.);
#1682 = VERTEX_POINT('',#1683);
#1683 = CARTESIAN_POINT('',(-0.8,1.569124839808,2.8));
#1684 = LINE('',#1685,#1686);
#1685 = CARTESIAN_POINT('',(-0.8,0.,2.8));
#1686 = VECTOR('',#1687,1.);
#1687 = DIRECTION('',(-0.,-1.,-0.));
#1688 = ORIENTED_EDGE('',*,*,#1689,.T.);
#1689 = EDGE_CURVE('',#1682,#1619,#1690,.T.);
#1690 = LINE('',#1691,#1692);
#1691 = CARTESIAN_POINT('',(1.725,1.569124839808,2.8));
#1692 = VECTOR('',#1693,1.);
#1693 = DIRECTION('',(-1.,-0.,-0.));
#1694 = PLANE('',#1695);
#1695 = AXIS2_PLACEMENT_3D('',#1696,#1697,#1698);
#1696 = CARTESIAN_POINT('',(-1.75,0.,2.8));
#1697 = DIRECTION('',(0.,0.,-1.));
#1698 = DIRECTION('',(-1.,0.,-0.));
#1699 = ADVANCED_FACE('',(#1700),#1725,.F.);
#1700 = FACE_BOUND('',#1701,.T.);
#1701 = EDGE_LOOP('',(#1702,#1712,#1718,#1719));
#1702 = ORIENTED_EDGE('',*,*,#1703,.F.);
#1703 = EDGE_CURVE('',#1704,#1706,#1708,.T.);
#1704 = VERTEX_POINT('',#1705);
#1705 = CARTESIAN_POINT('',(-0.8,1.65,2.7));
#1706 = VERTEX_POINT('',#1707);
#1707 = CARTESIAN_POINT('',(0.8,1.65,2.7));
#1708 = LINE('',#1709,#1710);
#1709 = CARTESIAN_POINT('',(-0.8,1.65,2.7));
#1710 = VECTOR('',#1711,1.);
#1711 = DIRECTION('',(1.,-0.,0.));
#1712 = ORIENTED_EDGE('',*,*,#1713,.F.);
#1713 = EDGE_CURVE('',#1341,#1704,#1714,.T.);
#1714 = LINE('',#1715,#1716);
#1715 = CARTESIAN_POINT('',(-0.8,0.,2.7));
#1716 = VECTOR('',#1717,1.);
#1717 = DIRECTION('',(0.,1.,0.));
#1718 = ORIENTED_EDGE('',*,*,#1340,.F.);
#1719 = ORIENTED_EDGE('',*,*,#1720,.F.);
#1720 = EDGE_CURVE('',#1706,#1333,#1721,.T.);
#1721 = LINE('',#1722,#1723);
#1722 = CARTESIAN_POINT('',(0.8,0.,2.7));
#1723 = VECTOR('',#1724,1.);
#1724 = DIRECTION('',(-0.,-1.,-0.));
#1725 = PLANE('',#1726);
#1726 = AXIS2_PLACEMENT_3D('',#1727,#1728,#1729);
#1727 = CARTESIAN_POINT('',(-0.8,0.,2.7));
#1728 = DIRECTION('',(0.,0.,-1.));
#1729 = DIRECTION('',(-1.,0.,-0.));
#1730 = ADVANCED_FACE('',(#1731),#1812,.F.);
#1731 = FACE_BOUND('',#1732,.T.);
#1732 = EDGE_LOOP('',(#1733,#1741,#1742,#1750,#1758,#1766,#1774,#1782,
    #1790,#1798,#1806));
#1733 = ORIENTED_EDGE('',*,*,#1734,.F.);
#1734 = EDGE_CURVE('',#1325,#1735,#1737,.T.);
#1735 = VERTEX_POINT('',#1736);
#1736 = CARTESIAN_POINT('',(0.8,1.569124839808,2.8));
#1737 = LINE('',#1738,#1739);
#1738 = CARTESIAN_POINT('',(0.8,0.,2.8));
#1739 = VECTOR('',#1740,1.);
#1740 = DIRECTION('',(0.,1.,0.));
#1741 = ORIENTED_EDGE('',*,*,#1324,.F.);
#1742 = ORIENTED_EDGE('',*,*,#1743,.F.);
#1743 = EDGE_CURVE('',#1744,#1316,#1746,.T.);
#1744 = VERTEX_POINT('',#1745);
#1745 = CARTESIAN_POINT('',(1.75,1.006666666667,2.8));
#1746 = LINE('',#1747,#1748);
#1747 = CARTESIAN_POINT('',(1.75,0.,2.8));
#1748 = VECTOR('',#1749,1.);
#1749 = DIRECTION('',(-0.,-1.,-0.));
#1750 = ORIENTED_EDGE('',*,*,#1751,.F.);
#1751 = EDGE_CURVE('',#1752,#1744,#1754,.T.);
#1752 = VERTEX_POINT('',#1753);
#1753 = CARTESIAN_POINT('',(1.75,1.64,2.8));
#1754 = LINE('',#1755,#1756);
#1755 = CARTESIAN_POINT('',(1.75,0.,2.8));
#1756 = VECTOR('',#1757,1.);
#1757 = DIRECTION('',(-0.,-1.,-0.));
#1758 = ORIENTED_EDGE('',*,*,#1759,.F.);
#1759 = EDGE_CURVE('',#1760,#1752,#1762,.T.);
#1760 = VERTEX_POINT('',#1761);
#1761 = CARTESIAN_POINT('',(1.75,1.65,2.8));
#1762 = LINE('',#1763,#1764);
#1763 = CARTESIAN_POINT('',(1.75,0.,2.8));
#1764 = VECTOR('',#1765,1.);
#1765 = DIRECTION('',(-0.,-1.,-0.));
#1766 = ORIENTED_EDGE('',*,*,#1767,.F.);
#1767 = EDGE_CURVE('',#1768,#1760,#1770,.T.);
#1768 = VERTEX_POINT('',#1769);
#1769 = CARTESIAN_POINT('',(3.,1.65,2.8));
#1770 = LINE('',#1771,#1772);
#1771 = CARTESIAN_POINT('',(-1.75,1.65,2.8));
#1772 = VECTOR('',#1773,1.);
#1773 = DIRECTION('',(-1.,0.,-0.));
#1774 = ORIENTED_EDGE('',*,*,#1775,.F.);
#1775 = EDGE_CURVE('',#1776,#1768,#1778,.T.);
#1776 = VERTEX_POINT('',#1777);
#1777 = CARTESIAN_POINT('',(3.,1.8,2.8));
#1778 = LINE('',#1779,#1780);
#1779 = CARTESIAN_POINT('',(3.,0.,2.8));
#1780 = VECTOR('',#1781,1.);
#1781 = DIRECTION('',(-0.,-1.,-0.));
#1782 = ORIENTED_EDGE('',*,*,#1783,.F.);
#1783 = EDGE_CURVE('',#1784,#1776,#1786,.T.);
#1784 = VERTEX_POINT('',#1785);
#1785 = CARTESIAN_POINT('',(1.725,1.8,2.8));
#1786 = LINE('',#1787,#1788);
#1787 = CARTESIAN_POINT('',(-3.1,1.8,2.8));
#1788 = VECTOR('',#1789,1.);
#1789 = DIRECTION('',(1.,0.,-0.));
#1790 = ORIENTED_EDGE('',*,*,#1791,.F.);
#1791 = EDGE_CURVE('',#1792,#1784,#1794,.T.);
#1792 = VERTEX_POINT('',#1793);
#1793 = CARTESIAN_POINT('',(1.725,1.779925552076,2.8));
#1794 = LINE('',#1795,#1796);
#1795 = CARTESIAN_POINT('',(1.725,0.,2.8));
#1796 = VECTOR('',#1797,1.);
#1797 = DIRECTION('',(0.,1.,0.));
#1798 = ORIENTED_EDGE('',*,*,#1799,.F.);
#1799 = EDGE_CURVE('',#1800,#1792,#1802,.T.);
#1800 = VERTEX_POINT('',#1801);
#1801 = CARTESIAN_POINT('',(1.725,1.569124839808,2.8));
#1802 = LINE('',#1803,#1804);
#1803 = CARTESIAN_POINT('',(1.725,0.,2.8));
#1804 = VECTOR('',#1805,1.);
#1805 = DIRECTION('',(0.,1.,0.));
#1806 = ORIENTED_EDGE('',*,*,#1807,.T.);
#1807 = EDGE_CURVE('',#1800,#1735,#1808,.T.);
#1808 = LINE('',#1809,#1810);
#1809 = CARTESIAN_POINT('',(1.725,1.569124839808,2.8));
#1810 = VECTOR('',#1811,1.);
#1811 = DIRECTION('',(-1.,-0.,-0.));
#1812 = PLANE('',#1813);
#1813 = AXIS2_PLACEMENT_3D('',#1814,#1815,#1816);
#1814 = CARTESIAN_POINT('',(-1.75,0.,2.8));
#1815 = DIRECTION('',(0.,0.,-1.));
#1816 = DIRECTION('',(-1.,0.,-0.));
#1817 = ADVANCED_FACE('',(#1818),#1837,.F.);
#1818 = FACE_BOUND('',#1819,.F.);
#1819 = EDGE_LOOP('',(#1820,#1821,#1822,#1831));
#1820 = ORIENTED_EDGE('',*,*,#1315,.T.);
#1821 = ORIENTED_EDGE('',*,*,#1743,.F.);
#1822 = ORIENTED_EDGE('',*,*,#1823,.T.);
#1823 = EDGE_CURVE('',#1744,#1824,#1826,.T.);
#1824 = VERTEX_POINT('',#1825);
#1825 = CARTESIAN_POINT('',(1.85,0.99,2.7));
#1826 = ( BOUNDED_CURVE() B_SPLINE_CURVE(3,(#1827,#1828,#1829,#1830),
.UNSPECIFIED.,.F.,.F.) B_SPLINE_CURVE_WITH_KNOTS((4,4),(4.712388980385,
6.28318530718),.PIECEWISE_BEZIER_KNOTS.) CURVE() 
GEOMETRIC_REPRESENTATION_ITEM() RATIONAL_B_SPLINE_CURVE((1.,
0.804737854124,0.804737854124,1.)) REPRESENTATION_ITEM('') );
#1827 = CARTESIAN_POINT('',(1.75,1.006666666667,2.8));
#1828 = CARTESIAN_POINT('',(1.75,0.996903559373,2.741421356237));
#1829 = CARTESIAN_POINT('',(1.791421356237,0.99,2.7));
#1830 = CARTESIAN_POINT('',(1.85,0.99,2.7));
#1831 = ORIENTED_EDGE('',*,*,#1832,.T.);
#1832 = EDGE_CURVE('',#1824,#1308,#1833,.T.);
#1833 = LINE('',#1834,#1835);
#1834 = CARTESIAN_POINT('',(1.85,1.641,2.7));
#1835 = VECTOR('',#1836,1.);
#1836 = DIRECTION('',(-0.,-1.,-0.));
#1837 = CYLINDRICAL_SURFACE('',#1838,1.E-01);
#1838 = AXIS2_PLACEMENT_3D('',#1839,#1840,#1841);
#1839 = CARTESIAN_POINT('',(1.85,1.641,2.8));
#1840 = DIRECTION('',(-0.,-1.,-0.));
#1841 = DIRECTION('',(0.,0.,-1.));
#1842 = ADVANCED_FACE('',(#1843),#1861,.F.);
#1843 = FACE_BOUND('',#1844,.T.);
#1844 = EDGE_LOOP('',(#1845,#1853,#1859,#1860));
#1845 = ORIENTED_EDGE('',*,*,#1846,.F.);
#1846 = EDGE_CURVE('',#1847,#1300,#1849,.T.);
#1847 = VERTEX_POINT('',#1848);
#1848 = CARTESIAN_POINT('',(3.,0.99,2.7));
#1849 = LINE('',#1850,#1851);
#1850 = CARTESIAN_POINT('',(3.,1.641,2.7));
#1851 = VECTOR('',#1852,1.);
#1852 = DIRECTION('',(-0.,-1.,-0.));
#1853 = ORIENTED_EDGE('',*,*,#1854,.F.);
#1854 = EDGE_CURVE('',#1824,#1847,#1855,.T.);
#1855 = LINE('',#1856,#1857);
#1856 = CARTESIAN_POINT('',(1.85,0.99,2.7));
#1857 = VECTOR('',#1858,1.);
#1858 = DIRECTION('',(1.,-0.,0.));
#1859 = ORIENTED_EDGE('',*,*,#1832,.T.);
#1860 = ORIENTED_EDGE('',*,*,#1307,.F.);
#1861 = PLANE('',#1862);
#1862 = AXIS2_PLACEMENT_3D('',#1863,#1864,#1865);
#1863 = CARTESIAN_POINT('',(1.85,1.641,2.7));
#1864 = DIRECTION('',(0.,0.,-1.));
#1865 = DIRECTION('',(-1.,0.,-0.));
#1866 = ADVANCED_FACE('',(#1867),#1894,.T.);
#1867 = FACE_BOUND('',#1868,.T.);
#1868 = EDGE_LOOP('',(#1869,#1878,#1879,#1888));
#1869 = ORIENTED_EDGE('',*,*,#1870,.T.);
#1870 = EDGE_CURVE('',#1871,#1292,#1873,.T.);
#1871 = VERTEX_POINT('',#1872);
#1872 = CARTESIAN_POINT('',(3.197123022628,0.166198906085,2.4));
#1873 = CIRCLE('',#1874,0.2);
#1874 = AXIS2_PLACEMENT_3D('',#1875,#1876,#1877);
#1875 = CARTESIAN_POINT('',(3.,0.2,2.4));
#1876 = DIRECTION('',(-0.,0.,-1.));
#1877 = DIRECTION('',(-1.,0.,0.));
#1878 = ORIENTED_EDGE('',*,*,#1291,.F.);
#1879 = ORIENTED_EDGE('',*,*,#1880,.T.);
#1880 = EDGE_CURVE('',#1284,#1881,#1883,.T.);
#1881 = VERTEX_POINT('',#1882);
#1882 = CARTESIAN_POINT('',(3.197123022628,0.166198906085,1.6));
#1883 = CIRCLE('',#1884,0.2);
#1884 = AXIS2_PLACEMENT_3D('',#1885,#1886,#1887);
#1885 = CARTESIAN_POINT('',(3.,0.2,1.6));
#1886 = DIRECTION('',(0.,0.,1.));
#1887 = DIRECTION('',(-1.,9.486769009248E-16,0.));
#1888 = ORIENTED_EDGE('',*,*,#1889,.T.);
#1889 = EDGE_CURVE('',#1881,#1871,#1890,.T.);
#1890 = LINE('',#1891,#1892);
#1891 = CARTESIAN_POINT('',(3.197123022628,0.166198906085,1.6));
#1892 = VECTOR('',#1893,1.);
#1893 = DIRECTION('',(0.,0.,1.));
#1894 = CYLINDRICAL_SURFACE('',#1895,0.2);
#1895 = AXIS2_PLACEMENT_3D('',#1896,#1897,#1898);
#1896 = CARTESIAN_POINT('',(3.,0.2,1.6));
#1897 = DIRECTION('',(-0.,-0.,-1.));
#1898 = DIRECTION('',(-1.,0.,0.));
#1899 = ADVANCED_FACE('',(#1900),#2163,.F.);
#1900 = FACE_BOUND('',#1901,.T.);
#1901 = EDGE_LOOP('',(#1902,#1912,#1920,#1928,#1936,#1944,#1952,#1958,
    #1959,#1967,#1975,#1983,#1991,#1997,#1998,#1999,#2007,#2015,#2021,
    #2022,#2030,#2038,#2044,#2045,#2053,#2061,#2069,#2077,#2085,#2093,
    #2101,#2109,#2117,#2125,#2133,#2141,#2149,#2157));
#1902 = ORIENTED_EDGE('',*,*,#1903,.F.);
#1903 = EDGE_CURVE('',#1904,#1906,#1908,.T.);
#1904 = VERTEX_POINT('',#1905);
#1905 = CARTESIAN_POINT('',(3.,1.797345146833,1.5));
#1906 = VERTEX_POINT('',#1907);
#1907 = CARTESIAN_POINT('',(3.,1.643164487129,1.5));
#1908 = LINE('',#1909,#1910);
#1909 = CARTESIAN_POINT('',(3.,1.64,1.5));
#1910 = VECTOR('',#1911,1.);
#1911 = DIRECTION('',(-0.,-1.,0.));
#1912 = ORIENTED_EDGE('',*,*,#1913,.F.);
#1913 = EDGE_CURVE('',#1914,#1904,#1916,.T.);
#1914 = VERTEX_POINT('',#1915);
#1915 = CARTESIAN_POINT('',(3.,1.8,1.5));
#1916 = LINE('',#1917,#1918);
#1917 = CARTESIAN_POINT('',(3.,1.64,1.5));
#1918 = VECTOR('',#1919,1.);
#1919 = DIRECTION('',(-0.,-1.,0.));
#1920 = ORIENTED_EDGE('',*,*,#1921,.F.);
#1921 = EDGE_CURVE('',#1922,#1914,#1924,.T.);
#1922 = VERTEX_POINT('',#1923);
#1923 = CARTESIAN_POINT('',(3.,1.8,1.9));
#1924 = LINE('',#1925,#1926);
#1925 = CARTESIAN_POINT('',(3.,1.8,2.8));
#1926 = VECTOR('',#1927,1.);
#1927 = DIRECTION('',(-0.,0.,-1.));
#1928 = ORIENTED_EDGE('',*,*,#1929,.F.);
#1929 = EDGE_CURVE('',#1930,#1922,#1932,.T.);
#1930 = VERTEX_POINT('',#1931);
#1931 = CARTESIAN_POINT('',(3.,1.65,1.9));
#1932 = LINE('',#1933,#1934);
#1933 = CARTESIAN_POINT('',(3.,1.64,1.9));
#1934 = VECTOR('',#1935,1.);
#1935 = DIRECTION('',(0.,1.,-0.));
#1936 = ORIENTED_EDGE('',*,*,#1937,.F.);
#1937 = EDGE_CURVE('',#1938,#1930,#1940,.T.);
#1938 = VERTEX_POINT('',#1939);
#1939 = CARTESIAN_POINT('',(3.,1.65,2.5));
#1940 = LINE('',#1941,#1942);
#1941 = CARTESIAN_POINT('',(3.,1.65,-2.9));
#1942 = VECTOR('',#1943,1.);
#1943 = DIRECTION('',(-0.,-0.,-1.));
#1944 = ORIENTED_EDGE('',*,*,#1945,.F.);
#1945 = EDGE_CURVE('',#1946,#1938,#1948,.T.);
#1946 = VERTEX_POINT('',#1947);
#1947 = CARTESIAN_POINT('',(3.,1.8,2.5));
#1948 = LINE('',#1949,#1950);
#1949 = CARTESIAN_POINT('',(3.,1.64,2.5));
#1950 = VECTOR('',#1951,1.);
#1951 = DIRECTION('',(-0.,-1.,0.));
#1952 = ORIENTED_EDGE('',*,*,#1953,.F.);
#1953 = EDGE_CURVE('',#1776,#1946,#1954,.T.);
#1954 = LINE('',#1955,#1956);
#1955 = CARTESIAN_POINT('',(3.,1.8,2.8));
#1956 = VECTOR('',#1957,1.);
#1957 = DIRECTION('',(-0.,0.,-1.));
#1958 = ORIENTED_EDGE('',*,*,#1775,.T.);
#1959 = ORIENTED_EDGE('',*,*,#1960,.F.);
#1960 = EDGE_CURVE('',#1961,#1768,#1963,.T.);
#1961 = VERTEX_POINT('',#1962);
#1962 = CARTESIAN_POINT('',(3.,1.65,2.7));
#1963 = LINE('',#1964,#1965);
#1964 = CARTESIAN_POINT('',(3.,1.65,-2.9));
#1965 = VECTOR('',#1966,1.);
#1966 = DIRECTION('',(0.,0.,1.));
#1967 = ORIENTED_EDGE('',*,*,#1968,.F.);
#1968 = EDGE_CURVE('',#1969,#1961,#1971,.T.);
#1969 = VERTEX_POINT('',#1970);
#1970 = CARTESIAN_POINT('',(3.,1.54,2.7));
#1971 = LINE('',#1972,#1973);
#1972 = CARTESIAN_POINT('',(3.,1.64,2.7));
#1973 = VECTOR('',#1974,1.);
#1974 = DIRECTION('',(0.,1.,-0.));
#1975 = ORIENTED_EDGE('',*,*,#1976,.F.);
#1976 = EDGE_CURVE('',#1977,#1969,#1979,.T.);
#1977 = VERTEX_POINT('',#1978);
#1978 = CARTESIAN_POINT('',(3.,1.54,2.9));
#1979 = LINE('',#1980,#1981);
#1980 = CARTESIAN_POINT('',(3.,1.54,-2.9));
#1981 = VECTOR('',#1982,1.);
#1982 = DIRECTION('',(-0.,-0.,-1.));
#1983 = ORIENTED_EDGE('',*,*,#1984,.F.);
#1984 = EDGE_CURVE('',#1985,#1977,#1987,.T.);
#1985 = VERTEX_POINT('',#1986);
#1986 = CARTESIAN_POINT('',(3.,1.023333333333,2.9));
#1987 = LINE('',#1988,#1989);
#1988 = CARTESIAN_POINT('',(3.,1.64,2.9));
#1989 = VECTOR('',#1990,1.);
#1990 = DIRECTION('',(0.,1.,-0.));
#1991 = ORIENTED_EDGE('',*,*,#1992,.F.);
#1992 = EDGE_CURVE('',#1847,#1985,#1993,.T.);
#1993 = LINE('',#1994,#1995);
#1994 = CARTESIAN_POINT('',(3.,0.99,2.7));
#1995 = VECTOR('',#1996,1.);
#1996 = DIRECTION('',(0.,0.164398987305,0.986393923832));
#1997 = ORIENTED_EDGE('',*,*,#1846,.T.);
#1998 = ORIENTED_EDGE('',*,*,#1299,.F.);
#1999 = ORIENTED_EDGE('',*,*,#2000,.F.);
#2000 = EDGE_CURVE('',#2001,#1292,#2003,.T.);
#2001 = VERTEX_POINT('',#2002);
#2002 = CARTESIAN_POINT('',(3.,0.2,2.4));
#2003 = LINE('',#2004,#2005);
#2004 = CARTESIAN_POINT('',(3.,1.64,2.4));
#2005 = VECTOR('',#2006,1.);
#2006 = DIRECTION('',(-0.,-1.,0.));
#2007 = ORIENTED_EDGE('',*,*,#2008,.F.);
#2008 = EDGE_CURVE('',#2009,#2001,#2011,.T.);
#2009 = VERTEX_POINT('',#2010);
#2010 = CARTESIAN_POINT('',(3.,0.2,1.6));
#2011 = LINE('',#2012,#2013);
#2012 = CARTESIAN_POINT('',(3.,0.2,-2.9));
#2013 = VECTOR('',#2014,1.);
#2014 = DIRECTION('',(0.,0.,1.));
#2015 = ORIENTED_EDGE('',*,*,#2016,.F.);
#2016 = EDGE_CURVE('',#1284,#2009,#2017,.T.);
#2017 = LINE('',#2018,#2019);
#2018 = CARTESIAN_POINT('',(3.,1.64,1.6));
#2019 = VECTOR('',#2020,1.);
#2020 = DIRECTION('',(0.,1.,-0.));
#2021 = ORIENTED_EDGE('',*,*,#1283,.F.);
#2022 = ORIENTED_EDGE('',*,*,#2023,.F.);
#2023 = EDGE_CURVE('',#2024,#1276,#2026,.T.);
#2024 = VERTEX_POINT('',#2025);
#2025 = CARTESIAN_POINT('',(3.,0.2,-1.6));
#2026 = LINE('',#2027,#2028);
#2027 = CARTESIAN_POINT('',(3.,1.64,-1.6));
#2028 = VECTOR('',#2029,1.);
#2029 = DIRECTION('',(-0.,-1.,0.));
#2030 = ORIENTED_EDGE('',*,*,#2031,.F.);
#2031 = EDGE_CURVE('',#2032,#2024,#2034,.T.);
#2032 = VERTEX_POINT('',#2033);
#2033 = CARTESIAN_POINT('',(3.,0.2,-2.4));
#2034 = LINE('',#2035,#2036);
#2035 = CARTESIAN_POINT('',(3.,0.2,-2.9));
#2036 = VECTOR('',#2037,1.);
#2037 = DIRECTION('',(0.,0.,1.));
#2038 = ORIENTED_EDGE('',*,*,#2039,.F.);
#2039 = EDGE_CURVE('',#1268,#2032,#2040,.T.);
#2040 = LINE('',#2041,#2042);
#2041 = CARTESIAN_POINT('',(3.,1.64,-2.4));
#2042 = VECTOR('',#2043,1.);
#2043 = DIRECTION('',(0.,1.,-0.));
#2044 = ORIENTED_EDGE('',*,*,#1267,.F.);
#2045 = ORIENTED_EDGE('',*,*,#2046,.F.);
#2046 = EDGE_CURVE('',#2047,#1260,#2049,.T.);
#2047 = VERTEX_POINT('',#2048);
#2048 = CARTESIAN_POINT('',(3.,0.99,-2.7));
#2049 = LINE('',#2050,#2051);
#2050 = CARTESIAN_POINT('',(3.,1.64,-2.7));
#2051 = VECTOR('',#2052,1.);
#2052 = DIRECTION('',(-0.,-1.,0.));
#2053 = ORIENTED_EDGE('',*,*,#2054,.F.);
#2054 = EDGE_CURVE('',#2055,#2047,#2057,.T.);
#2055 = VERTEX_POINT('',#2056);
#2056 = CARTESIAN_POINT('',(3.,1.023333333333,-2.9));
#2057 = LINE('',#2058,#2059);
#2058 = CARTESIAN_POINT('',(3.,1.023333333333,-2.9));
#2059 = VECTOR('',#2060,1.);
#2060 = DIRECTION('',(0.,-0.164398987305,0.986393923832));
#2061 = ORIENTED_EDGE('',*,*,#2062,.F.);
#2062 = EDGE_CURVE('',#2063,#2055,#2065,.T.);
#2063 = VERTEX_POINT('',#2064);
#2064 = CARTESIAN_POINT('',(3.,1.54,-2.9));
#2065 = LINE('',#2066,#2067);
#2066 = CARTESIAN_POINT('',(3.,1.64,-2.9));
#2067 = VECTOR('',#2068,1.);
#2068 = DIRECTION('',(-0.,-1.,0.));
#2069 = ORIENTED_EDGE('',*,*,#2070,.F.);
#2070 = EDGE_CURVE('',#2071,#2063,#2073,.T.);
#2071 = VERTEX_POINT('',#2072);
#2072 = CARTESIAN_POINT('',(3.,1.54,-2.7));
#2073 = LINE('',#2074,#2075);
#2074 = CARTESIAN_POINT('',(3.,1.54,-2.9));
#2075 = VECTOR('',#2076,1.);
#2076 = DIRECTION('',(-0.,-0.,-1.));
#2077 = ORIENTED_EDGE('',*,*,#2078,.F.);
#2078 = EDGE_CURVE('',#2079,#2071,#2081,.T.);
#2079 = VERTEX_POINT('',#2080);
#2080 = CARTESIAN_POINT('',(3.,1.65,-2.7));
#2081 = LINE('',#2082,#2083);
#2082 = CARTESIAN_POINT('',(3.,1.64,-2.7));
#2083 = VECTOR('',#2084,1.);
#2084 = DIRECTION('',(-0.,-1.,0.));
#2085 = ORIENTED_EDGE('',*,*,#2086,.F.);
#2086 = EDGE_CURVE('',#2087,#2079,#2089,.T.);
#2087 = VERTEX_POINT('',#2088);
#2088 = CARTESIAN_POINT('',(3.,1.65,-2.8));
#2089 = LINE('',#2090,#2091);
#2090 = CARTESIAN_POINT('',(3.,1.65,-2.9));
#2091 = VECTOR('',#2092,1.);
#2092 = DIRECTION('',(0.,0.,1.));
#2093 = ORIENTED_EDGE('',*,*,#2094,.F.);
#2094 = EDGE_CURVE('',#2095,#2087,#2097,.T.);
#2095 = VERTEX_POINT('',#2096);
#2096 = CARTESIAN_POINT('',(3.,1.8,-2.8));
#2097 = LINE('',#2098,#2099);
#2098 = CARTESIAN_POINT('',(3.,1.64,-2.8));
#2099 = VECTOR('',#2100,1.);
#2100 = DIRECTION('',(-0.,-1.,0.));
#2101 = ORIENTED_EDGE('',*,*,#2102,.F.);
#2102 = EDGE_CURVE('',#2103,#2095,#2105,.T.);
#2103 = VERTEX_POINT('',#2104);
#2104 = CARTESIAN_POINT('',(3.,1.8,-2.5));
#2105 = LINE('',#2106,#2107);
#2106 = CARTESIAN_POINT('',(3.,1.8,2.8));
#2107 = VECTOR('',#2108,1.);
#2108 = DIRECTION('',(-0.,0.,-1.));
#2109 = ORIENTED_EDGE('',*,*,#2110,.F.);
#2110 = EDGE_CURVE('',#2111,#2103,#2113,.T.);
#2111 = VERTEX_POINT('',#2112);
#2112 = CARTESIAN_POINT('',(3.,1.65,-2.5));
#2113 = LINE('',#2114,#2115);
#2114 = CARTESIAN_POINT('',(3.,1.64,-2.5));
#2115 = VECTOR('',#2116,1.);
#2116 = DIRECTION('',(0.,1.,-0.));
#2117 = ORIENTED_EDGE('',*,*,#2118,.F.);
#2118 = EDGE_CURVE('',#2119,#2111,#2121,.T.);
#2119 = VERTEX_POINT('',#2120);
#2120 = CARTESIAN_POINT('',(3.,1.65,-1.9));
#2121 = LINE('',#2122,#2123);
#2122 = CARTESIAN_POINT('',(3.,1.65,-2.9));
#2123 = VECTOR('',#2124,1.);
#2124 = DIRECTION('',(-0.,-0.,-1.));
#2125 = ORIENTED_EDGE('',*,*,#2126,.F.);
#2126 = EDGE_CURVE('',#2127,#2119,#2129,.T.);
#2127 = VERTEX_POINT('',#2128);
#2128 = CARTESIAN_POINT('',(3.,1.8,-1.9));
#2129 = LINE('',#2130,#2131);
#2130 = CARTESIAN_POINT('',(3.,1.64,-1.9));
#2131 = VECTOR('',#2132,1.);
#2132 = DIRECTION('',(-0.,-1.,0.));
#2133 = ORIENTED_EDGE('',*,*,#2134,.F.);
#2134 = EDGE_CURVE('',#2135,#2127,#2137,.T.);
#2135 = VERTEX_POINT('',#2136);
#2136 = CARTESIAN_POINT('',(3.,1.8,-1.5));
#2137 = LINE('',#2138,#2139);
#2138 = CARTESIAN_POINT('',(3.,1.8,2.8));
#2139 = VECTOR('',#2140,1.);
#2140 = DIRECTION('',(-0.,0.,-1.));
#2141 = ORIENTED_EDGE('',*,*,#2142,.F.);
#2142 = EDGE_CURVE('',#2143,#2135,#2145,.T.);
#2143 = VERTEX_POINT('',#2144);
#2144 = CARTESIAN_POINT('',(3.,1.797345146833,-1.5));
#2145 = LINE('',#2146,#2147);
#2146 = CARTESIAN_POINT('',(3.,1.64,-1.5));
#2147 = VECTOR('',#2148,1.);
#2148 = DIRECTION('',(0.,1.,-0.));
#2149 = ORIENTED_EDGE('',*,*,#2150,.F.);
#2150 = EDGE_CURVE('',#2151,#2143,#2153,.T.);
#2151 = VERTEX_POINT('',#2152);
#2152 = CARTESIAN_POINT('',(3.,1.643164487129,-1.5));
#2153 = LINE('',#2154,#2155);
#2154 = CARTESIAN_POINT('',(3.,1.64,-1.5));
#2155 = VECTOR('',#2156,1.);
#2156 = DIRECTION('',(0.,1.,-0.));
#2157 = ORIENTED_EDGE('',*,*,#2158,.F.);
#2158 = EDGE_CURVE('',#1906,#2151,#2159,.T.);
#2159 = LINE('',#2160,#2161);
#2160 = CARTESIAN_POINT('',(3.,1.643164487129,-2.9));
#2161 = VECTOR('',#2162,1.);
#2162 = DIRECTION('',(-0.,-0.,-1.));
#2163 = PLANE('',#2164);
#2164 = AXIS2_PLACEMENT_3D('',#2165,#2166,#2167);
#2165 = CARTESIAN_POINT('',(3.,1.64,-2.9));
#2166 = DIRECTION('',(-1.,0.,0.));
#2167 = DIRECTION('',(0.,0.,1.));
#2168 = ADVANCED_FACE('',(#2169),#2196,.T.);
#2169 = FACE_BOUND('',#2170,.T.);
#2170 = EDGE_LOOP('',(#2171,#2180,#2181,#2190));
#2171 = ORIENTED_EDGE('',*,*,#2172,.T.);
#2172 = EDGE_CURVE('',#2173,#1276,#2175,.T.);
#2173 = VERTEX_POINT('',#2174);
#2174 = CARTESIAN_POINT('',(3.197123022628,0.166198906085,-1.6));
#2175 = CIRCLE('',#2176,0.2);
#2176 = AXIS2_PLACEMENT_3D('',#2177,#2178,#2179);
#2177 = CARTESIAN_POINT('',(3.,0.2,-1.6));
#2178 = DIRECTION('',(-0.,0.,-1.));
#2179 = DIRECTION('',(-1.,0.,0.));
#2180 = ORIENTED_EDGE('',*,*,#1275,.F.);
#2181 = ORIENTED_EDGE('',*,*,#2182,.T.);
#2182 = EDGE_CURVE('',#1268,#2183,#2185,.T.);
#2183 = VERTEX_POINT('',#2184);
#2184 = CARTESIAN_POINT('',(3.197123022628,0.166198906085,-2.4));
#2185 = CIRCLE('',#2186,0.2);
#2186 = AXIS2_PLACEMENT_3D('',#2187,#2188,#2189);
#2187 = CARTESIAN_POINT('',(3.,0.2,-2.4));
#2188 = DIRECTION('',(0.,0.,1.));
#2189 = DIRECTION('',(-1.,9.486769009248E-16,0.));
#2190 = ORIENTED_EDGE('',*,*,#2191,.T.);
#2191 = EDGE_CURVE('',#2183,#2173,#2192,.T.);
#2192 = LINE('',#2193,#2194);
#2193 = CARTESIAN_POINT('',(3.197123022628,0.166198906085,-2.4));
#2194 = VECTOR('',#2195,1.);
#2195 = DIRECTION('',(0.,0.,1.));
#2196 = CYLINDRICAL_SURFACE('',#2197,0.2);
#2197 = AXIS2_PLACEMENT_3D('',#2198,#2199,#2200);
#2198 = CARTESIAN_POINT('',(3.,0.2,-2.4));
#2199 = DIRECTION('',(-0.,-0.,-1.));
#2200 = DIRECTION('',(-1.,0.,0.));
#2201 = ADVANCED_FACE('',(#2202),#2220,.F.);
#2202 = FACE_BOUND('',#2203,.T.);
#2203 = EDGE_LOOP('',(#2204,#2212,#2218,#2219));
#2204 = ORIENTED_EDGE('',*,*,#2205,.F.);
#2205 = EDGE_CURVE('',#2206,#1251,#2208,.T.);
#2206 = VERTEX_POINT('',#2207);
#2207 = CARTESIAN_POINT('',(1.85,0.99,-2.7));
#2208 = LINE('',#2209,#2210);
#2209 = CARTESIAN_POINT('',(1.85,1.641,-2.7));
#2210 = VECTOR('',#2211,1.);
#2211 = DIRECTION('',(-0.,-1.,0.));
#2212 = ORIENTED_EDGE('',*,*,#2213,.F.);
#2213 = EDGE_CURVE('',#2047,#2206,#2214,.T.);
#2214 = LINE('',#2215,#2216);
#2215 = CARTESIAN_POINT('',(1.85,0.99,-2.7));
#2216 = VECTOR('',#2217,1.);
#2217 = DIRECTION('',(-1.,-0.,-3.771137991254E-16));
#2218 = ORIENTED_EDGE('',*,*,#2046,.T.);
#2219 = ORIENTED_EDGE('',*,*,#1259,.F.);
#2220 = PLANE('',#2221);
#2221 = AXIS2_PLACEMENT_3D('',#2222,#2223,#2224);
#2222 = CARTESIAN_POINT('',(1.85,1.641,-2.7));
#2223 = DIRECTION('',(-3.771137991254E-16,0.,1.));
#2224 = DIRECTION('',(1.,0.,3.771137991254E-16));
#2225 = ADVANCED_FACE('',(#2226),#2245,.F.);
#2226 = FACE_BOUND('',#2227,.F.);
#2227 = EDGE_LOOP('',(#2228,#2229,#2230,#2239));
#2228 = ORIENTED_EDGE('',*,*,#1250,.T.);
#2229 = ORIENTED_EDGE('',*,*,#2205,.F.);
#2230 = ORIENTED_EDGE('',*,*,#2231,.T.);
#2231 = EDGE_CURVE('',#2206,#2232,#2234,.T.);
#2232 = VERTEX_POINT('',#2233);
#2233 = CARTESIAN_POINT('',(1.75,1.006666666667,-2.8));
#2234 = ( BOUNDED_CURVE() B_SPLINE_CURVE(3,(#2235,#2236,#2237,#2238),
.UNSPECIFIED.,.F.,.F.) B_SPLINE_CURVE_WITH_KNOTS((4,4),(0.,
1.570796326795),.PIECEWISE_BEZIER_KNOTS.) CURVE() 
GEOMETRIC_REPRESENTATION_ITEM() RATIONAL_B_SPLINE_CURVE((1.,
0.804737854124,0.804737854124,1.)) REPRESENTATION_ITEM('') );
#2235 = CARTESIAN_POINT('',(1.85,0.99,-2.7));
#2236 = CARTESIAN_POINT('',(1.791421356237,0.99,-2.7));
#2237 = CARTESIAN_POINT('',(1.75,0.996903559373,-2.741421356237));
#2238 = CARTESIAN_POINT('',(1.75,1.006666666667,-2.8));
#2239 = ORIENTED_EDGE('',*,*,#2240,.T.);
#2240 = EDGE_CURVE('',#2232,#1243,#2241,.T.);
#2241 = LINE('',#2242,#2243);
#2242 = CARTESIAN_POINT('',(1.75,1.641,-2.8));
#2243 = VECTOR('',#2244,1.);
#2244 = DIRECTION('',(-0.,-1.,-0.));
#2245 = CYLINDRICAL_SURFACE('',#2246,1.E-01);
#2246 = AXIS2_PLACEMENT_3D('',#2247,#2248,#2249);
#2247 = CARTESIAN_POINT('',(1.85,1.641,-2.8));
#2248 = DIRECTION('',(-0.,-1.,-0.));
#2249 = DIRECTION('',(0.,0.,-1.));
#2250 = ADVANCED_FACE('',(#2251),#2372,.F.);
#2251 = FACE_BOUND('',#2252,.T.);
#2252 = EDGE_LOOP('',(#2253,#2263,#2271,#2277,#2278,#2286,#2294,#2300,
    #2301,#2302,#2310,#2318,#2326,#2334,#2342,#2350,#2358,#2366));
#2253 = ORIENTED_EDGE('',*,*,#2254,.F.);
#2254 = EDGE_CURVE('',#2255,#2257,#2259,.T.);
#2255 = VERTEX_POINT('',#2256);
#2256 = CARTESIAN_POINT('',(1.725,1.779925552076,-2.8));
#2257 = VERTEX_POINT('',#2258);
#2258 = CARTESIAN_POINT('',(1.725,1.569124839808,-2.8));
#2259 = LINE('',#2260,#2261);
#2260 = CARTESIAN_POINT('',(1.725,0.,-2.8));
#2261 = VECTOR('',#2262,1.);
#2262 = DIRECTION('',(0.,-1.,-0.));
#2263 = ORIENTED_EDGE('',*,*,#2264,.F.);
#2264 = EDGE_CURVE('',#2265,#2255,#2267,.T.);
#2265 = VERTEX_POINT('',#2266);
#2266 = CARTESIAN_POINT('',(1.725,1.8,-2.8));
#2267 = LINE('',#2268,#2269);
#2268 = CARTESIAN_POINT('',(1.725,0.,-2.8));
#2269 = VECTOR('',#2270,1.);
#2270 = DIRECTION('',(0.,-1.,-0.));
#2271 = ORIENTED_EDGE('',*,*,#2272,.F.);
#2272 = EDGE_CURVE('',#2095,#2265,#2273,.T.);
#2273 = LINE('',#2274,#2275);
#2274 = CARTESIAN_POINT('',(-3.1,1.8,-2.8));
#2275 = VECTOR('',#2276,1.);
#2276 = DIRECTION('',(-1.,-0.,0.));
#2277 = ORIENTED_EDGE('',*,*,#2094,.T.);
#2278 = ORIENTED_EDGE('',*,*,#2279,.F.);
#2279 = EDGE_CURVE('',#2280,#2087,#2282,.T.);
#2280 = VERTEX_POINT('',#2281);
#2281 = CARTESIAN_POINT('',(1.75,1.65,-2.8));
#2282 = LINE('',#2283,#2284);
#2283 = CARTESIAN_POINT('',(-1.75,1.65,-2.8));
#2284 = VECTOR('',#2285,1.);
#2285 = DIRECTION('',(1.,0.,-0.));
#2286 = ORIENTED_EDGE('',*,*,#2287,.F.);
#2287 = EDGE_CURVE('',#2288,#2280,#2290,.T.);
#2288 = VERTEX_POINT('',#2289);
#2289 = CARTESIAN_POINT('',(1.75,1.64,-2.8));
#2290 = LINE('',#2291,#2292);
#2291 = CARTESIAN_POINT('',(1.75,0.,-2.8));
#2292 = VECTOR('',#2293,1.);
#2293 = DIRECTION('',(-0.,1.,0.));
#2294 = ORIENTED_EDGE('',*,*,#2295,.F.);
#2295 = EDGE_CURVE('',#2232,#2288,#2296,.T.);
#2296 = LINE('',#2297,#2298);
#2297 = CARTESIAN_POINT('',(1.75,0.,-2.8));
#2298 = VECTOR('',#2299,1.);
#2299 = DIRECTION('',(-0.,1.,0.));
#2300 = ORIENTED_EDGE('',*,*,#2240,.T.);
#2301 = ORIENTED_EDGE('',*,*,#1242,.F.);
#2302 = ORIENTED_EDGE('',*,*,#2303,.F.);
#2303 = EDGE_CURVE('',#2304,#1234,#2306,.T.);
#2304 = VERTEX_POINT('',#2305);
#2305 = CARTESIAN_POINT('',(-1.75,1.006666666667,-2.8));
#2306 = LINE('',#2307,#2308);
#2307 = CARTESIAN_POINT('',(-1.75,0.,-2.8));
#2308 = VECTOR('',#2309,1.);
#2309 = DIRECTION('',(0.,-1.,-0.));
#2310 = ORIENTED_EDGE('',*,*,#2311,.F.);
#2311 = EDGE_CURVE('',#2312,#2304,#2314,.T.);
#2312 = VERTEX_POINT('',#2313);
#2313 = CARTESIAN_POINT('',(-1.75,1.64,-2.8));
#2314 = LINE('',#2315,#2316);
#2315 = CARTESIAN_POINT('',(-1.75,0.,-2.8));
#2316 = VECTOR('',#2317,1.);
#2317 = DIRECTION('',(0.,-1.,-0.));
#2318 = ORIENTED_EDGE('',*,*,#2319,.F.);
#2319 = EDGE_CURVE('',#2320,#2312,#2322,.T.);
#2320 = VERTEX_POINT('',#2321);
#2321 = CARTESIAN_POINT('',(-1.75,1.65,-2.8));
#2322 = LINE('',#2323,#2324);
#2323 = CARTESIAN_POINT('',(-1.75,0.,-2.8));
#2324 = VECTOR('',#2325,1.);
#2325 = DIRECTION('',(0.,-1.,-0.));
#2326 = ORIENTED_EDGE('',*,*,#2327,.F.);
#2327 = EDGE_CURVE('',#2328,#2320,#2330,.T.);
#2328 = VERTEX_POINT('',#2329);
#2329 = CARTESIAN_POINT('',(-3.,1.65,-2.8));
#2330 = LINE('',#2331,#2332);
#2331 = CARTESIAN_POINT('',(-1.75,1.65,-2.8));
#2332 = VECTOR('',#2333,1.);
#2333 = DIRECTION('',(1.,0.,-0.));
#2334 = ORIENTED_EDGE('',*,*,#2335,.F.);
#2335 = EDGE_CURVE('',#2336,#2328,#2338,.T.);
#2336 = VERTEX_POINT('',#2337);
#2337 = CARTESIAN_POINT('',(-3.,1.8,-2.8));
#2338 = LINE('',#2339,#2340);
#2339 = CARTESIAN_POINT('',(-3.,0.,-2.8));
#2340 = VECTOR('',#2341,1.);
#2341 = DIRECTION('',(0.,-1.,-0.));
#2342 = ORIENTED_EDGE('',*,*,#2343,.F.);
#2343 = EDGE_CURVE('',#2344,#2336,#2346,.T.);
#2344 = VERTEX_POINT('',#2345);
#2345 = CARTESIAN_POINT('',(-1.725,1.8,-2.8));
#2346 = LINE('',#2347,#2348);
#2347 = CARTESIAN_POINT('',(-3.1,1.8,-2.8));
#2348 = VECTOR('',#2349,1.);
#2349 = DIRECTION('',(-1.,-0.,0.));
#2350 = ORIENTED_EDGE('',*,*,#2351,.F.);
#2351 = EDGE_CURVE('',#2352,#2344,#2354,.T.);
#2352 = VERTEX_POINT('',#2353);
#2353 = CARTESIAN_POINT('',(-1.725,1.779925552076,-2.8));
#2354 = LINE('',#2355,#2356);
#2355 = CARTESIAN_POINT('',(-1.725,0.,-2.8));
#2356 = VECTOR('',#2357,1.);
#2357 = DIRECTION('',(-0.,1.,0.));
#2358 = ORIENTED_EDGE('',*,*,#2359,.F.);
#2359 = EDGE_CURVE('',#2360,#2352,#2362,.T.);
#2360 = VERTEX_POINT('',#2361);
#2361 = CARTESIAN_POINT('',(-1.725,1.569124839808,-2.8));
#2362 = LINE('',#2363,#2364);
#2363 = CARTESIAN_POINT('',(-1.725,0.,-2.8));
#2364 = VECTOR('',#2365,1.);
#2365 = DIRECTION('',(-0.,1.,0.));
#2366 = ORIENTED_EDGE('',*,*,#2367,.F.);
#2367 = EDGE_CURVE('',#2257,#2360,#2368,.T.);
#2368 = LINE('',#2369,#2370);
#2369 = CARTESIAN_POINT('',(-1.75,1.569124839808,-2.8));
#2370 = VECTOR('',#2371,1.);
#2371 = DIRECTION('',(-1.,-0.,0.));
#2372 = PLANE('',#2373);
#2373 = AXIS2_PLACEMENT_3D('',#2374,#2375,#2376);
#2374 = CARTESIAN_POINT('',(-1.75,0.,-2.8));
#2375 = DIRECTION('',(0.,0.,1.));
#2376 = DIRECTION('',(1.,0.,-0.));
#2377 = ADVANCED_FACE('',(#2378),#2397,.F.);
#2378 = FACE_BOUND('',#2379,.F.);
#2379 = EDGE_LOOP('',(#2380,#2381,#2382,#2391));
#2380 = ORIENTED_EDGE('',*,*,#1233,.T.);
#2381 = ORIENTED_EDGE('',*,*,#2303,.F.);
#2382 = ORIENTED_EDGE('',*,*,#2383,.T.);
#2383 = EDGE_CURVE('',#2304,#2384,#2386,.T.);
#2384 = VERTEX_POINT('',#2385);
#2385 = CARTESIAN_POINT('',(-1.85,0.99,-2.7));
#2386 = ( BOUNDED_CURVE() B_SPLINE_CURVE(3,(#2387,#2388,#2389,#2390),
.UNSPECIFIED.,.F.,.F.) B_SPLINE_CURVE_WITH_KNOTS((4,4),(4.712388980385,
6.28318530718),.PIECEWISE_BEZIER_KNOTS.) CURVE() 
GEOMETRIC_REPRESENTATION_ITEM() RATIONAL_B_SPLINE_CURVE((1.,
0.804737854124,0.804737854124,1.)) REPRESENTATION_ITEM('') );
#2387 = CARTESIAN_POINT('',(-1.75,1.006666666667,-2.8));
#2388 = CARTESIAN_POINT('',(-1.75,0.996903559373,-2.741421356237));
#2389 = CARTESIAN_POINT('',(-1.791421356237,0.99,-2.7));
#2390 = CARTESIAN_POINT('',(-1.85,0.99,-2.7));
#2391 = ORIENTED_EDGE('',*,*,#2392,.T.);
#2392 = EDGE_CURVE('',#2384,#1226,#2393,.T.);
#2393 = LINE('',#2394,#2395);
#2394 = CARTESIAN_POINT('',(-1.85,1.641,-2.7));
#2395 = VECTOR('',#2396,1.);
#2396 = DIRECTION('',(-0.,-1.,-0.));
#2397 = CYLINDRICAL_SURFACE('',#2398,0.1);
#2398 = AXIS2_PLACEMENT_3D('',#2399,#2400,#2401);
#2399 = CARTESIAN_POINT('',(-1.85,1.641,-2.8));
#2400 = DIRECTION('',(-0.,-1.,-0.));
#2401 = DIRECTION('',(0.,0.,-1.));
#2402 = ADVANCED_FACE('',(#2403),#2421,.F.);
#2403 = FACE_BOUND('',#2404,.T.);
#2404 = EDGE_LOOP('',(#2405,#2413,#2419,#2420));
#2405 = ORIENTED_EDGE('',*,*,#2406,.F.);
#2406 = EDGE_CURVE('',#2407,#1218,#2409,.T.);
#2407 = VERTEX_POINT('',#2408);
#2408 = CARTESIAN_POINT('',(-3.,0.99,-2.7));
#2409 = LINE('',#2410,#2411);
#2410 = CARTESIAN_POINT('',(-3.,1.641,-2.7));
#2411 = VECTOR('',#2412,1.);
#2412 = DIRECTION('',(-0.,-1.,-0.));
#2413 = ORIENTED_EDGE('',*,*,#2414,.F.);
#2414 = EDGE_CURVE('',#2384,#2407,#2415,.T.);
#2415 = LINE('',#2416,#2417);
#2416 = CARTESIAN_POINT('',(-1.85,0.99,-2.7));
#2417 = VECTOR('',#2418,1.);
#2418 = DIRECTION('',(-1.,-0.,1.131341397376E-15));
#2419 = ORIENTED_EDGE('',*,*,#2392,.T.);
#2420 = ORIENTED_EDGE('',*,*,#1225,.F.);
#2421 = PLANE('',#2422);
#2422 = AXIS2_PLACEMENT_3D('',#2423,#2424,#2425);
#2423 = CARTESIAN_POINT('',(-1.85,1.641,-2.7));
#2424 = DIRECTION('',(1.131341397376E-15,-0.,1.));
#2425 = DIRECTION('',(1.,0.,-1.131341397376E-15));
#2426 = ADVANCED_FACE('',(#2427),#2454,.T.);
#2427 = FACE_BOUND('',#2428,.T.);
#2428 = EDGE_LOOP('',(#2429,#2438,#2439,#2448));
#2429 = ORIENTED_EDGE('',*,*,#2430,.T.);
#2430 = EDGE_CURVE('',#2431,#1210,#2433,.T.);
#2431 = VERTEX_POINT('',#2432);
#2432 = CARTESIAN_POINT('',(-3.197123022628,0.166198906085,-2.4));
#2433 = CIRCLE('',#2434,0.2);
#2434 = AXIS2_PLACEMENT_3D('',#2435,#2436,#2437);
#2435 = CARTESIAN_POINT('',(-3.,0.2,-2.4));
#2436 = DIRECTION('',(0.,0.,1.));
#2437 = DIRECTION('',(1.,0.,-0.));
#2438 = ORIENTED_EDGE('',*,*,#1209,.F.);
#2439 = ORIENTED_EDGE('',*,*,#2440,.T.);
#2440 = EDGE_CURVE('',#1202,#2441,#2443,.T.);
#2441 = VERTEX_POINT('',#2442);
#2442 = CARTESIAN_POINT('',(-3.197123022628,0.166198906085,-1.6));
#2443 = CIRCLE('',#2444,0.2);
#2444 = AXIS2_PLACEMENT_3D('',#2445,#2446,#2447);
#2445 = CARTESIAN_POINT('',(-3.,0.2,-1.6));
#2446 = DIRECTION('',(0.,0.,-1.));
#2447 = DIRECTION('',(1.,0.,0.));
#2448 = ORIENTED_EDGE('',*,*,#2449,.T.);
#2449 = EDGE_CURVE('',#2441,#2431,#2450,.T.);
#2450 = LINE('',#2451,#2452);
#2451 = CARTESIAN_POINT('',(-3.197123022628,0.166198906085,-1.6));
#2452 = VECTOR('',#2453,1.);
#2453 = DIRECTION('',(-0.,-0.,-1.));
#2454 = CYLINDRICAL_SURFACE('',#2455,0.2);
#2455 = AXIS2_PLACEMENT_3D('',#2456,#2457,#2458);
#2456 = CARTESIAN_POINT('',(-3.,0.2,-1.6));
#2457 = DIRECTION('',(0.,0.,1.));
#2458 = DIRECTION('',(1.,0.,-0.));
#2459 = ADVANCED_FACE('',(#2460),#2707,.F.);
#2460 = FACE_BOUND('',#2461,.T.);
#2461 = EDGE_LOOP('',(#2462,#2472,#2480,#2488,#2496,#2504,#2512,#2518,
    #2519,#2527,#2535,#2543,#2551,#2557,#2558,#2559,#2567,#2575,#2581,
    #2582,#2590,#2598,#2604,#2605,#2606,#2614,#2622,#2630,#2638,#2644,
    #2645,#2653,#2661,#2669,#2677,#2685,#2693,#2701));
#2462 = ORIENTED_EDGE('',*,*,#2463,.F.);
#2463 = EDGE_CURVE('',#2464,#2466,#2468,.T.);
#2464 = VERTEX_POINT('',#2465);
#2465 = CARTESIAN_POINT('',(-3.,1.797345146833,-1.5));
#2466 = VERTEX_POINT('',#2467);
#2467 = CARTESIAN_POINT('',(-3.,1.643164487129,-1.5));
#2468 = LINE('',#2469,#2470);
#2469 = CARTESIAN_POINT('',(-3.,1.64,-1.5));
#2470 = VECTOR('',#2471,1.);
#2471 = DIRECTION('',(-0.,-1.,-0.));
#2472 = ORIENTED_EDGE('',*,*,#2473,.F.);
#2473 = EDGE_CURVE('',#2474,#2464,#2476,.T.);
#2474 = VERTEX_POINT('',#2475);
#2475 = CARTESIAN_POINT('',(-3.,1.8,-1.5));
#2476 = LINE('',#2477,#2478);
#2477 = CARTESIAN_POINT('',(-3.,1.64,-1.5));
#2478 = VECTOR('',#2479,1.);
#2479 = DIRECTION('',(-0.,-1.,-0.));
#2480 = ORIENTED_EDGE('',*,*,#2481,.F.);
#2481 = EDGE_CURVE('',#2482,#2474,#2484,.T.);
#2482 = VERTEX_POINT('',#2483);
#2483 = CARTESIAN_POINT('',(-3.,1.8,-1.9));
#2484 = LINE('',#2485,#2486);
#2485 = CARTESIAN_POINT('',(-3.,1.8,2.8));
#2486 = VECTOR('',#2487,1.);
#2487 = DIRECTION('',(0.,-0.,1.));
#2488 = ORIENTED_EDGE('',*,*,#2489,.F.);
#2489 = EDGE_CURVE('',#2490,#2482,#2492,.T.);
#2490 = VERTEX_POINT('',#2491);
#2491 = CARTESIAN_POINT('',(-3.,1.65,-1.9));
#2492 = LINE('',#2493,#2494);
#2493 = CARTESIAN_POINT('',(-3.,1.64,-1.9));
#2494 = VECTOR('',#2495,1.);
#2495 = DIRECTION('',(0.,1.,0.));
#2496 = ORIENTED_EDGE('',*,*,#2497,.F.);
#2497 = EDGE_CURVE('',#2498,#2490,#2500,.T.);
#2498 = VERTEX_POINT('',#2499);
#2499 = CARTESIAN_POINT('',(-3.,1.65,-2.5));
#2500 = LINE('',#2501,#2502);
#2501 = CARTESIAN_POINT('',(-3.,1.65,-2.9));
#2502 = VECTOR('',#2503,1.);
#2503 = DIRECTION('',(2.990902544788E-16,-0.,1.));
#2504 = ORIENTED_EDGE('',*,*,#2505,.F.);
#2505 = EDGE_CURVE('',#2506,#2498,#2508,.T.);
#2506 = VERTEX_POINT('',#2507);
#2507 = CARTESIAN_POINT('',(-3.,1.8,-2.5));
#2508 = LINE('',#2509,#2510);
#2509 = CARTESIAN_POINT('',(-3.,1.64,-2.5));
#2510 = VECTOR('',#2511,1.);
#2511 = DIRECTION('',(-0.,-1.,-0.));
#2512 = ORIENTED_EDGE('',*,*,#2513,.F.);
#2513 = EDGE_CURVE('',#2336,#2506,#2514,.T.);
#2514 = LINE('',#2515,#2516);
#2515 = CARTESIAN_POINT('',(-3.,1.8,2.8));
#2516 = VECTOR('',#2517,1.);
#2517 = DIRECTION('',(0.,-0.,1.));
#2518 = ORIENTED_EDGE('',*,*,#2335,.T.);
#2519 = ORIENTED_EDGE('',*,*,#2520,.F.);
#2520 = EDGE_CURVE('',#2521,#2328,#2523,.T.);
#2521 = VERTEX_POINT('',#2522);
#2522 = CARTESIAN_POINT('',(-3.,1.65,-2.7));
#2523 = LINE('',#2524,#2525);
#2524 = CARTESIAN_POINT('',(-3.,1.65,-2.9));
#2525 = VECTOR('',#2526,1.);
#2526 = DIRECTION('',(-2.990902544788E-16,0.,-1.));
#2527 = ORIENTED_EDGE('',*,*,#2528,.F.);
#2528 = EDGE_CURVE('',#2529,#2521,#2531,.T.);
#2529 = VERTEX_POINT('',#2530);
#2530 = CARTESIAN_POINT('',(-3.,1.54,-2.7));
#2531 = LINE('',#2532,#2533);
#2532 = CARTESIAN_POINT('',(-3.,1.64,-2.7));
#2533 = VECTOR('',#2534,1.);
#2534 = DIRECTION('',(0.,1.,0.));
#2535 = ORIENTED_EDGE('',*,*,#2536,.F.);
#2536 = EDGE_CURVE('',#2537,#2529,#2539,.T.);
#2537 = VERTEX_POINT('',#2538);
#2538 = CARTESIAN_POINT('',(-3.,1.54,-2.9));
#2539 = LINE('',#2540,#2541);
#2540 = CARTESIAN_POINT('',(-3.,1.54,-2.9));
#2541 = VECTOR('',#2542,1.);
#2542 = DIRECTION('',(2.990902544788E-16,-0.,1.));
#2543 = ORIENTED_EDGE('',*,*,#2544,.F.);
#2544 = EDGE_CURVE('',#2545,#2537,#2547,.T.);
#2545 = VERTEX_POINT('',#2546);
#2546 = CARTESIAN_POINT('',(-3.,1.023333333333,-2.9));
#2547 = LINE('',#2548,#2549);
#2548 = CARTESIAN_POINT('',(-3.,1.64,-2.9));
#2549 = VECTOR('',#2550,1.);
#2550 = DIRECTION('',(0.,1.,0.));
#2551 = ORIENTED_EDGE('',*,*,#2552,.F.);
#2552 = EDGE_CURVE('',#2407,#2545,#2553,.T.);
#2553 = LINE('',#2554,#2555);
#2554 = CARTESIAN_POINT('',(-3.,0.99,-2.7));
#2555 = VECTOR('',#2556,1.);
#2556 = DIRECTION('',(0.,0.164398987305,-0.986393923832));
#2557 = ORIENTED_EDGE('',*,*,#2406,.T.);
#2558 = ORIENTED_EDGE('',*,*,#1217,.F.);
#2559 = ORIENTED_EDGE('',*,*,#2560,.F.);
#2560 = EDGE_CURVE('',#2561,#1210,#2563,.T.);
#2561 = VERTEX_POINT('',#2562);
#2562 = CARTESIAN_POINT('',(-3.,0.2,-2.4));
#2563 = LINE('',#2564,#2565);
#2564 = CARTESIAN_POINT('',(-3.,1.64,-2.4));
#2565 = VECTOR('',#2566,1.);
#2566 = DIRECTION('',(-0.,-1.,-0.));
#2567 = ORIENTED_EDGE('',*,*,#2568,.F.);
#2568 = EDGE_CURVE('',#2569,#2561,#2571,.T.);
#2569 = VERTEX_POINT('',#2570);
#2570 = CARTESIAN_POINT('',(-3.,0.2,-1.6));
#2571 = LINE('',#2572,#2573);
#2572 = CARTESIAN_POINT('',(-3.,0.2,-2.9));
#2573 = VECTOR('',#2574,1.);
#2574 = DIRECTION('',(-2.990902544788E-16,0.,-1.));
#2575 = ORIENTED_EDGE('',*,*,#2576,.F.);
#2576 = EDGE_CURVE('',#1202,#2569,#2577,.T.);
#2577 = LINE('',#2578,#2579);
#2578 = CARTESIAN_POINT('',(-3.,1.64,-1.6));
#2579 = VECTOR('',#2580,1.);
#2580 = DIRECTION('',(0.,1.,0.));
#2581 = ORIENTED_EDGE('',*,*,#1201,.F.);
#2582 = ORIENTED_EDGE('',*,*,#2583,.F.);
#2583 = EDGE_CURVE('',#2584,#1194,#2586,.T.);
#2584 = VERTEX_POINT('',#2585);
#2585 = CARTESIAN_POINT('',(-3.,0.2,1.6));
#2586 = LINE('',#2587,#2588);
#2587 = CARTESIAN_POINT('',(-3.,1.64,1.6));
#2588 = VECTOR('',#2589,1.);
#2589 = DIRECTION('',(-0.,-1.,-0.));
#2590 = ORIENTED_EDGE('',*,*,#2591,.F.);
#2591 = EDGE_CURVE('',#2592,#2584,#2594,.T.);
#2592 = VERTEX_POINT('',#2593);
#2593 = CARTESIAN_POINT('',(-3.,0.2,2.4));
#2594 = LINE('',#2595,#2596);
#2595 = CARTESIAN_POINT('',(-3.,0.2,-2.9));
#2596 = VECTOR('',#2597,1.);
#2597 = DIRECTION('',(-2.990902544788E-16,0.,-1.));
#2598 = ORIENTED_EDGE('',*,*,#2599,.F.);
#2599 = EDGE_CURVE('',#1186,#2592,#2600,.T.);
#2600 = LINE('',#2601,#2602);
#2601 = CARTESIAN_POINT('',(-3.,1.64,2.4));
#2602 = VECTOR('',#2603,1.);
#2603 = DIRECTION('',(0.,1.,0.));
#2604 = ORIENTED_EDGE('',*,*,#1183,.F.);
#2605 = ORIENTED_EDGE('',*,*,#1550,.T.);
#2606 = ORIENTED_EDGE('',*,*,#2607,.F.);
#2607 = EDGE_CURVE('',#2608,#1543,#2610,.T.);
#2608 = VERTEX_POINT('',#2609);
#2609 = CARTESIAN_POINT('',(-3.,1.023333333333,2.9));
#2610 = LINE('',#2611,#2612);
#2611 = CARTESIAN_POINT('',(-3.,1.023333333333,2.9));
#2612 = VECTOR('',#2613,1.);
#2613 = DIRECTION('',(0.,-0.164398987305,-0.986393923832));
#2614 = ORIENTED_EDGE('',*,*,#2615,.F.);
#2615 = EDGE_CURVE('',#2616,#2608,#2618,.T.);
#2616 = VERTEX_POINT('',#2617);
#2617 = CARTESIAN_POINT('',(-3.,1.54,2.9));
#2618 = LINE('',#2619,#2620);
#2619 = CARTESIAN_POINT('',(-3.,1.64,2.9));
#2620 = VECTOR('',#2621,1.);
#2621 = DIRECTION('',(-0.,-1.,-0.));
#2622 = ORIENTED_EDGE('',*,*,#2623,.F.);
#2623 = EDGE_CURVE('',#2624,#2616,#2626,.T.);
#2624 = VERTEX_POINT('',#2625);
#2625 = CARTESIAN_POINT('',(-3.,1.54,2.7));
#2626 = LINE('',#2627,#2628);
#2627 = CARTESIAN_POINT('',(-3.,1.54,-2.9));
#2628 = VECTOR('',#2629,1.);
#2629 = DIRECTION('',(2.990902544788E-16,-0.,1.));
#2630 = ORIENTED_EDGE('',*,*,#2631,.F.);
#2631 = EDGE_CURVE('',#2632,#2624,#2634,.T.);
#2632 = VERTEX_POINT('',#2633);
#2633 = CARTESIAN_POINT('',(-3.,1.65,2.7));
#2634 = LINE('',#2635,#2636);
#2635 = CARTESIAN_POINT('',(-3.,1.64,2.7));
#2636 = VECTOR('',#2637,1.);
#2637 = DIRECTION('',(-0.,-1.,-0.));
#2638 = ORIENTED_EDGE('',*,*,#2639,.F.);
#2639 = EDGE_CURVE('',#1643,#2632,#2640,.T.);
#2640 = LINE('',#2641,#2642);
#2641 = CARTESIAN_POINT('',(-3.,1.65,-2.9));
#2642 = VECTOR('',#2643,1.);
#2643 = DIRECTION('',(-2.990902544788E-16,0.,-1.));
#2644 = ORIENTED_EDGE('',*,*,#1642,.T.);
#2645 = ORIENTED_EDGE('',*,*,#2646,.F.);
#2646 = EDGE_CURVE('',#2647,#1635,#2649,.T.);
#2647 = VERTEX_POINT('',#2648);
#2648 = CARTESIAN_POINT('',(-3.,1.8,2.5));
#2649 = LINE('',#2650,#2651);
#2650 = CARTESIAN_POINT('',(-3.,1.8,2.8));
#2651 = VECTOR('',#2652,1.);
#2652 = DIRECTION('',(0.,-0.,1.));
#2653 = ORIENTED_EDGE('',*,*,#2654,.F.);
#2654 = EDGE_CURVE('',#2655,#2647,#2657,.T.);
#2655 = VERTEX_POINT('',#2656);
#2656 = CARTESIAN_POINT('',(-3.,1.65,2.5));
#2657 = LINE('',#2658,#2659);
#2658 = CARTESIAN_POINT('',(-3.,1.64,2.5));
#2659 = VECTOR('',#2660,1.);
#2660 = DIRECTION('',(0.,1.,0.));
#2661 = ORIENTED_EDGE('',*,*,#2662,.F.);
#2662 = EDGE_CURVE('',#2663,#2655,#2665,.T.);
#2663 = VERTEX_POINT('',#2664);
#2664 = CARTESIAN_POINT('',(-3.,1.65,1.9));
#2665 = LINE('',#2666,#2667);
#2666 = CARTESIAN_POINT('',(-3.,1.65,-2.9));
#2667 = VECTOR('',#2668,1.);
#2668 = DIRECTION('',(2.990902544788E-16,-0.,1.));
#2669 = ORIENTED_EDGE('',*,*,#2670,.F.);
#2670 = EDGE_CURVE('',#2671,#2663,#2673,.T.);
#2671 = VERTEX_POINT('',#2672);
#2672 = CARTESIAN_POINT('',(-3.,1.8,1.9));
#2673 = LINE('',#2674,#2675);
#2674 = CARTESIAN_POINT('',(-3.,1.64,1.9));
#2675 = VECTOR('',#2676,1.);
#2676 = DIRECTION('',(-0.,-1.,-0.));
#2677 = ORIENTED_EDGE('',*,*,#2678,.F.);
#2678 = EDGE_CURVE('',#2679,#2671,#2681,.T.);
#2679 = VERTEX_POINT('',#2680);
#2680 = CARTESIAN_POINT('',(-3.,1.8,1.5));
#2681 = LINE('',#2682,#2683);
#2682 = CARTESIAN_POINT('',(-3.,1.8,2.8));
#2683 = VECTOR('',#2684,1.);
#2684 = DIRECTION('',(0.,-0.,1.));
#2685 = ORIENTED_EDGE('',*,*,#2686,.F.);
#2686 = EDGE_CURVE('',#2687,#2679,#2689,.T.);
#2687 = VERTEX_POINT('',#2688);
#2688 = CARTESIAN_POINT('',(-3.,1.797345146833,1.5));
#2689 = LINE('',#2690,#2691);
#2690 = CARTESIAN_POINT('',(-3.,1.64,1.5));
#2691 = VECTOR('',#2692,1.);
#2692 = DIRECTION('',(0.,1.,0.));
#2693 = ORIENTED_EDGE('',*,*,#2694,.F.);
#2694 = EDGE_CURVE('',#2695,#2687,#2697,.T.);
#2695 = VERTEX_POINT('',#2696);
#2696 = CARTESIAN_POINT('',(-3.,1.643164487129,1.5));
#2697 = LINE('',#2698,#2699);
#2698 = CARTESIAN_POINT('',(-3.,1.64,1.5));
#2699 = VECTOR('',#2700,1.);
#2700 = DIRECTION('',(0.,1.,0.));
#2701 = ORIENTED_EDGE('',*,*,#2702,.F.);
#2702 = EDGE_CURVE('',#2466,#2695,#2703,.T.);
#2703 = LINE('',#2704,#2705);
#2704 = CARTESIAN_POINT('',(-3.,1.643164487129,-2.9));
#2705 = VECTOR('',#2706,1.);
#2706 = DIRECTION('',(2.990902544788E-16,-0.,1.));
#2707 = PLANE('',#2708);
#2708 = AXIS2_PLACEMENT_3D('',#2709,#2710,#2711);
#2709 = CARTESIAN_POINT('',(-3.,1.64,-2.9));
#2710 = DIRECTION('',(1.,0.,-2.990902544788E-16));
#2711 = DIRECTION('',(-2.990902544788E-16,0.,-1.));
#2712 = ADVANCED_FACE('',(#2713,#2719,#2753,#2787,#2821,#2855,#2889),
  #2923,.T.);
#2713 = FACE_BOUND('',#2714,.T.);
#2714 = EDGE_LOOP('',(#2715,#2716,#2717,#2718));
#2715 = ORIENTED_EDGE('',*,*,#1426,.T.);
#2716 = ORIENTED_EDGE('',*,*,#1450,.T.);
#2717 = ORIENTED_EDGE('',*,*,#1467,.T.);
#2718 = ORIENTED_EDGE('',*,*,#1395,.T.);
#2719 = FACE_BOUND('',#2720,.T.);
#2720 = EDGE_LOOP('',(#2721,#2731,#2739,#2747));
#2721 = ORIENTED_EDGE('',*,*,#2722,.T.);
#2722 = EDGE_CURVE('',#2723,#2725,#2727,.T.);
#2723 = VERTEX_POINT('',#2724);
#2724 = CARTESIAN_POINT('',(0.45,5.E-02,-0.9));
#2725 = VERTEX_POINT('',#2726);
#2726 = CARTESIAN_POINT('',(-0.45,5.E-02,-0.9));
#2727 = LINE('',#2728,#2729);
#2728 = CARTESIAN_POINT('',(2.5,5.E-02,-0.9));
#2729 = VECTOR('',#2730,1.);
#2730 = DIRECTION('',(-1.,-0.,-0.));
#2731 = ORIENTED_EDGE('',*,*,#2732,.T.);
#2732 = EDGE_CURVE('',#2725,#2733,#2735,.T.);
#2733 = VERTEX_POINT('',#2734);
#2734 = CARTESIAN_POINT('',(-0.45,5.E-02,-0.35));
#2735 = LINE('',#2736,#2737);
#2736 = CARTESIAN_POINT('',(-0.45,5.E-02,1.));
#2737 = VECTOR('',#2738,1.);
#2738 = DIRECTION('',(-0.,0.,1.));
#2739 = ORIENTED_EDGE('',*,*,#2740,.T.);
#2740 = EDGE_CURVE('',#2733,#2741,#2743,.T.);
#2741 = VERTEX_POINT('',#2742);
#2742 = CARTESIAN_POINT('',(0.45,5.E-02,-0.35));
#2743 = LINE('',#2744,#2745);
#2744 = CARTESIAN_POINT('',(2.5,5.E-02,-0.35));
#2745 = VECTOR('',#2746,1.);
#2746 = DIRECTION('',(1.,0.,0.));
#2747 = ORIENTED_EDGE('',*,*,#2748,.T.);
#2748 = EDGE_CURVE('',#2741,#2723,#2749,.T.);
#2749 = LINE('',#2750,#2751);
#2750 = CARTESIAN_POINT('',(0.45,5.E-02,1.));
#2751 = VECTOR('',#2752,1.);
#2752 = DIRECTION('',(0.,-0.,-1.));
#2753 = FACE_BOUND('',#2754,.T.);
#2754 = EDGE_LOOP('',(#2755,#2765,#2773,#2781));
#2755 = ORIENTED_EDGE('',*,*,#2756,.T.);
#2756 = EDGE_CURVE('',#2757,#2759,#2761,.T.);
#2757 = VERTEX_POINT('',#2758);
#2758 = CARTESIAN_POINT('',(0.45,5.E-02,0.9));
#2759 = VERTEX_POINT('',#2760);
#2760 = CARTESIAN_POINT('',(0.45,5.E-02,0.35));
#2761 = LINE('',#2762,#2763);
#2762 = CARTESIAN_POINT('',(0.45,5.E-02,1.));
#2763 = VECTOR('',#2764,1.);
#2764 = DIRECTION('',(0.,-0.,-1.));
#2765 = ORIENTED_EDGE('',*,*,#2766,.T.);
#2766 = EDGE_CURVE('',#2759,#2767,#2769,.T.);
#2767 = VERTEX_POINT('',#2768);
#2768 = CARTESIAN_POINT('',(-0.45,5.E-02,0.35));
#2769 = LINE('',#2770,#2771);
#2770 = CARTESIAN_POINT('',(2.5,5.E-02,0.35));
#2771 = VECTOR('',#2772,1.);
#2772 = DIRECTION('',(-1.,-0.,-0.));
#2773 = ORIENTED_EDGE('',*,*,#2774,.T.);
#2774 = EDGE_CURVE('',#2767,#2775,#2777,.T.);
#2775 = VERTEX_POINT('',#2776);
#2776 = CARTESIAN_POINT('',(-0.45,5.E-02,0.9));
#2777 = LINE('',#2778,#2779);
#2778 = CARTESIAN_POINT('',(-0.45,5.E-02,1.));
#2779 = VECTOR('',#2780,1.);
#2780 = DIRECTION('',(-0.,0.,1.));
#2781 = ORIENTED_EDGE('',*,*,#2782,.T.);
#2782 = EDGE_CURVE('',#2775,#2757,#2783,.T.);
#2783 = LINE('',#2784,#2785);
#2784 = CARTESIAN_POINT('',(2.5,5.E-02,0.9));
#2785 = VECTOR('',#2786,1.);
#2786 = DIRECTION('',(1.,0.,0.));
#2787 = FACE_BOUND('',#2788,.T.);
#2788 = EDGE_LOOP('',(#2789,#2799,#2807,#2815));
#2789 = ORIENTED_EDGE('',*,*,#2790,.T.);
#2790 = EDGE_CURVE('',#2791,#2793,#2795,.T.);
#2791 = VERTEX_POINT('',#2792);
#2792 = CARTESIAN_POINT('',(-2.4,5.E-02,-0.9));
#2793 = VERTEX_POINT('',#2794);
#2794 = CARTESIAN_POINT('',(-2.4,5.E-02,-0.35));
#2795 = LINE('',#2796,#2797);
#2796 = CARTESIAN_POINT('',(-2.4,5.E-02,1.));
#2797 = VECTOR('',#2798,1.);
#2798 = DIRECTION('',(-0.,0.,1.));
#2799 = ORIENTED_EDGE('',*,*,#2800,.T.);
#2800 = EDGE_CURVE('',#2793,#2801,#2803,.T.);
#2801 = VERTEX_POINT('',#2802);
#2802 = CARTESIAN_POINT('',(-1.65,5.E-02,-0.35));
#2803 = LINE('',#2804,#2805);
#2804 = CARTESIAN_POINT('',(2.5,5.E-02,-0.35));
#2805 = VECTOR('',#2806,1.);
#2806 = DIRECTION('',(1.,0.,0.));
#2807 = ORIENTED_EDGE('',*,*,#2808,.T.);
#2808 = EDGE_CURVE('',#2801,#2809,#2811,.T.);
#2809 = VERTEX_POINT('',#2810);
#2810 = CARTESIAN_POINT('',(-1.65,5.E-02,-0.9));
#2811 = LINE('',#2812,#2813);
#2812 = CARTESIAN_POINT('',(-1.65,5.E-02,1.));
#2813 = VECTOR('',#2814,1.);
#2814 = DIRECTION('',(0.,-0.,-1.));
#2815 = ORIENTED_EDGE('',*,*,#2816,.T.);
#2816 = EDGE_CURVE('',#2809,#2791,#2817,.T.);
#2817 = LINE('',#2818,#2819);
#2818 = CARTESIAN_POINT('',(2.5,5.E-02,-0.9));
#2819 = VECTOR('',#2820,1.);
#2820 = DIRECTION('',(-1.,-0.,-0.));
#2821 = FACE_BOUND('',#2822,.T.);
#2822 = EDGE_LOOP('',(#2823,#2833,#2841,#2849));
#2823 = ORIENTED_EDGE('',*,*,#2824,.T.);
#2824 = EDGE_CURVE('',#2825,#2827,#2829,.T.);
#2825 = VERTEX_POINT('',#2826);
#2826 = CARTESIAN_POINT('',(-2.4,5.E-02,0.35));
#2827 = VERTEX_POINT('',#2828);
#2828 = CARTESIAN_POINT('',(-2.4,5.E-02,0.9));
#2829 = LINE('',#2830,#2831);
#2830 = CARTESIAN_POINT('',(-2.4,5.E-02,1.));
#2831 = VECTOR('',#2832,1.);
#2832 = DIRECTION('',(-0.,0.,1.));
#2833 = ORIENTED_EDGE('',*,*,#2834,.T.);
#2834 = EDGE_CURVE('',#2827,#2835,#2837,.T.);
#2835 = VERTEX_POINT('',#2836);
#2836 = CARTESIAN_POINT('',(-1.65,5.E-02,0.9));
#2837 = LINE('',#2838,#2839);
#2838 = CARTESIAN_POINT('',(2.5,5.E-02,0.9));
#2839 = VECTOR('',#2840,1.);
#2840 = DIRECTION('',(1.,0.,0.));
#2841 = ORIENTED_EDGE('',*,*,#2842,.T.);
#2842 = EDGE_CURVE('',#2835,#2843,#2845,.T.);
#2843 = VERTEX_POINT('',#2844);
#2844 = CARTESIAN_POINT('',(-1.65,5.E-02,0.35));
#2845 = LINE('',#2846,#2847);
#2846 = CARTESIAN_POINT('',(-1.65,5.E-02,1.));
#2847 = VECTOR('',#2848,1.);
#2848 = DIRECTION('',(0.,-0.,-1.));
#2849 = ORIENTED_EDGE('',*,*,#2850,.T.);
#2850 = EDGE_CURVE('',#2843,#2825,#2851,.T.);
#2851 = LINE('',#2852,#2853);
#2852 = CARTESIAN_POINT('',(2.5,5.E-02,0.35));
#2853 = VECTOR('',#2854,1.);
#2854 = DIRECTION('',(-1.,-0.,-0.));
#2855 = FACE_BOUND('',#2856,.T.);
#2856 = EDGE_LOOP('',(#2857,#2867,#2875,#2883));
#2857 = ORIENTED_EDGE('',*,*,#2858,.T.);
#2858 = EDGE_CURVE('',#2859,#2861,#2863,.T.);
#2859 = VERTEX_POINT('',#2860);
#2860 = CARTESIAN_POINT('',(2.4,5.E-02,-0.35));
#2861 = VERTEX_POINT('',#2862);
#2862 = CARTESIAN_POINT('',(2.4,5.E-02,-0.9));
#2863 = LINE('',#2864,#2865);
#2864 = CARTESIAN_POINT('',(2.4,5.E-02,1.));
#2865 = VECTOR('',#2866,1.);
#2866 = DIRECTION('',(0.,-0.,-1.));
#2867 = ORIENTED_EDGE('',*,*,#2868,.T.);
#2868 = EDGE_CURVE('',#2861,#2869,#2871,.T.);
#2869 = VERTEX_POINT('',#2870);
#2870 = CARTESIAN_POINT('',(1.65,5.E-02,-0.9));
#2871 = LINE('',#2872,#2873);
#2872 = CARTESIAN_POINT('',(2.5,5.E-02,-0.9));
#2873 = VECTOR('',#2874,1.);
#2874 = DIRECTION('',(-1.,-0.,-0.));
#2875 = ORIENTED_EDGE('',*,*,#2876,.T.);
#2876 = EDGE_CURVE('',#2869,#2877,#2879,.T.);
#2877 = VERTEX_POINT('',#2878);
#2878 = CARTESIAN_POINT('',(1.65,5.E-02,-0.35));
#2879 = LINE('',#2880,#2881);
#2880 = CARTESIAN_POINT('',(1.65,5.E-02,1.));
#2881 = VECTOR('',#2882,1.);
#2882 = DIRECTION('',(-0.,0.,1.));
#2883 = ORIENTED_EDGE('',*,*,#2884,.T.);
#2884 = EDGE_CURVE('',#2877,#2859,#2885,.T.);
#2885 = LINE('',#2886,#2887);
#2886 = CARTESIAN_POINT('',(2.5,5.E-02,-0.35));
#2887 = VECTOR('',#2888,1.);
#2888 = DIRECTION('',(1.,0.,0.));
#2889 = FACE_BOUND('',#2890,.T.);
#2890 = EDGE_LOOP('',(#2891,#2901,#2909,#2917));
#2891 = ORIENTED_EDGE('',*,*,#2892,.T.);
#2892 = EDGE_CURVE('',#2893,#2895,#2897,.T.);
#2893 = VERTEX_POINT('',#2894);
#2894 = CARTESIAN_POINT('',(2.4,5.E-02,0.9));
#2895 = VERTEX_POINT('',#2896);
#2896 = CARTESIAN_POINT('',(2.4,5.E-02,0.35));
#2897 = LINE('',#2898,#2899);
#2898 = CARTESIAN_POINT('',(2.4,5.E-02,1.));
#2899 = VECTOR('',#2900,1.);
#2900 = DIRECTION('',(0.,-0.,-1.));
#2901 = ORIENTED_EDGE('',*,*,#2902,.T.);
#2902 = EDGE_CURVE('',#2895,#2903,#2905,.T.);
#2903 = VERTEX_POINT('',#2904);
#2904 = CARTESIAN_POINT('',(1.65,5.E-02,0.35));
#2905 = LINE('',#2906,#2907);
#2906 = CARTESIAN_POINT('',(2.5,5.E-02,0.35));
#2907 = VECTOR('',#2908,1.);
#2908 = DIRECTION('',(-1.,-0.,-0.));
#2909 = ORIENTED_EDGE('',*,*,#2910,.T.);
#2910 = EDGE_CURVE('',#2903,#2911,#2913,.T.);
#2911 = VERTEX_POINT('',#2912);
#2912 = CARTESIAN_POINT('',(1.65,5.E-02,0.9));
#2913 = LINE('',#2914,#2915);
#2914 = CARTESIAN_POINT('',(1.65,5.E-02,1.));
#2915 = VECTOR('',#2916,1.);
#2916 = DIRECTION('',(-0.,0.,1.));
#2917 = ORIENTED_EDGE('',*,*,#2918,.T.);
#2918 = EDGE_CURVE('',#2911,#2893,#2919,.T.);
#2919 = LINE('',#2920,#2921);
#2920 = CARTESIAN_POINT('',(2.5,5.E-02,0.9));
#2921 = VECTOR('',#2922,1.);
#2922 = DIRECTION('',(1.,0.,0.));
#2923 = PLANE('',#2924);
#2924 = AXIS2_PLACEMENT_3D('',#2925,#2926,#2927);
#2925 = CARTESIAN_POINT('',(2.5,5.E-02,1.));
#2926 = DIRECTION('',(0.,-1.,0.));
#2927 = DIRECTION('',(0.,-0.,-1.));
#2928 = ADVANCED_FACE('',(#2929,#2933),#2943,.T.);
#2929 = FACE_BOUND('',#2930,.T.);
#2930 = EDGE_LOOP('',(#2931,#2932));
#2931 = ORIENTED_EDGE('',*,*,#1485,.T.);
#2932 = ORIENTED_EDGE('',*,*,#1002,.T.);
#2933 = FACE_BOUND('',#2934,.T.);
#2934 = EDGE_LOOP('',(#2935,#2936));
#2935 = ORIENTED_EDGE('',*,*,#1027,.T.);
#2936 = ORIENTED_EDGE('',*,*,#2937,.T.);
#2937 = EDGE_CURVE('',#1028,#1020,#2938,.T.);
#2938 = CIRCLE('',#2939,0.350000000055);
#2939 = AXIS2_PLACEMENT_3D('',#2940,#2941,#2942);
#2940 = CARTESIAN_POINT('',(0.,4.999999998745E-02,1.7));
#2941 = DIRECTION('',(9.680376538537E-18,1.,0.));
#2942 = DIRECTION('',(1.,-9.680376538537E-18,0.));
#2943 = PLANE('',#2944);
#2944 = AXIS2_PLACEMENT_3D('',#2945,#2946,#2947);
#2945 = CARTESIAN_POINT('',(0.,5.E-02,1.7));
#2946 = DIRECTION('',(0.,-1.,0.));
#2947 = DIRECTION('',(0.,-0.,-1.));
#2948 = ADVANCED_FACE('',(#2949),#2975,.T.);
#2949 = FACE_BOUND('',#2950,.T.);
#2950 = EDGE_LOOP('',(#2951,#2959,#2960,#2961,#2969));
#2951 = ORIENTED_EDGE('',*,*,#2952,.T.);
#2952 = EDGE_CURVE('',#2953,#2584,#2955,.T.);
#2953 = VERTEX_POINT('',#2954);
#2954 = CARTESIAN_POINT('',(-3.035474657216,0.406882998366,1.6));
#2955 = LINE('',#2956,#2957);
#2956 = CARTESIAN_POINT('',(-3.035474657216,0.406882998366,1.6));
#2957 = VECTOR('',#2958,1.);
#2958 = DIRECTION('',(0.169005469575,-0.985615113142,0.));
#2959 = ORIENTED_EDGE('',*,*,#2583,.T.);
#2960 = ORIENTED_EDGE('',*,*,#1501,.F.);
#2961 = ORIENTED_EDGE('',*,*,#2962,.T.);
#2962 = EDGE_CURVE('',#1502,#2963,#2965,.T.);
#2963 = VERTEX_POINT('',#2964);
#2964 = CARTESIAN_POINT('',(-3.232597679845,0.373081904451,1.6));
#2965 = LINE('',#2966,#2967);
#2966 = CARTESIAN_POINT('',(-3.197123022628,0.166198906085,1.6));
#2967 = VECTOR('',#2968,1.);
#2968 = DIRECTION('',(-0.169005469575,0.985615113142,0.));
#2969 = ORIENTED_EDGE('',*,*,#2970,.T.);
#2970 = EDGE_CURVE('',#2963,#2953,#2971,.T.);
#2971 = LINE('',#2972,#2973);
#2972 = CARTESIAN_POINT('',(-3.232597679845,0.373081904451,1.6));
#2973 = VECTOR('',#2974,1.);
#2974 = DIRECTION('',(0.985615113142,0.169005469575,0.));
#2975 = PLANE('',#2976);
#2976 = AXIS2_PLACEMENT_3D('',#2977,#2978,#2979);
#2977 = CARTESIAN_POINT('',(-3.197123022628,0.166198906085,1.6));
#2978 = DIRECTION('',(0.,0.,-1.));
#2979 = DIRECTION('',(-1.,0.,-0.));
#2980 = ADVANCED_FACE('',(#2981),#3015,.T.);
#2981 = FACE_BOUND('',#2982,.T.);
#2982 = EDGE_LOOP('',(#2983,#2984,#2992,#3000,#3008,#3014));
#2983 = ORIENTED_EDGE('',*,*,#1520,.F.);
#2984 = ORIENTED_EDGE('',*,*,#2985,.T.);
#2985 = EDGE_CURVE('',#1512,#2986,#2988,.T.);
#2986 = VERTEX_POINT('',#2987);
#2987 = CARTESIAN_POINT('',(-3.3,0.766162350741,2.4));
#2988 = LINE('',#2989,#2990);
#2989 = CARTESIAN_POINT('',(-1.821402008895,-7.856804290284,2.4));
#2990 = VECTOR('',#2991,1.);
#2991 = DIRECTION('',(-0.169005469575,0.985615113142,-0.));
#2992 = ORIENTED_EDGE('',*,*,#2993,.T.);
#2993 = EDGE_CURVE('',#2986,#2994,#2996,.T.);
#2994 = VERTEX_POINT('',#2995);
#2995 = CARTESIAN_POINT('',(-3.3,0.766162350741,1.75));
#2996 = LINE('',#2997,#2998);
#2997 = CARTESIAN_POINT('',(-3.3,0.766162350741,-4.5));
#2998 = VECTOR('',#2999,1.);
#2999 = DIRECTION('',(0.,-0.,-1.));
#3000 = ORIENTED_EDGE('',*,*,#3001,.T.);
#3001 = EDGE_CURVE('',#2994,#3002,#3004,.T.);
#3002 = VERTEX_POINT('',#3003);
#3003 = CARTESIAN_POINT('',(-3.232597679845,0.373081904451,1.75));
#3004 = LINE('',#3005,#3006);
#3005 = CARTESIAN_POINT('',(-1.821402008895,-7.856804290284,1.75));
#3006 = VECTOR('',#3007,1.);
#3007 = DIRECTION('',(0.169005469575,-0.985615113142,0.));
#3008 = ORIENTED_EDGE('',*,*,#3009,.T.);
#3009 = EDGE_CURVE('',#3002,#2963,#3010,.T.);
#3010 = LINE('',#3011,#3012);
#3011 = CARTESIAN_POINT('',(-3.232597679845,0.373081904451,-4.5));
#3012 = VECTOR('',#3013,1.);
#3013 = DIRECTION('',(0.,-0.,-1.));
#3014 = ORIENTED_EDGE('',*,*,#2962,.F.);
#3015 = PLANE('',#3016);
#3016 = AXIS2_PLACEMENT_3D('',#3017,#3018,#3019);
#3017 = CARTESIAN_POINT('',(-1.821402008895,-7.856804290284,-4.5));
#3018 = DIRECTION('',(-0.985615113142,-0.169005469575,0.));
#3019 = DIRECTION('',(0.169005469575,-0.985615113142,0.));
#3020 = ADVANCED_FACE('',(#3021),#3040,.F.);
#3021 = FACE_BOUND('',#3022,.T.);
#3022 = EDGE_LOOP('',(#3023,#3024,#3032,#3038,#3039));
#3023 = ORIENTED_EDGE('',*,*,#2599,.T.);
#3024 = ORIENTED_EDGE('',*,*,#3025,.F.);
#3025 = EDGE_CURVE('',#3026,#2592,#3028,.T.);
#3026 = VERTEX_POINT('',#3027);
#3027 = CARTESIAN_POINT('',(-3.102876977372,0.799963444656,2.4));
#3028 = LINE('',#3029,#3030);
#3029 = CARTESIAN_POINT('',(-3.102876977372,0.799963444656,2.4));
#3030 = VECTOR('',#3031,1.);
#3031 = DIRECTION('',(0.169005469575,-0.985615113142,0.));
#3032 = ORIENTED_EDGE('',*,*,#3033,.F.);
#3033 = EDGE_CURVE('',#2986,#3026,#3034,.T.);
#3034 = LINE('',#3035,#3036);
#3035 = CARTESIAN_POINT('',(-3.3,0.766162350741,2.4));
#3036 = VECTOR('',#3037,1.);
#3037 = DIRECTION('',(0.985615113142,0.169005469575,0.));
#3038 = ORIENTED_EDGE('',*,*,#2985,.F.);
#3039 = ORIENTED_EDGE('',*,*,#1511,.F.);
#3040 = PLANE('',#3041);
#3041 = AXIS2_PLACEMENT_3D('',#3042,#3043,#3044);
#3042 = CARTESIAN_POINT('',(-4.05,0.,2.4));
#3043 = DIRECTION('',(0.,0.,-1.));
#3044 = DIRECTION('',(-1.,0.,-0.));
#3045 = ADVANCED_FACE('',(#3046),#3074,.T.);
#3046 = FACE_BOUND('',#3047,.T.);
#3047 = EDGE_LOOP('',(#3048,#3056,#3064,#3071,#3072,#3073));
#3048 = ORIENTED_EDGE('',*,*,#3049,.T.);
#3049 = EDGE_CURVE('',#1568,#3050,#3052,.T.);
#3050 = VERTEX_POINT('',#3051);
#3051 = CARTESIAN_POINT('',(-1.75,1.04,3.));
#3052 = LINE('',#3053,#3054);
#3053 = CARTESIAN_POINT('',(-1.75,0.99,2.7));
#3054 = VECTOR('',#3055,1.);
#3055 = DIRECTION('',(-0.,0.164398987305,0.986393923832));
#3056 = ORIENTED_EDGE('',*,*,#3057,.T.);
#3057 = EDGE_CURVE('',#3050,#3058,#3060,.T.);
#3058 = VERTEX_POINT('',#3059);
#3059 = CARTESIAN_POINT('',(-2.9,1.04,3.));
#3060 = LINE('',#3061,#3062);
#3061 = CARTESIAN_POINT('',(3.,1.04,3.));
#3062 = VECTOR('',#3063,1.);
#3063 = DIRECTION('',(-1.,-0.,-0.));
#3064 = ORIENTED_EDGE('',*,*,#3065,.T.);
#3065 = EDGE_CURVE('',#3058,#2608,#3066,.T.);
#3066 = ( BOUNDED_CURVE() B_SPLINE_CURVE(3,(#3067,#3068,#3069,#3070),
.UNSPECIFIED.,.F.,.F.) B_SPLINE_CURVE_WITH_KNOTS((4,4),(3.14159265359,
4.712388980385),.PIECEWISE_BEZIER_KNOTS.) CURVE() 
GEOMETRIC_REPRESENTATION_ITEM() RATIONAL_B_SPLINE_CURVE((1.,
0.804737854124,0.804737854124,1.)) REPRESENTATION_ITEM('') );
#3067 = CARTESIAN_POINT('',(-2.9,1.04,3.));
#3068 = CARTESIAN_POINT('',(-2.958578643763,1.04,3.));
#3069 = CARTESIAN_POINT('',(-3.,1.033096440627,2.958578643763));
#3070 = CARTESIAN_POINT('',(-3.,1.023333333333,2.9));
#3071 = ORIENTED_EDGE('',*,*,#2607,.T.);
#3072 = ORIENTED_EDGE('',*,*,#1542,.T.);
#3073 = ORIENTED_EDGE('',*,*,#1567,.T.);
#3074 = PLANE('',#3075);
#3075 = AXIS2_PLACEMENT_3D('',#3076,#3077,#3078);
#3076 = CARTESIAN_POINT('',(3.,0.99,2.7));
#3077 = DIRECTION('',(0.,-0.986393923832,0.164398987305));
#3078 = DIRECTION('',(0.,-0.164398987305,-0.986393923832));
#3079 = ADVANCED_FACE('',(#3080),#3148,.T.);
#3080 = FACE_BOUND('',#3081,.T.);
#3081 = EDGE_LOOP('',(#3082,#3092,#3099,#3100,#3109,#3117,#3126,#3134,
    #3142));
#3082 = ORIENTED_EDGE('',*,*,#3083,.T.);
#3083 = EDGE_CURVE('',#3084,#3086,#3088,.T.);
#3084 = VERTEX_POINT('',#3085);
#3085 = CARTESIAN_POINT('',(-1.725,1.12,2.959900934652));
#3086 = VERTEX_POINT('',#3087);
#3087 = CARTESIAN_POINT('',(-1.725,1.554657163816,2.951802450872));
#3088 = LINE('',#3089,#3090);
#3089 = CARTESIAN_POINT('',(-1.725,1.8,2.947231250522));
#3090 = VECTOR('',#3091,1.);
#3091 = DIRECTION('',(0.,0.999826471545,-1.862865526314E-02));
#3092 = ORIENTED_EDGE('',*,*,#3093,.F.);
#3093 = EDGE_CURVE('',#1617,#3086,#3094,.T.);
#3094 = CIRCLE('',#3095,0.25);
#3095 = AXIS2_PLACEMENT_3D('',#3096,#3097,#3098);
#3096 = CARTESIAN_POINT('',(-1.725,1.55,2.701845832985));
#3097 = DIRECTION('',(1.,0.,0.));
#3098 = DIRECTION('',(0.,-3.469446951954E-15,1.));
#3099 = ORIENTED_EDGE('',*,*,#1616,.T.);
#3100 = ORIENTED_EDGE('',*,*,#3101,.T.);
#3101 = EDGE_CURVE('',#1619,#3102,#3104,.T.);
#3102 = VERTEX_POINT('',#3103);
#3103 = CARTESIAN_POINT('',(-1.725,1.551862865526,2.80182848014));
#3104 = CIRCLE('',#3105,0.1);
#3105 = AXIS2_PLACEMENT_3D('',#3106,#3107,#3108);
#3106 = CARTESIAN_POINT('',(-1.725,1.55,2.701845832985));
#3107 = DIRECTION('',(1.,0.,-0.));
#3108 = DIRECTION('',(0.,0.,1.));
#3109 = ORIENTED_EDGE('',*,*,#3110,.T.);
#3110 = EDGE_CURVE('',#3102,#3111,#3113,.T.);
#3111 = VERTEX_POINT('',#3112);
#3112 = CARTESIAN_POINT('',(-1.725,1.117205701711,2.80992696392));
#3113 = LINE('',#3114,#3115);
#3114 = CARTESIAN_POINT('',(-1.725,1.551862865526,2.80182848014));
#3115 = VECTOR('',#3116,1.);
#3116 = DIRECTION('',(0.,-0.999826471545,1.862865526314E-02));
#3117 = ORIENTED_EDGE('',*,*,#3118,.T.);
#3118 = EDGE_CURVE('',#3111,#3119,#3121,.T.);
#3119 = VERTEX_POINT('',#3120);
#3120 = CARTESIAN_POINT('',(-1.725,1.109374968413,2.810277712177));
#3121 = CIRCLE('',#3122,0.15);
#3122 = AXIS2_PLACEMENT_3D('',#3123,#3124,#3125);
#3123 = CARTESIAN_POINT('',(-1.725,1.12,2.959900934652));
#3124 = DIRECTION('',(-1.,0.,0.));
#3125 = DIRECTION('',(0.,0.,1.));
#3126 = ORIENTED_EDGE('',*,*,#3127,.T.);
#3127 = EDGE_CURVE('',#3119,#3128,#3130,.T.);
#3128 = VERTEX_POINT('',#3129);
#3129 = CARTESIAN_POINT('',(-1.725,0.979374968413,2.819509261153));
#3130 = LINE('',#3131,#3132);
#3131 = CARTESIAN_POINT('',(-1.725,1.109374968413,2.810277712177));
#3132 = VECTOR('',#3133,1.);
#3133 = DIRECTION('',(0.,-0.997488149833,7.083354391148E-02));
#3134 = ORIENTED_EDGE('',*,*,#3135,.T.);
#3135 = EDGE_CURVE('',#3128,#3136,#3138,.T.);
#3136 = VERTEX_POINT('',#3137);
#3137 = CARTESIAN_POINT('',(-1.725,0.99,2.969132483628));
#3138 = LINE('',#3139,#3140);
#3139 = CARTESIAN_POINT('',(-1.725,0.979374968413,2.819509261153));
#3140 = VECTOR('',#3141,1.);
#3141 = DIRECTION('',(0.,7.083354391148E-02,0.997488149833));
#3142 = ORIENTED_EDGE('',*,*,#3143,.T.);
#3143 = EDGE_CURVE('',#3136,#3084,#3144,.T.);
#3144 = LINE('',#3145,#3146);
#3145 = CARTESIAN_POINT('',(-1.725,0.99,2.969132483628));
#3146 = VECTOR('',#3147,1.);
#3147 = DIRECTION('',(0.,0.997488149833,-7.08335439115E-02));
#3148 = PLANE('',#3149);
#3149 = AXIS2_PLACEMENT_3D('',#3150,#3151,#3152);
#3150 = CARTESIAN_POINT('',(-1.725,1.12,2.959900934652));
#3151 = DIRECTION('',(-1.,0.,0.));
#3152 = DIRECTION('',(0.,0.,1.));
#3153 = ADVANCED_FACE('',(#3154),#3172,.T.);
#3154 = FACE_BOUND('',#3155,.T.);
#3155 = EDGE_LOOP('',(#3156,#3165,#3171));
#3156 = ORIENTED_EDGE('',*,*,#3157,.F.);
#3157 = EDGE_CURVE('',#3158,#1617,#3160,.T.);
#3158 = VERTEX_POINT('',#3159);
#3159 = CARTESIAN_POINT('',(-1.725,1.8,2.701845832985));
#3160 = CIRCLE('',#3161,0.25);
#3161 = AXIS2_PLACEMENT_3D('',#3162,#3163,#3164);
#3162 = CARTESIAN_POINT('',(-1.725,1.55,2.701845832985));
#3163 = DIRECTION('',(1.,0.,0.));
#3164 = DIRECTION('',(-0.,5.20417042793E-15,1.));
#3165 = ORIENTED_EDGE('',*,*,#3166,.F.);
#3166 = EDGE_CURVE('',#1627,#3158,#3167,.T.);
#3167 = LINE('',#3168,#3169);
#3168 = CARTESIAN_POINT('',(-1.725,1.8,2.8));
#3169 = VECTOR('',#3170,1.);
#3170 = DIRECTION('',(-0.,0.,-1.));
#3171 = ORIENTED_EDGE('',*,*,#1626,.T.);
#3172 = PLANE('',#3173);
#3173 = AXIS2_PLACEMENT_3D('',#3174,#3175,#3176);
#3174 = CARTESIAN_POINT('',(-1.725,1.55,2.701845832985));
#3175 = DIRECTION('',(1.,-0.,0.));
#3176 = DIRECTION('',(0.,0.,-1.));
#3177 = ADVANCED_FACE('',(#3178),#3197,.F.);
#3178 = FACE_BOUND('',#3179,.T.);
#3179 = EDGE_LOOP('',(#3180,#3189,#3190,#3191));
#3180 = ORIENTED_EDGE('',*,*,#3181,.F.);
#3181 = EDGE_CURVE('',#1651,#3182,#3184,.T.);
#3182 = VERTEX_POINT('',#3183);
#3183 = CARTESIAN_POINT('',(-1.85,1.65,2.7));
#3184 = CIRCLE('',#3185,1.E-01);
#3185 = AXIS2_PLACEMENT_3D('',#3186,#3187,#3188);
#3186 = CARTESIAN_POINT('',(-1.85,1.65,2.8));
#3187 = DIRECTION('',(-0.,1.,-2.67071722341E-17));
#3188 = DIRECTION('',(0.,-2.67071722341E-17,-1.));
#3189 = ORIENTED_EDGE('',*,*,#1650,.T.);
#3190 = ORIENTED_EDGE('',*,*,#2639,.T.);
#3191 = ORIENTED_EDGE('',*,*,#3192,.F.);
#3192 = EDGE_CURVE('',#3182,#2632,#3193,.T.);
#3193 = LINE('',#3194,#3195);
#3194 = CARTESIAN_POINT('',(-3.1,1.65,2.7));
#3195 = VECTOR('',#3196,1.);
#3196 = DIRECTION('',(-1.,-0.,0.));
#3197 = PLANE('',#3198);
#3198 = AXIS2_PLACEMENT_3D('',#3199,#3200,#3201);
#3199 = CARTESIAN_POINT('',(-3.1,1.65,2.8));
#3200 = DIRECTION('',(0.,1.,0.));
#3201 = DIRECTION('',(0.,-0.,1.));
#3202 = ADVANCED_FACE('',(#3203),#3222,.F.);
#3203 = FACE_BOUND('',#3204,.F.);
#3204 = EDGE_LOOP('',(#3205,#3214,#3220,#3221));
#3205 = ORIENTED_EDGE('',*,*,#3206,.T.);
#3206 = EDGE_CURVE('',#1659,#3207,#3209,.T.);
#3207 = VERTEX_POINT('',#3208);
#3208 = CARTESIAN_POINT('',(-1.85,1.64,2.7));
#3209 = CIRCLE('',#3210,1.E-01);
#3210 = AXIS2_PLACEMENT_3D('',#3211,#3212,#3213);
#3211 = CARTESIAN_POINT('',(-1.85,1.64,2.8));
#3212 = DIRECTION('',(-0.,1.,-2.67071722341E-17));
#3213 = DIRECTION('',(0.,-2.67071722341E-17,-1.));
#3214 = ORIENTED_EDGE('',*,*,#3215,.T.);
#3215 = EDGE_CURVE('',#3207,#3182,#3216,.T.);
#3216 = LINE('',#3217,#3218);
#3217 = CARTESIAN_POINT('',(-1.85,9.857313811473,2.7));
#3218 = VECTOR('',#3219,1.);
#3219 = DIRECTION('',(-0.,1.,-2.67071722341E-17));
#3220 = ORIENTED_EDGE('',*,*,#3181,.F.);
#3221 = ORIENTED_EDGE('',*,*,#1658,.F.);
#3222 = CYLINDRICAL_SURFACE('',#3223,1.E-01);
#3223 = AXIS2_PLACEMENT_3D('',#3224,#3225,#3226);
#3224 = CARTESIAN_POINT('',(-1.85,9.857313811473,2.8));
#3225 = DIRECTION('',(0.,-1.,2.67071722341E-17));
#3226 = DIRECTION('',(0.,-2.67071722341E-17,-1.));
#3227 = ADVANCED_FACE('',(#3228),#3246,.F.);
#3228 = FACE_BOUND('',#3229,.T.);
#3229 = EDGE_LOOP('',(#3230,#3238,#3244,#3245));
#3230 = ORIENTED_EDGE('',*,*,#3231,.F.);
#3231 = EDGE_CURVE('',#3232,#1659,#3234,.T.);
#3232 = VERTEX_POINT('',#3233);
#3233 = CARTESIAN_POINT('',(-1.75,1.44,3.));
#3234 = LINE('',#3235,#3236);
#3235 = CARTESIAN_POINT('',(-1.75,1.44,3.));
#3236 = VECTOR('',#3237,1.);
#3237 = DIRECTION('',(0.,0.707106781187,-0.707106781187));
#3238 = ORIENTED_EDGE('',*,*,#3239,.F.);
#3239 = EDGE_CURVE('',#3050,#3232,#3240,.T.);
#3240 = LINE('',#3241,#3242);
#3241 = CARTESIAN_POINT('',(-1.75,0.,3.));
#3242 = VECTOR('',#3243,1.);
#3243 = DIRECTION('',(0.,1.,-0.));
#3244 = ORIENTED_EDGE('',*,*,#3049,.F.);
#3245 = ORIENTED_EDGE('',*,*,#1666,.T.);
#3246 = PLANE('',#3247);
#3247 = AXIS2_PLACEMENT_3D('',#3248,#3249,#3250);
#3248 = CARTESIAN_POINT('',(-1.75,0.,3.));
#3249 = DIRECTION('',(-1.,0.,0.));
#3250 = DIRECTION('',(0.,0.,1.));
#3251 = ADVANCED_FACE('',(#3252),#3272,.F.);
#3252 = FACE_BOUND('',#3253,.T.);
#3253 = EDGE_LOOP('',(#3254,#3255,#3256,#3257,#3265));
#3254 = ORIENTED_EDGE('',*,*,#1681,.T.);
#3255 = ORIENTED_EDGE('',*,*,#1348,.F.);
#3256 = ORIENTED_EDGE('',*,*,#1713,.T.);
#3257 = ORIENTED_EDGE('',*,*,#3258,.F.);
#3258 = EDGE_CURVE('',#3259,#1704,#3261,.T.);
#3259 = VERTEX_POINT('',#3260);
#3260 = CARTESIAN_POINT('',(-0.8,1.65,2.701845832985));
#3261 = LINE('',#3262,#3263);
#3262 = CARTESIAN_POINT('',(-0.8,1.65,2.8));
#3263 = VECTOR('',#3264,1.);
#3264 = DIRECTION('',(-0.,0.,-1.));
#3265 = ORIENTED_EDGE('',*,*,#3266,.T.);
#3266 = EDGE_CURVE('',#3259,#1682,#3267,.T.);
#3267 = CIRCLE('',#3268,0.1);
#3268 = AXIS2_PLACEMENT_3D('',#3269,#3270,#3271);
#3269 = CARTESIAN_POINT('',(-0.8,1.55,2.701845832985));
#3270 = DIRECTION('',(1.,0.,0.));
#3271 = DIRECTION('',(-0.,2.168404344971E-15,1.));
#3272 = PLANE('',#3273);
#3273 = AXIS2_PLACEMENT_3D('',#3274,#3275,#3276);
#3274 = CARTESIAN_POINT('',(-0.8,0.,2.8));
#3275 = DIRECTION('',(-1.,0.,0.));
#3276 = DIRECTION('',(0.,0.,1.));
#3277 = ADVANCED_FACE('',(#3278),#3298,.F.);
#3278 = FACE_BOUND('',#3279,.T.);
#3279 = EDGE_LOOP('',(#3280,#3288,#3289,#3290,#3291));
#3280 = ORIENTED_EDGE('',*,*,#3281,.F.);
#3281 = EDGE_CURVE('',#1706,#3282,#3284,.T.);
#3282 = VERTEX_POINT('',#3283);
#3283 = CARTESIAN_POINT('',(0.8,1.65,2.701845832985));
#3284 = LINE('',#3285,#3286);
#3285 = CARTESIAN_POINT('',(0.8,1.65,2.8));
#3286 = VECTOR('',#3287,1.);
#3287 = DIRECTION('',(0.,-0.,1.));
#3288 = ORIENTED_EDGE('',*,*,#1720,.T.);
#3289 = ORIENTED_EDGE('',*,*,#1332,.F.);
#3290 = ORIENTED_EDGE('',*,*,#1734,.T.);
#3291 = ORIENTED_EDGE('',*,*,#3292,.T.);
#3292 = EDGE_CURVE('',#1735,#3282,#3293,.T.);
#3293 = CIRCLE('',#3294,0.1);
#3294 = AXIS2_PLACEMENT_3D('',#3295,#3296,#3297);
#3295 = CARTESIAN_POINT('',(0.8,1.55,2.701845832985));
#3296 = DIRECTION('',(-1.,0.,-0.));
#3297 = DIRECTION('',(-0.,0.,1.));
#3298 = PLANE('',#3299);
#3299 = AXIS2_PLACEMENT_3D('',#3300,#3301,#3302);
#3300 = CARTESIAN_POINT('',(0.8,0.,2.8));
#3301 = DIRECTION('',(1.,-0.,0.));
#3302 = DIRECTION('',(0.,0.,-1.));
#3303 = ADVANCED_FACE('',(#3304),#3315,.F.);
#3304 = FACE_BOUND('',#3305,.T.);
#3305 = EDGE_LOOP('',(#3306,#3307,#3313,#3314));
#3306 = ORIENTED_EDGE('',*,*,#3281,.T.);
#3307 = ORIENTED_EDGE('',*,*,#3308,.T.);
#3308 = EDGE_CURVE('',#3282,#3259,#3309,.T.);
#3309 = LINE('',#3310,#3311);
#3310 = CARTESIAN_POINT('',(1.725,1.65,2.701845832985));
#3311 = VECTOR('',#3312,1.);
#3312 = DIRECTION('',(-1.,-0.,-0.));
#3313 = ORIENTED_EDGE('',*,*,#3258,.T.);
#3314 = ORIENTED_EDGE('',*,*,#1703,.T.);
#3315 = PLANE('',#3316);
#3316 = AXIS2_PLACEMENT_3D('',#3317,#3318,#3319);
#3317 = CARTESIAN_POINT('',(-3.1,1.65,2.8));
#3318 = DIRECTION('',(0.,1.,0.));
#3319 = DIRECTION('',(0.,-0.,1.));
#3320 = ADVANCED_FACE('',(#3321),#3346,.F.);
#3321 = FACE_BOUND('',#3322,.T.);
#3322 = EDGE_LOOP('',(#3323,#3324,#3332,#3340));
#3323 = ORIENTED_EDGE('',*,*,#1751,.T.);
#3324 = ORIENTED_EDGE('',*,*,#3325,.F.);
#3325 = EDGE_CURVE('',#3326,#1744,#3328,.T.);
#3326 = VERTEX_POINT('',#3327);
#3327 = CARTESIAN_POINT('',(1.75,1.04,3.));
#3328 = LINE('',#3329,#3330);
#3329 = CARTESIAN_POINT('',(1.75,1.04,3.));
#3330 = VECTOR('',#3331,1.);
#3331 = DIRECTION('',(3.208351305436E-15,-0.164398987305,-0.986393923832
    ));
#3332 = ORIENTED_EDGE('',*,*,#3333,.F.);
#3333 = EDGE_CURVE('',#3334,#3326,#3336,.T.);
#3334 = VERTEX_POINT('',#3335);
#3335 = CARTESIAN_POINT('',(1.75,1.44,3.));
#3336 = LINE('',#3337,#3338);
#3337 = CARTESIAN_POINT('',(1.75,0.,3.));
#3338 = VECTOR('',#3339,1.);
#3339 = DIRECTION('',(-0.,-1.,-0.));
#3340 = ORIENTED_EDGE('',*,*,#3341,.F.);
#3341 = EDGE_CURVE('',#1752,#3334,#3342,.T.);
#3342 = LINE('',#3343,#3344);
#3343 = CARTESIAN_POINT('',(1.75,1.64,2.8));
#3344 = VECTOR('',#3345,1.);
#3345 = DIRECTION('',(-2.299940125025E-15,-0.707106781187,0.707106781187
    ));
#3346 = PLANE('',#3347);
#3347 = AXIS2_PLACEMENT_3D('',#3348,#3349,#3350);
#3348 = CARTESIAN_POINT('',(1.75,0.,3.));
#3349 = DIRECTION('',(1.,-0.,3.252606517457E-15));
#3350 = DIRECTION('',(3.252606517457E-15,0.,-1.));
#3351 = ADVANCED_FACE('',(#3352),#3379,.F.);
#3352 = FACE_BOUND('',#3353,.F.);
#3353 = EDGE_LOOP('',(#3354,#3363,#3364,#3373));
#3354 = ORIENTED_EDGE('',*,*,#3355,.T.);
#3355 = EDGE_CURVE('',#3356,#1752,#3358,.T.);
#3356 = VERTEX_POINT('',#3357);
#3357 = CARTESIAN_POINT('',(1.85,1.64,2.7));
#3358 = CIRCLE('',#3359,1.E-01);
#3359 = AXIS2_PLACEMENT_3D('',#3360,#3361,#3362);
#3360 = CARTESIAN_POINT('',(1.85,1.64,2.8));
#3361 = DIRECTION('',(-0.,1.,-2.67071722341E-17));
#3362 = DIRECTION('',(0.,-2.67071722341E-17,-1.));
#3363 = ORIENTED_EDGE('',*,*,#1759,.F.);
#3364 = ORIENTED_EDGE('',*,*,#3365,.T.);
#3365 = EDGE_CURVE('',#1760,#3366,#3368,.T.);
#3366 = VERTEX_POINT('',#3367);
#3367 = CARTESIAN_POINT('',(1.85,1.65,2.7));
#3368 = CIRCLE('',#3369,1.E-01);
#3369 = AXIS2_PLACEMENT_3D('',#3370,#3371,#3372);
#3370 = CARTESIAN_POINT('',(1.85,1.65,2.8));
#3371 = DIRECTION('',(0.,-1.,2.67071722341E-17));
#3372 = DIRECTION('',(0.,-2.67071722341E-17,-1.));
#3373 = ORIENTED_EDGE('',*,*,#3374,.T.);
#3374 = EDGE_CURVE('',#3366,#3356,#3375,.T.);
#3375 = LINE('',#3376,#3377);
#3376 = CARTESIAN_POINT('',(1.85,9.857313811473,2.7));
#3377 = VECTOR('',#3378,1.);
#3378 = DIRECTION('',(0.,-1.,2.67071722341E-17));
#3379 = CYLINDRICAL_SURFACE('',#3380,1.E-01);
#3380 = AXIS2_PLACEMENT_3D('',#3381,#3382,#3383);
#3381 = CARTESIAN_POINT('',(1.85,9.857313811473,2.8));
#3382 = DIRECTION('',(0.,-1.,2.67071722341E-17));
#3383 = DIRECTION('',(0.,-2.67071722341E-17,-1.));
#3384 = ADVANCED_FACE('',(#3385),#3396,.F.);
#3385 = FACE_BOUND('',#3386,.T.);
#3386 = EDGE_LOOP('',(#3387,#3393,#3394,#3395));
#3387 = ORIENTED_EDGE('',*,*,#3388,.F.);
#3388 = EDGE_CURVE('',#1961,#3366,#3389,.T.);
#3389 = LINE('',#3390,#3391);
#3390 = CARTESIAN_POINT('',(-3.1,1.65,2.7));
#3391 = VECTOR('',#3392,1.);
#3392 = DIRECTION('',(-1.,-0.,0.));
#3393 = ORIENTED_EDGE('',*,*,#1960,.T.);
#3394 = ORIENTED_EDGE('',*,*,#1767,.T.);
#3395 = ORIENTED_EDGE('',*,*,#3365,.T.);
#3396 = PLANE('',#3397);
#3397 = AXIS2_PLACEMENT_3D('',#3398,#3399,#3400);
#3398 = CARTESIAN_POINT('',(-3.1,1.65,2.8));
#3399 = DIRECTION('',(0.,1.,0.));
#3400 = DIRECTION('',(0.,-0.,1.));
#3401 = ADVANCED_FACE('',(#3402),#3420,.T.);
#3402 = FACE_BOUND('',#3403,.T.);
#3403 = EDGE_LOOP('',(#3404,#3412,#3419));
#3404 = ORIENTED_EDGE('',*,*,#3405,.F.);
#3405 = EDGE_CURVE('',#3406,#1784,#3408,.T.);
#3406 = VERTEX_POINT('',#3407);
#3407 = CARTESIAN_POINT('',(1.725,1.8,2.701845832985));
#3408 = LINE('',#3409,#3410);
#3409 = CARTESIAN_POINT('',(1.725,1.8,2.8));
#3410 = VECTOR('',#3411,1.);
#3411 = DIRECTION('',(0.,-0.,1.));
#3412 = ORIENTED_EDGE('',*,*,#3413,.F.);
#3413 = EDGE_CURVE('',#1792,#3406,#3414,.T.);
#3414 = CIRCLE('',#3415,0.25);
#3415 = AXIS2_PLACEMENT_3D('',#3416,#3417,#3418);
#3416 = CARTESIAN_POINT('',(1.725,1.55,2.701845832985));
#3417 = DIRECTION('',(-1.,0.,-0.));
#3418 = DIRECTION('',(-0.,0.,1.));
#3419 = ORIENTED_EDGE('',*,*,#1791,.T.);
#3420 = PLANE('',#3421);
#3421 = AXIS2_PLACEMENT_3D('',#3422,#3423,#3424);
#3422 = CARTESIAN_POINT('',(1.725,1.12,2.959900934652));
#3423 = DIRECTION('',(-1.,0.,0.));
#3424 = DIRECTION('',(0.,0.,1.));
#3425 = ADVANCED_FACE('',(#3426),#3494,.F.);
#3426 = FACE_BOUND('',#3427,.T.);
#3427 = EDGE_LOOP('',(#3428,#3429,#3438,#3446,#3454,#3462,#3470,#3479,
    #3487));
#3428 = ORIENTED_EDGE('',*,*,#1799,.T.);
#3429 = ORIENTED_EDGE('',*,*,#3430,.F.);
#3430 = EDGE_CURVE('',#3431,#1792,#3433,.T.);
#3431 = VERTEX_POINT('',#3432);
#3432 = CARTESIAN_POINT('',(1.725,1.554657163816,2.951802450872));
#3433 = CIRCLE('',#3434,0.25);
#3434 = AXIS2_PLACEMENT_3D('',#3435,#3436,#3437);
#3435 = CARTESIAN_POINT('',(1.725,1.55,2.701845832985));
#3436 = DIRECTION('',(-1.,0.,-0.));
#3437 = DIRECTION('',(-0.,0.,1.));
#3438 = ORIENTED_EDGE('',*,*,#3439,.T.);
#3439 = EDGE_CURVE('',#3431,#3440,#3442,.T.);
#3440 = VERTEX_POINT('',#3441);
#3441 = CARTESIAN_POINT('',(1.725,1.12,2.959900934652));
#3442 = LINE('',#3443,#3444);
#3443 = CARTESIAN_POINT('',(1.725,1.8,2.947231250522));
#3444 = VECTOR('',#3445,1.);
#3445 = DIRECTION('',(-0.,-0.999826471545,1.862865526314E-02));
#3446 = ORIENTED_EDGE('',*,*,#3447,.F.);
#3447 = EDGE_CURVE('',#3448,#3440,#3450,.T.);
#3448 = VERTEX_POINT('',#3449);
#3449 = CARTESIAN_POINT('',(1.725,0.99,2.969132483628));
#3450 = LINE('',#3451,#3452);
#3451 = CARTESIAN_POINT('',(1.725,0.99,2.969132483628));
#3452 = VECTOR('',#3453,1.);
#3453 = DIRECTION('',(0.,0.997488149833,-7.083354391148E-02));
#3454 = ORIENTED_EDGE('',*,*,#3455,.F.);
#3455 = EDGE_CURVE('',#3456,#3448,#3458,.T.);
#3456 = VERTEX_POINT('',#3457);
#3457 = CARTESIAN_POINT('',(1.725,0.979374968413,2.819509261153));
#3458 = LINE('',#3459,#3460);
#3459 = CARTESIAN_POINT('',(1.725,0.979374968413,2.819509261153));
#3460 = VECTOR('',#3461,1.);
#3461 = DIRECTION('',(0.,7.083354391148E-02,0.997488149833));
#3462 = ORIENTED_EDGE('',*,*,#3463,.F.);
#3463 = EDGE_CURVE('',#3464,#3456,#3466,.T.);
#3464 = VERTEX_POINT('',#3465);
#3465 = CARTESIAN_POINT('',(1.725,1.109374968413,2.810277712177));
#3466 = LINE('',#3467,#3468);
#3467 = CARTESIAN_POINT('',(1.725,1.109374968413,2.810277712177));
#3468 = VECTOR('',#3469,1.);
#3469 = DIRECTION('',(0.,-0.997488149833,7.083354391149E-02));
#3470 = ORIENTED_EDGE('',*,*,#3471,.F.);
#3471 = EDGE_CURVE('',#3472,#3464,#3474,.T.);
#3472 = VERTEX_POINT('',#3473);
#3473 = CARTESIAN_POINT('',(1.725,1.117205701711,2.80992696392));
#3474 = CIRCLE('',#3475,0.15);
#3475 = AXIS2_PLACEMENT_3D('',#3476,#3477,#3478);
#3476 = CARTESIAN_POINT('',(1.725,1.12,2.959900934652));
#3477 = DIRECTION('',(-1.,0.,-0.));
#3478 = DIRECTION('',(-0.,0.,1.));
#3479 = ORIENTED_EDGE('',*,*,#3480,.T.);
#3480 = EDGE_CURVE('',#3472,#3481,#3483,.T.);
#3481 = VERTEX_POINT('',#3482);
#3482 = CARTESIAN_POINT('',(1.725,1.551862865526,2.80182848014));
#3483 = LINE('',#3484,#3485);
#3484 = CARTESIAN_POINT('',(1.725,1.551862865526,2.80182848014));
#3485 = VECTOR('',#3486,1.);
#3486 = DIRECTION('',(-0.,0.999826471545,-1.862865526314E-02));
#3487 = ORIENTED_EDGE('',*,*,#3488,.T.);
#3488 = EDGE_CURVE('',#3481,#1800,#3489,.T.);
#3489 = CIRCLE('',#3490,0.1);
#3490 = AXIS2_PLACEMENT_3D('',#3491,#3492,#3493);
#3491 = CARTESIAN_POINT('',(1.725,1.55,2.701845832985));
#3492 = DIRECTION('',(-1.,0.,0.));
#3493 = DIRECTION('',(0.,0.,1.));
#3494 = PLANE('',#3495);
#3495 = AXIS2_PLACEMENT_3D('',#3496,#3497,#3498);
#3496 = CARTESIAN_POINT('',(1.725,1.12,2.959900934652));
#3497 = DIRECTION('',(-1.,0.,0.));
#3498 = DIRECTION('',(0.,0.,1.));
#3499 = ADVANCED_FACE('',(#3500),#3521,.T.);
#3500 = FACE_BOUND('',#3501,.T.);
#3501 = EDGE_LOOP('',(#3502,#3503,#3504,#3513,#3519,#3520));
#3502 = ORIENTED_EDGE('',*,*,#1854,.T.);
#3503 = ORIENTED_EDGE('',*,*,#1992,.T.);
#3504 = ORIENTED_EDGE('',*,*,#3505,.T.);
#3505 = EDGE_CURVE('',#1985,#3506,#3508,.T.);
#3506 = VERTEX_POINT('',#3507);
#3507 = CARTESIAN_POINT('',(2.9,1.04,3.));
#3508 = ( BOUNDED_CURVE() B_SPLINE_CURVE(3,(#3509,#3510,#3511,#3512),
.UNSPECIFIED.,.F.,.F.) B_SPLINE_CURVE_WITH_KNOTS((4,4),(1.570796326795,
3.14159265359),.PIECEWISE_BEZIER_KNOTS.) CURVE() 
GEOMETRIC_REPRESENTATION_ITEM() RATIONAL_B_SPLINE_CURVE((1.,
0.804737854124,0.804737854124,1.)) REPRESENTATION_ITEM('') );
#3509 = CARTESIAN_POINT('',(3.,1.023333333333,2.9));
#3510 = CARTESIAN_POINT('',(3.,1.033096440627,2.958578643763));
#3511 = CARTESIAN_POINT('',(2.958578643763,1.04,3.));
#3512 = CARTESIAN_POINT('',(2.9,1.04,3.));
#3513 = ORIENTED_EDGE('',*,*,#3514,.T.);
#3514 = EDGE_CURVE('',#3506,#3326,#3515,.T.);
#3515 = LINE('',#3516,#3517);
#3516 = CARTESIAN_POINT('',(3.,1.04,3.));
#3517 = VECTOR('',#3518,1.);
#3518 = DIRECTION('',(-1.,-0.,-0.));
#3519 = ORIENTED_EDGE('',*,*,#3325,.T.);
#3520 = ORIENTED_EDGE('',*,*,#1823,.T.);
#3521 = PLANE('',#3522);
#3522 = AXIS2_PLACEMENT_3D('',#3523,#3524,#3525);
#3523 = CARTESIAN_POINT('',(3.,0.99,2.7));
#3524 = DIRECTION('',(0.,-0.986393923832,0.164398987305));
#3525 = DIRECTION('',(0.,-0.164398987305,-0.986393923832));
#3526 = ADVANCED_FACE('',(#3527),#3553,.F.);
#3527 = FACE_BOUND('',#3528,.T.);
#3528 = EDGE_LOOP('',(#3529,#3530,#3531,#3539,#3547));
#3529 = ORIENTED_EDGE('',*,*,#2000,.T.);
#3530 = ORIENTED_EDGE('',*,*,#1870,.F.);
#3531 = ORIENTED_EDGE('',*,*,#3532,.F.);
#3532 = EDGE_CURVE('',#3533,#1871,#3535,.T.);
#3533 = VERTEX_POINT('',#3534);
#3534 = CARTESIAN_POINT('',(3.3,0.766162350741,2.4));
#3535 = LINE('',#3536,#3537);
#3536 = CARTESIAN_POINT('',(3.3,0.766162350741,2.4));
#3537 = VECTOR('',#3538,1.);
#3538 = DIRECTION('',(-0.169005469575,-0.985615113142,0.));
#3539 = ORIENTED_EDGE('',*,*,#3540,.F.);
#3540 = EDGE_CURVE('',#3541,#3533,#3543,.T.);
#3541 = VERTEX_POINT('',#3542);
#3542 = CARTESIAN_POINT('',(3.102876977372,0.799963444656,2.4));
#3543 = LINE('',#3544,#3545);
#3544 = CARTESIAN_POINT('',(3.102876977372,0.799963444656,2.4));
#3545 = VECTOR('',#3546,1.);
#3546 = DIRECTION('',(0.985615113142,-0.169005469575,0.));
#3547 = ORIENTED_EDGE('',*,*,#3548,.F.);
#3548 = EDGE_CURVE('',#2001,#3541,#3549,.T.);
#3549 = LINE('',#3550,#3551);
#3550 = CARTESIAN_POINT('',(3.,0.2,2.4));
#3551 = VECTOR('',#3552,1.);
#3552 = DIRECTION('',(0.169005469575,0.985615113142,0.));
#3553 = PLANE('',#3554);
#3554 = AXIS2_PLACEMENT_3D('',#3555,#3556,#3557);
#3555 = CARTESIAN_POINT('',(-4.05,0.,2.4));
#3556 = DIRECTION('',(0.,0.,-1.));
#3557 = DIRECTION('',(-1.,0.,-0.));
#3558 = ADVANCED_FACE('',(#3559),#3593,.T.);
#3559 = FACE_BOUND('',#3560,.T.);
#3560 = EDGE_LOOP('',(#3561,#3571,#3579,#3585,#3586,#3587));
#3561 = ORIENTED_EDGE('',*,*,#3562,.T.);
#3562 = EDGE_CURVE('',#3563,#3565,#3567,.T.);
#3563 = VERTEX_POINT('',#3564);
#3564 = CARTESIAN_POINT('',(3.232597679845,0.373081904451,1.6));
#3565 = VERTEX_POINT('',#3566);
#3566 = CARTESIAN_POINT('',(3.232597679845,0.373081904451,1.75));
#3567 = LINE('',#3568,#3569);
#3568 = CARTESIAN_POINT('',(3.232597679845,0.373081904451,-4.5));
#3569 = VECTOR('',#3570,1.);
#3570 = DIRECTION('',(-0.,0.,1.));
#3571 = ORIENTED_EDGE('',*,*,#3572,.T.);
#3572 = EDGE_CURVE('',#3565,#3573,#3575,.T.);
#3573 = VERTEX_POINT('',#3574);
#3574 = CARTESIAN_POINT('',(3.3,0.766162350741,1.75));
#3575 = LINE('',#3576,#3577);
#3576 = CARTESIAN_POINT('',(3.511456704643,1.999346841135,1.75));
#3577 = VECTOR('',#3578,1.);
#3578 = DIRECTION('',(0.169005469575,0.985615113142,0.));
#3579 = ORIENTED_EDGE('',*,*,#3580,.T.);
#3580 = EDGE_CURVE('',#3573,#3533,#3581,.T.);
#3581 = LINE('',#3582,#3583);
#3582 = CARTESIAN_POINT('',(3.3,0.766162350741,-4.5));
#3583 = VECTOR('',#3584,1.);
#3584 = DIRECTION('',(-0.,0.,1.));
#3585 = ORIENTED_EDGE('',*,*,#3532,.T.);
#3586 = ORIENTED_EDGE('',*,*,#1889,.F.);
#3587 = ORIENTED_EDGE('',*,*,#3588,.T.);
#3588 = EDGE_CURVE('',#1881,#3563,#3589,.T.);
#3589 = LINE('',#3590,#3591);
#3590 = CARTESIAN_POINT('',(3.511456704643,1.999346841135,1.6));
#3591 = VECTOR('',#3592,1.);
#3592 = DIRECTION('',(0.169005469575,0.985615113142,0.));
#3593 = PLANE('',#3594);
#3594 = AXIS2_PLACEMENT_3D('',#3595,#3596,#3597);
#3595 = CARTESIAN_POINT('',(3.511456704643,1.999346841135,-4.5));
#3596 = DIRECTION('',(0.985615113142,-0.169005469575,0.));
#3597 = DIRECTION('',(0.169005469575,0.985615113142,0.));
#3598 = ADVANCED_FACE('',(#3599),#3618,.F.);
#3599 = FACE_BOUND('',#3600,.T.);
#3600 = EDGE_LOOP('',(#3601,#3609,#3615,#3616,#3617));
#3601 = ORIENTED_EDGE('',*,*,#3602,.F.);
#3602 = EDGE_CURVE('',#3603,#2009,#3605,.T.);
#3603 = VERTEX_POINT('',#3604);
#3604 = CARTESIAN_POINT('',(3.035474657216,0.406882998366,1.6));
#3605 = LINE('',#3606,#3607);
#3606 = CARTESIAN_POINT('',(3.035474657216,0.406882998366,1.6));
#3607 = VECTOR('',#3608,1.);
#3608 = DIRECTION('',(-0.169005469575,-0.985615113142,0.));
#3609 = ORIENTED_EDGE('',*,*,#3610,.F.);
#3610 = EDGE_CURVE('',#3563,#3603,#3611,.T.);
#3611 = LINE('',#3612,#3613);
#3612 = CARTESIAN_POINT('',(3.232597679845,0.373081904451,1.6));
#3613 = VECTOR('',#3614,1.);
#3614 = DIRECTION('',(-0.985615113142,0.169005469575,0.));
#3615 = ORIENTED_EDGE('',*,*,#3588,.F.);
#3616 = ORIENTED_EDGE('',*,*,#1880,.F.);
#3617 = ORIENTED_EDGE('',*,*,#2016,.T.);
#3618 = PLANE('',#3619);
#3619 = AXIS2_PLACEMENT_3D('',#3620,#3621,#3622);
#3620 = CARTESIAN_POINT('',(3.197123022628,0.166198906085,1.6));
#3621 = DIRECTION('',(0.,0.,1.));
#3622 = DIRECTION('',(1.,0.,-0.));
#3623 = ADVANCED_FACE('',(#3624),#3669,.F.);
#3624 = FACE_BOUND('',#3625,.F.);
#3625 = EDGE_LOOP('',(#3626,#3627,#3636,#3645,#3653,#3662));
#3626 = ORIENTED_EDGE('',*,*,#2158,.F.);
#3627 = ORIENTED_EDGE('',*,*,#3628,.T.);
#3628 = EDGE_CURVE('',#1906,#3629,#3631,.T.);
#3629 = VERTEX_POINT('',#3630);
#3630 = CARTESIAN_POINT('',(3.052456489954,1.595996894054,1.5));
#3631 = CIRCLE('',#3632,1.E-01);
#3632 = AXIS2_PLACEMENT_3D('',#3633,#3634,#3635);
#3633 = CARTESIAN_POINT('',(2.963662989418,1.55,1.5));
#3634 = DIRECTION('',(0.,-0.,-1.));
#3635 = DIRECTION('',(1.,-1.301042606983E-14,0.));
#3636 = ORIENTED_EDGE('',*,*,#3637,.T.);
#3637 = EDGE_CURVE('',#3629,#3638,#3640,.T.);
#3638 = VERTEX_POINT('',#3639);
#3639 = CARTESIAN_POINT('',(3.062593455611,1.564586392934,1.467446827166
    ));
#3640 = ( BOUNDED_CURVE() B_SPLINE_CURVE(3,(#3641,#3642,#3643,#3644),
.UNSPECIFIED.,.F.,.F.) B_SPLINE_CURVE_WITH_KNOTS((4,4),(1.239222293675,
1.570796326795),.PIECEWISE_BEZIER_KNOTS.) CURVE() 
GEOMETRIC_REPRESENTATION_ITEM() RATIONAL_B_SPLINE_CURVE((1.,
0.990859187043,0.990859187043,1.)) REPRESENTATION_ITEM('') );
#3641 = CARTESIAN_POINT('',(3.052456489954,1.595996894054,1.5));
#3642 = CARTESIAN_POINT('',(3.057563709681,1.586137795371,1.489501388573
    ));
#3643 = CARTESIAN_POINT('',(3.06097386987,1.575571039593,1.478550228455)
  );
#3644 = CARTESIAN_POINT('',(3.062593455611,1.564586392934,1.467446827166
    ));
#3645 = ORIENTED_EDGE('',*,*,#3646,.T.);
#3646 = EDGE_CURVE('',#3638,#3647,#3649,.T.);
#3647 = VERTEX_POINT('',#3648);
#3648 = CARTESIAN_POINT('',(3.062593455611,1.564586392934,
    -1.467446827166));
#3649 = LINE('',#3650,#3651);
#3650 = CARTESIAN_POINT('',(3.062593455611,1.564586392934,
    -2.076184765183));
#3651 = VECTOR('',#3652,1.);
#3652 = DIRECTION('',(-0.,-0.,-1.));
#3653 = ORIENTED_EDGE('',*,*,#3654,.T.);
#3654 = EDGE_CURVE('',#3647,#3655,#3657,.T.);
#3655 = VERTEX_POINT('',#3656);
#3656 = CARTESIAN_POINT('',(3.052456489954,1.595996894054,-1.5));
#3657 = ( BOUNDED_CURVE() B_SPLINE_CURVE(3,(#3658,#3659,#3660,#3661),
.UNSPECIFIED.,.F.,.F.) B_SPLINE_CURVE_WITH_KNOTS((4,4),(1.570796326795,
1.902370359915),.PIECEWISE_BEZIER_KNOTS.) CURVE() 
GEOMETRIC_REPRESENTATION_ITEM() RATIONAL_B_SPLINE_CURVE((1.,
0.990859187043,0.990859187043,1.)) REPRESENTATION_ITEM('') );
#3658 = CARTESIAN_POINT('',(3.062593455611,1.564586392934,
    -1.467446827166));
#3659 = CARTESIAN_POINT('',(3.06097386987,1.575571039593,-1.478550228455
    ));
#3660 = CARTESIAN_POINT('',(3.057563709681,1.586137795371,
    -1.489501388573));
#3661 = CARTESIAN_POINT('',(3.052456489954,1.595996894054,-1.5));
#3662 = ORIENTED_EDGE('',*,*,#3663,.T.);
#3663 = EDGE_CURVE('',#3655,#2151,#3664,.T.);
#3664 = CIRCLE('',#3665,1.E-01);
#3665 = AXIS2_PLACEMENT_3D('',#3666,#3667,#3668);
#3666 = CARTESIAN_POINT('',(2.963662989418,1.55,-1.5));
#3667 = DIRECTION('',(0.,0.,1.));
#3668 = DIRECTION('',(1.,0.,-0.));
#3669 = CYLINDRICAL_SURFACE('',#3670,1.E-01);
#3670 = AXIS2_PLACEMENT_3D('',#3671,#3672,#3673);
#3671 = CARTESIAN_POINT('',(2.963662989418,1.55,-2.076184765183));
#3672 = DIRECTION('',(0.,0.,1.));
#3673 = DIRECTION('',(1.,0.,-0.));
#3674 = ADVANCED_FACE('',(#3675),#3694,.T.);
#3675 = FACE_BOUND('',#3676,.T.);
#3676 = EDGE_LOOP('',(#3677,#3685,#3692,#3693));
#3677 = ORIENTED_EDGE('',*,*,#3678,.T.);
#3678 = EDGE_CURVE('',#3629,#3679,#3681,.T.);
#3679 = VERTEX_POINT('',#3680);
#3680 = CARTESIAN_POINT('',(3.204135107032,1.618360519674,1.5));
#3681 = LINE('',#3682,#3683);
#3682 = CARTESIAN_POINT('',(3.052456489954,1.595996894054,1.5));
#3683 = VECTOR('',#3684,1.);
#3684 = DIRECTION('',(0.989304661931,0.145863929338,0.));
#3685 = ORIENTED_EDGE('',*,*,#3686,.F.);
#3686 = EDGE_CURVE('',#1904,#3679,#3687,.T.);
#3687 = CIRCLE('',#3688,0.25);
#3688 = AXIS2_PLACEMENT_3D('',#3689,#3690,#3691);
#3689 = CARTESIAN_POINT('',(2.963662989418,1.55,1.5));
#3690 = DIRECTION('',(0.,0.,-1.));
#3691 = DIRECTION('',(1.,0.,0.));
#3692 = ORIENTED_EDGE('',*,*,#1903,.T.);
#3693 = ORIENTED_EDGE('',*,*,#3628,.T.);
#3694 = PLANE('',#3695);
#3695 = AXIS2_PLACEMENT_3D('',#3696,#3697,#3698);
#3696 = CARTESIAN_POINT('',(3.,-1.350416637736,1.5));
#3697 = DIRECTION('',(0.,0.,1.));
#3698 = DIRECTION('',(1.,0.,-0.));
#3699 = ADVANCED_FACE('',(#3700),#3718,.F.);
#3700 = FACE_BOUND('',#3701,.T.);
#3701 = EDGE_LOOP('',(#3702,#3710,#3711));
#3702 = ORIENTED_EDGE('',*,*,#3703,.F.);
#3703 = EDGE_CURVE('',#1914,#3704,#3706,.T.);
#3704 = VERTEX_POINT('',#3705);
#3705 = CARTESIAN_POINT('',(2.963662989418,1.8,1.5));
#3706 = LINE('',#3707,#3708);
#3707 = CARTESIAN_POINT('',(-3.1,1.8,1.5));
#3708 = VECTOR('',#3709,1.);
#3709 = DIRECTION('',(-1.,-0.,0.));
#3710 = ORIENTED_EDGE('',*,*,#1913,.T.);
#3711 = ORIENTED_EDGE('',*,*,#3712,.F.);
#3712 = EDGE_CURVE('',#3704,#1904,#3713,.T.);
#3713 = CIRCLE('',#3714,0.25);
#3714 = AXIS2_PLACEMENT_3D('',#3715,#3716,#3717);
#3715 = CARTESIAN_POINT('',(2.963662989418,1.55,1.5));
#3716 = DIRECTION('',(0.,-0.,-1.));
#3717 = DIRECTION('',(1.,1.387778780781E-14,-0.));
#3718 = PLANE('',#3719);
#3719 = AXIS2_PLACEMENT_3D('',#3720,#3721,#3722);
#3720 = CARTESIAN_POINT('',(2.963662989418,1.55,1.5));
#3721 = DIRECTION('',(0.,0.,1.));
#3722 = DIRECTION('',(1.,0.,-0.));
#3723 = ADVANCED_FACE('',(#3724),#3749,.F.);
#3724 = FACE_BOUND('',#3725,.T.);
#3725 = EDGE_LOOP('',(#3726,#3727,#3735,#3743));
#3726 = ORIENTED_EDGE('',*,*,#1929,.T.);
#3727 = ORIENTED_EDGE('',*,*,#3728,.F.);
#3728 = EDGE_CURVE('',#3729,#1922,#3731,.T.);
#3729 = VERTEX_POINT('',#3730);
#3730 = CARTESIAN_POINT('',(3.1,1.8,1.9));
#3731 = LINE('',#3732,#3733);
#3732 = CARTESIAN_POINT('',(-3.1,1.8,1.9));
#3733 = VECTOR('',#3734,1.);
#3734 = DIRECTION('',(-1.,-0.,0.));
#3735 = ORIENTED_EDGE('',*,*,#3736,.F.);
#3736 = EDGE_CURVE('',#3737,#3729,#3739,.T.);
#3737 = VERTEX_POINT('',#3738);
#3738 = CARTESIAN_POINT('',(3.1,1.65,1.9));
#3739 = LINE('',#3740,#3741);
#3740 = CARTESIAN_POINT('',(3.1,1.8,1.9));
#3741 = VECTOR('',#3742,1.);
#3742 = DIRECTION('',(0.,1.,-0.));
#3743 = ORIENTED_EDGE('',*,*,#3744,.F.);
#3744 = EDGE_CURVE('',#1930,#3737,#3745,.T.);
#3745 = LINE('',#3746,#3747);
#3746 = CARTESIAN_POINT('',(3.1,1.65,1.9));
#3747 = VECTOR('',#3748,1.);
#3748 = DIRECTION('',(1.,0.,1.51788304148E-14));
#3749 = PLANE('',#3750);
#3750 = AXIS2_PLACEMENT_3D('',#3751,#3752,#3753);
#3751 = CARTESIAN_POINT('',(3.1,1.8,1.9));
#3752 = DIRECTION('',(-1.51788304148E-14,0.,1.));
#3753 = DIRECTION('',(1.,0.,1.51788304148E-14));
#3754 = ADVANCED_FACE('',(#3755),#3773,.F.);
#3755 = FACE_BOUND('',#3756,.T.);
#3756 = EDGE_LOOP('',(#3757,#3758,#3759,#3767));
#3757 = ORIENTED_EDGE('',*,*,#1937,.T.);
#3758 = ORIENTED_EDGE('',*,*,#3744,.T.);
#3759 = ORIENTED_EDGE('',*,*,#3760,.F.);
#3760 = EDGE_CURVE('',#3761,#3737,#3763,.T.);
#3761 = VERTEX_POINT('',#3762);
#3762 = CARTESIAN_POINT('',(3.1,1.65,2.5));
#3763 = LINE('',#3764,#3765);
#3764 = CARTESIAN_POINT('',(3.1,1.65,2.8));
#3765 = VECTOR('',#3766,1.);
#3766 = DIRECTION('',(-0.,0.,-1.));
#3767 = ORIENTED_EDGE('',*,*,#3768,.F.);
#3768 = EDGE_CURVE('',#1938,#3761,#3769,.T.);
#3769 = LINE('',#3770,#3771);
#3770 = CARTESIAN_POINT('',(-3.1,1.65,2.5));
#3771 = VECTOR('',#3772,1.);
#3772 = DIRECTION('',(1.,0.,-0.));
#3773 = PLANE('',#3774);
#3774 = AXIS2_PLACEMENT_3D('',#3775,#3776,#3777);
#3775 = CARTESIAN_POINT('',(-3.1,1.65,2.8));
#3776 = DIRECTION('',(0.,1.,0.));
#3777 = DIRECTION('',(0.,-0.,1.));
#3778 = ADVANCED_FACE('',(#3779),#3797,.F.);
#3779 = FACE_BOUND('',#3780,.T.);
#3780 = EDGE_LOOP('',(#3781,#3789,#3795,#3796));
#3781 = ORIENTED_EDGE('',*,*,#3782,.F.);
#3782 = EDGE_CURVE('',#3783,#3761,#3785,.T.);
#3783 = VERTEX_POINT('',#3784);
#3784 = CARTESIAN_POINT('',(3.1,1.8,2.5));
#3785 = LINE('',#3786,#3787);
#3786 = CARTESIAN_POINT('',(3.1,1.8,2.5));
#3787 = VECTOR('',#3788,1.);
#3788 = DIRECTION('',(-0.,-1.,-0.));
#3789 = ORIENTED_EDGE('',*,*,#3790,.F.);
#3790 = EDGE_CURVE('',#1946,#3783,#3791,.T.);
#3791 = LINE('',#3792,#3793);
#3792 = CARTESIAN_POINT('',(-3.1,1.8,2.5));
#3793 = VECTOR('',#3794,1.);
#3794 = DIRECTION('',(1.,0.,-0.));
#3795 = ORIENTED_EDGE('',*,*,#1945,.T.);
#3796 = ORIENTED_EDGE('',*,*,#3768,.T.);
#3797 = PLANE('',#3798);
#3798 = AXIS2_PLACEMENT_3D('',#3799,#3800,#3801);
#3799 = CARTESIAN_POINT('',(3.,1.8,2.5));
#3800 = DIRECTION('',(-8.673617379884E-15,0.,-1.));
#3801 = DIRECTION('',(-1.,0.,8.673617379884E-15));
#3802 = ADVANCED_FACE('',(#3803),#3823,.T.);
#3803 = FACE_BOUND('',#3804,.T.);
#3804 = EDGE_LOOP('',(#3805,#3806,#3807,#3815,#3822));
#3805 = ORIENTED_EDGE('',*,*,#3388,.T.);
#3806 = ORIENTED_EDGE('',*,*,#3374,.T.);
#3807 = ORIENTED_EDGE('',*,*,#3808,.T.);
#3808 = EDGE_CURVE('',#3356,#3809,#3811,.T.);
#3809 = VERTEX_POINT('',#3810);
#3810 = CARTESIAN_POINT('',(2.9,1.64,2.7));
#3811 = LINE('',#3812,#3813);
#3812 = CARTESIAN_POINT('',(3.,1.64,2.7));
#3813 = VECTOR('',#3814,1.);
#3814 = DIRECTION('',(1.,0.,0.));
#3815 = ORIENTED_EDGE('',*,*,#3816,.T.);
#3816 = EDGE_CURVE('',#3809,#1969,#3817,.T.);
#3817 = CIRCLE('',#3818,1.E-01);
#3818 = AXIS2_PLACEMENT_3D('',#3819,#3820,#3821);
#3819 = CARTESIAN_POINT('',(2.9,1.54,2.7));
#3820 = DIRECTION('',(0.,0.,-1.));
#3821 = DIRECTION('',(-1.,0.,0.));
#3822 = ORIENTED_EDGE('',*,*,#1968,.T.);
#3823 = PLANE('',#3824);
#3824 = AXIS2_PLACEMENT_3D('',#3825,#3826,#3827);
#3825 = CARTESIAN_POINT('',(3.,9.857313811473,2.7));
#3826 = DIRECTION('',(-0.,2.67071722341E-17,1.));
#3827 = DIRECTION('',(0.,-1.,2.67071722341E-17));
#3828 = ADVANCED_FACE('',(#3829),#3848,.T.);
#3829 = FACE_BOUND('',#3830,.T.);
#3830 = EDGE_LOOP('',(#3831,#3840,#3841,#3842));
#3831 = ORIENTED_EDGE('',*,*,#3832,.T.);
#3832 = EDGE_CURVE('',#3833,#1977,#3835,.T.);
#3833 = VERTEX_POINT('',#3834);
#3834 = CARTESIAN_POINT('',(2.9,1.64,2.8));
#3835 = ( BOUNDED_CURVE() B_SPLINE_CURVE(3,(#3836,#3837,#3838,#3839),
.UNSPECIFIED.,.F.,.F.) B_SPLINE_CURVE_WITH_KNOTS((4,4),(0.,
1.570796326795),.PIECEWISE_BEZIER_KNOTS.) CURVE() 
GEOMETRIC_REPRESENTATION_ITEM() RATIONAL_B_SPLINE_CURVE((1.,
0.804737854124,0.804737854124,1.)) REPRESENTATION_ITEM('') );
#3836 = CARTESIAN_POINT('',(2.9,1.64,2.8));
#3837 = CARTESIAN_POINT('',(2.958578643763,1.64,2.8));
#3838 = CARTESIAN_POINT('',(3.,1.598578643763,2.841421356237));
#3839 = CARTESIAN_POINT('',(3.,1.54,2.9));
#3840 = ORIENTED_EDGE('',*,*,#1976,.T.);
#3841 = ORIENTED_EDGE('',*,*,#3816,.F.);
#3842 = ORIENTED_EDGE('',*,*,#3843,.T.);
#3843 = EDGE_CURVE('',#3809,#3833,#3844,.T.);
#3844 = LINE('',#3845,#3846);
#3845 = CARTESIAN_POINT('',(2.9,1.64,-2.9));
#3846 = VECTOR('',#3847,1.);
#3847 = DIRECTION('',(-0.,-0.,1.));
#3848 = CYLINDRICAL_SURFACE('',#3849,1.E-01);
#3849 = AXIS2_PLACEMENT_3D('',#3850,#3851,#3852);
#3850 = CARTESIAN_POINT('',(2.9,1.54,-2.9));
#3851 = DIRECTION('',(0.,0.,-1.));
#3852 = DIRECTION('',(-1.,0.,0.));
#3853 = ADVANCED_FACE('',(#3854),#3873,.T.);
#3854 = FACE_BOUND('',#3855,.T.);
#3855 = EDGE_LOOP('',(#3856,#3864,#3865,#3866));
#3856 = ORIENTED_EDGE('',*,*,#3857,.T.);
#3857 = EDGE_CURVE('',#3858,#3506,#3860,.T.);
#3858 = VERTEX_POINT('',#3859);
#3859 = CARTESIAN_POINT('',(2.9,1.44,3.));
#3860 = LINE('',#3861,#3862);
#3861 = CARTESIAN_POINT('',(2.9,1.64,3.));
#3862 = VECTOR('',#3863,1.);
#3863 = DIRECTION('',(-0.,-1.,-0.));
#3864 = ORIENTED_EDGE('',*,*,#3505,.F.);
#3865 = ORIENTED_EDGE('',*,*,#1984,.T.);
#3866 = ORIENTED_EDGE('',*,*,#3867,.T.);
#3867 = EDGE_CURVE('',#1977,#3858,#3868,.T.);
#3868 = ( BOUNDED_CURVE() B_SPLINE_CURVE(3,(#3869,#3870,#3871,#3872),
.UNSPECIFIED.,.F.,.F.) B_SPLINE_CURVE_WITH_KNOTS((4,4),(4.712388980385,
6.28318530718),.PIECEWISE_BEZIER_KNOTS.) CURVE() 
GEOMETRIC_REPRESENTATION_ITEM() RATIONAL_B_SPLINE_CURVE((1.,
0.804737854124,0.804737854124,1.)) REPRESENTATION_ITEM('') );
#3869 = CARTESIAN_POINT('',(3.,1.54,2.9));
#3870 = CARTESIAN_POINT('',(3.,1.481421356237,2.958578643763));
#3871 = CARTESIAN_POINT('',(2.958578643763,1.44,3.));
#3872 = CARTESIAN_POINT('',(2.9,1.44,3.));
#3873 = CYLINDRICAL_SURFACE('',#3874,1.E-01);
#3874 = AXIS2_PLACEMENT_3D('',#3875,#3876,#3877);
#3875 = CARTESIAN_POINT('',(2.9,1.64,2.9));
#3876 = DIRECTION('',(-0.,-1.,-0.));
#3877 = DIRECTION('',(0.,0.,-1.));
#3878 = ADVANCED_FACE('',(#3879),#3906,.F.);
#3879 = FACE_BOUND('',#3880,.T.);
#3880 = EDGE_LOOP('',(#3881,#3889,#3897,#3903,#3904,#3905));
#3881 = ORIENTED_EDGE('',*,*,#3882,.F.);
#3882 = EDGE_CURVE('',#3883,#3541,#3885,.T.);
#3883 = VERTEX_POINT('',#3884);
#3884 = CARTESIAN_POINT('',(3.102876977372,0.799963444656,1.75));
#3885 = LINE('',#3886,#3887);
#3886 = CARTESIAN_POINT('',(3.102876977372,0.799963444656,-4.5));
#3887 = VECTOR('',#3888,1.);
#3888 = DIRECTION('',(-0.,0.,1.));
#3889 = ORIENTED_EDGE('',*,*,#3890,.F.);
#3890 = EDGE_CURVE('',#3891,#3883,#3893,.T.);
#3891 = VERTEX_POINT('',#3892);
#3892 = CARTESIAN_POINT('',(3.035474657216,0.406882998366,1.75));
#3893 = LINE('',#3894,#3895);
#3894 = CARTESIAN_POINT('',(3.314333682015,2.03314793505,1.75));
#3895 = VECTOR('',#3896,1.);
#3896 = DIRECTION('',(0.169005469575,0.985615113142,0.));
#3897 = ORIENTED_EDGE('',*,*,#3898,.F.);
#3898 = EDGE_CURVE('',#3603,#3891,#3899,.T.);
#3899 = LINE('',#3900,#3901);
#3900 = CARTESIAN_POINT('',(3.035474657216,0.406882998366,-4.5));
#3901 = VECTOR('',#3902,1.);
#3902 = DIRECTION('',(-0.,0.,1.));
#3903 = ORIENTED_EDGE('',*,*,#3602,.T.);
#3904 = ORIENTED_EDGE('',*,*,#2008,.T.);
#3905 = ORIENTED_EDGE('',*,*,#3548,.T.);
#3906 = PLANE('',#3907);
#3907 = AXIS2_PLACEMENT_3D('',#3908,#3909,#3910);
#3908 = CARTESIAN_POINT('',(3.314333682015,2.03314793505,-4.5));
#3909 = DIRECTION('',(0.985615113142,-0.169005469575,0.));
#3910 = DIRECTION('',(0.169005469575,0.985615113142,0.));
#3911 = ADVANCED_FACE('',(#3912),#3938,.F.);
#3912 = FACE_BOUND('',#3913,.T.);
#3913 = EDGE_LOOP('',(#3914,#3922,#3930,#3936,#3937));
#3914 = ORIENTED_EDGE('',*,*,#3915,.F.);
#3915 = EDGE_CURVE('',#3916,#2173,#3918,.T.);
#3916 = VERTEX_POINT('',#3917);
#3917 = CARTESIAN_POINT('',(3.232597679845,0.373081904451,-1.6));
#3918 = LINE('',#3919,#3920);
#3919 = CARTESIAN_POINT('',(3.232597679845,0.373081904451,-1.6));
#3920 = VECTOR('',#3921,1.);
#3921 = DIRECTION('',(-0.169005469575,-0.985615113142,0.));
#3922 = ORIENTED_EDGE('',*,*,#3923,.F.);
#3923 = EDGE_CURVE('',#3924,#3916,#3926,.T.);
#3924 = VERTEX_POINT('',#3925);
#3925 = CARTESIAN_POINT('',(3.035474657216,0.406882998366,-1.6));
#3926 = LINE('',#3927,#3928);
#3927 = CARTESIAN_POINT('',(3.035474657216,0.406882998366,-1.6));
#3928 = VECTOR('',#3929,1.);
#3929 = DIRECTION('',(0.985615113142,-0.169005469575,0.));
#3930 = ORIENTED_EDGE('',*,*,#3931,.F.);
#3931 = EDGE_CURVE('',#2024,#3924,#3932,.T.);
#3932 = LINE('',#3933,#3934);
#3933 = CARTESIAN_POINT('',(3.,0.2,-1.6));
#3934 = VECTOR('',#3935,1.);
#3935 = DIRECTION('',(0.169005469575,0.985615113142,0.));
#3936 = ORIENTED_EDGE('',*,*,#2023,.T.);
#3937 = ORIENTED_EDGE('',*,*,#2172,.F.);
#3938 = PLANE('',#3939);
#3939 = AXIS2_PLACEMENT_3D('',#3940,#3941,#3942);
#3940 = CARTESIAN_POINT('',(3.197123022628,0.166198906085,-1.6));
#3941 = DIRECTION('',(0.,0.,-1.));
#3942 = DIRECTION('',(-1.,0.,-0.));
#3943 = ADVANCED_FACE('',(#3944),#3978,.F.);
#3944 = FACE_BOUND('',#3945,.T.);
#3945 = EDGE_LOOP('',(#3946,#3956,#3962,#3963,#3964,#3972));
#3946 = ORIENTED_EDGE('',*,*,#3947,.F.);
#3947 = EDGE_CURVE('',#3948,#3950,#3952,.T.);
#3948 = VERTEX_POINT('',#3949);
#3949 = CARTESIAN_POINT('',(3.102876977372,0.799963444656,-2.4));
#3950 = VERTEX_POINT('',#3951);
#3951 = CARTESIAN_POINT('',(3.102876977372,0.799963444656,-1.75));
#3952 = LINE('',#3953,#3954);
#3953 = CARTESIAN_POINT('',(3.102876977372,0.799963444656,-4.5));
#3954 = VECTOR('',#3955,1.);
#3955 = DIRECTION('',(-0.,0.,1.));
#3956 = ORIENTED_EDGE('',*,*,#3957,.F.);
#3957 = EDGE_CURVE('',#2032,#3948,#3958,.T.);
#3958 = LINE('',#3959,#3960);
#3959 = CARTESIAN_POINT('',(3.314333682015,2.03314793505,-2.4));
#3960 = VECTOR('',#3961,1.);
#3961 = DIRECTION('',(0.169005469575,0.985615113142,0.));
#3962 = ORIENTED_EDGE('',*,*,#2031,.T.);
#3963 = ORIENTED_EDGE('',*,*,#3931,.T.);
#3964 = ORIENTED_EDGE('',*,*,#3965,.F.);
#3965 = EDGE_CURVE('',#3966,#3924,#3968,.T.);
#3966 = VERTEX_POINT('',#3967);
#3967 = CARTESIAN_POINT('',(3.035474657216,0.406882998366,-1.75));
#3968 = LINE('',#3969,#3970);
#3969 = CARTESIAN_POINT('',(3.035474657216,0.406882998366,-4.5));
#3970 = VECTOR('',#3971,1.);
#3971 = DIRECTION('',(-0.,0.,1.));
#3972 = ORIENTED_EDGE('',*,*,#3973,.F.);
#3973 = EDGE_CURVE('',#3950,#3966,#3974,.T.);
#3974 = LINE('',#3975,#3976);
#3975 = CARTESIAN_POINT('',(3.314333682015,2.03314793505,-1.75));
#3976 = VECTOR('',#3977,1.);
#3977 = DIRECTION('',(-0.169005469575,-0.985615113142,-0.));
#3978 = PLANE('',#3979);
#3979 = AXIS2_PLACEMENT_3D('',#3980,#3981,#3982);
#3980 = CARTESIAN_POINT('',(3.314333682015,2.03314793505,-4.5));
#3981 = DIRECTION('',(0.985615113142,-0.169005469575,0.));
#3982 = DIRECTION('',(0.169005469575,0.985615113142,0.));
#3983 = ADVANCED_FACE('',(#3984),#4003,.F.);
#3984 = FACE_BOUND('',#3985,.T.);
#3985 = EDGE_LOOP('',(#3986,#3987,#3988,#3996,#4002));
#3986 = ORIENTED_EDGE('',*,*,#2039,.T.);
#3987 = ORIENTED_EDGE('',*,*,#3957,.T.);
#3988 = ORIENTED_EDGE('',*,*,#3989,.F.);
#3989 = EDGE_CURVE('',#3990,#3948,#3992,.T.);
#3990 = VERTEX_POINT('',#3991);
#3991 = CARTESIAN_POINT('',(3.3,0.766162350741,-2.4));
#3992 = LINE('',#3993,#3994);
#3993 = CARTESIAN_POINT('',(3.3,0.766162350741,-2.4));
#3994 = VECTOR('',#3995,1.);
#3995 = DIRECTION('',(-0.985615113142,0.169005469575,0.));
#3996 = ORIENTED_EDGE('',*,*,#3997,.F.);
#3997 = EDGE_CURVE('',#2183,#3990,#3998,.T.);
#3998 = LINE('',#3999,#4000);
#3999 = CARTESIAN_POINT('',(3.197123022628,0.166198906085,-2.4));
#4000 = VECTOR('',#4001,1.);
#4001 = DIRECTION('',(0.169005469575,0.985615113142,0.));
#4002 = ORIENTED_EDGE('',*,*,#2182,.F.);
#4003 = PLANE('',#4004);
#4004 = AXIS2_PLACEMENT_3D('',#4005,#4006,#4007);
#4005 = CARTESIAN_POINT('',(-4.05,0.,-2.4));
#4006 = DIRECTION('',(0.,0.,1.));
#4007 = DIRECTION('',(1.,0.,-0.));
#4008 = ADVANCED_FACE('',(#4009),#4037,.T.);
#4009 = FACE_BOUND('',#4010,.T.);
#4010 = EDGE_LOOP('',(#4011,#4012,#4013,#4021,#4029,#4036));
#4011 = ORIENTED_EDGE('',*,*,#2213,.T.);
#4012 = ORIENTED_EDGE('',*,*,#2231,.T.);
#4013 = ORIENTED_EDGE('',*,*,#4014,.T.);
#4014 = EDGE_CURVE('',#2232,#4015,#4017,.T.);
#4015 = VERTEX_POINT('',#4016);
#4016 = CARTESIAN_POINT('',(1.75,1.04,-3.));
#4017 = LINE('',#4018,#4019);
#4018 = CARTESIAN_POINT('',(1.75,1.04,-3.));
#4019 = VECTOR('',#4020,1.);
#4020 = DIRECTION('',(0.,0.164398987305,-0.986393923832));
#4021 = ORIENTED_EDGE('',*,*,#4022,.T.);
#4022 = EDGE_CURVE('',#4015,#4023,#4025,.T.);
#4023 = VERTEX_POINT('',#4024);
#4024 = CARTESIAN_POINT('',(2.9,1.04,-3.));
#4025 = LINE('',#4026,#4027);
#4026 = CARTESIAN_POINT('',(3.,1.04,-3.));
#4027 = VECTOR('',#4028,1.);
#4028 = DIRECTION('',(1.,0.,0.));
#4029 = ORIENTED_EDGE('',*,*,#4030,.T.);
#4030 = EDGE_CURVE('',#4023,#2055,#4031,.T.);
#4031 = ( BOUNDED_CURVE() B_SPLINE_CURVE(3,(#4032,#4033,#4034,#4035),
.UNSPECIFIED.,.F.,.F.) B_SPLINE_CURVE_WITH_KNOTS((4,4),(3.14159265359,
4.712388980385),.PIECEWISE_BEZIER_KNOTS.) CURVE() 
GEOMETRIC_REPRESENTATION_ITEM() RATIONAL_B_SPLINE_CURVE((1.,
0.804737854124,0.804737854124,1.)) REPRESENTATION_ITEM('') );
#4032 = CARTESIAN_POINT('',(2.9,1.04,-3.));
#4033 = CARTESIAN_POINT('',(2.958578643763,1.04,-3.));
#4034 = CARTESIAN_POINT('',(3.,1.033096440627,-2.958578643763));
#4035 = CARTESIAN_POINT('',(3.,1.023333333333,-2.9));
#4036 = ORIENTED_EDGE('',*,*,#2054,.T.);
#4037 = PLANE('',#4038);
#4038 = AXIS2_PLACEMENT_3D('',#4039,#4040,#4041);
#4039 = CARTESIAN_POINT('',(3.,1.04,-3.));
#4040 = DIRECTION('',(0.,-0.986393923832,-0.164398987305));
#4041 = DIRECTION('',(0.,0.164398987305,-0.986393923832));
#4042 = ADVANCED_FACE('',(#4043),#4062,.T.);
#4043 = FACE_BOUND('',#4044,.T.);
#4044 = EDGE_LOOP('',(#4045,#4046,#4047,#4055));
#4045 = ORIENTED_EDGE('',*,*,#2062,.T.);
#4046 = ORIENTED_EDGE('',*,*,#4030,.F.);
#4047 = ORIENTED_EDGE('',*,*,#4048,.T.);
#4048 = EDGE_CURVE('',#4023,#4049,#4051,.T.);
#4049 = VERTEX_POINT('',#4050);
#4050 = CARTESIAN_POINT('',(2.9,1.44,-3.));
#4051 = LINE('',#4052,#4053);
#4052 = CARTESIAN_POINT('',(2.9,1.64,-3.));
#4053 = VECTOR('',#4054,1.);
#4054 = DIRECTION('',(0.,1.,0.));
#4055 = ORIENTED_EDGE('',*,*,#4056,.T.);
#4056 = EDGE_CURVE('',#4049,#2063,#4057,.T.);
#4057 = ( BOUNDED_CURVE() B_SPLINE_CURVE(3,(#4058,#4059,#4060,#4061),
.UNSPECIFIED.,.F.,.F.) B_SPLINE_CURVE_WITH_KNOTS((4,4),(
1.495451272394E-16,1.570796326795),.PIECEWISE_BEZIER_KNOTS.) CURVE() 
GEOMETRIC_REPRESENTATION_ITEM() RATIONAL_B_SPLINE_CURVE((1.,
0.804737854124,0.804737854124,1.)) REPRESENTATION_ITEM('') );
#4058 = CARTESIAN_POINT('',(2.9,1.44,-3.));
#4059 = CARTESIAN_POINT('',(2.958578643763,1.44,-3.));
#4060 = CARTESIAN_POINT('',(3.,1.481421356237,-2.958578643763));
#4061 = CARTESIAN_POINT('',(3.,1.54,-2.9));
#4062 = CYLINDRICAL_SURFACE('',#4063,0.1);
#4063 = AXIS2_PLACEMENT_3D('',#4064,#4065,#4066);
#4064 = CARTESIAN_POINT('',(2.9,1.64,-2.9));
#4065 = DIRECTION('',(-0.,-1.,-0.));
#4066 = DIRECTION('',(0.,0.,-1.));
#4067 = ADVANCED_FACE('',(#4068),#4095,.T.);
#4068 = FACE_BOUND('',#4069,.T.);
#4069 = EDGE_LOOP('',(#4070,#4079,#4087,#4094));
#4070 = ORIENTED_EDGE('',*,*,#4071,.T.);
#4071 = EDGE_CURVE('',#2063,#4072,#4074,.T.);
#4072 = VERTEX_POINT('',#4073);
#4073 = CARTESIAN_POINT('',(2.9,1.64,-2.8));
#4074 = ( BOUNDED_CURVE() B_SPLINE_CURVE(3,(#4075,#4076,#4077,#4078),
.UNSPECIFIED.,.F.,.F.) B_SPLINE_CURVE_WITH_KNOTS((4,4),(1.570796326795,
3.14159265359),.PIECEWISE_BEZIER_KNOTS.) CURVE() 
GEOMETRIC_REPRESENTATION_ITEM() RATIONAL_B_SPLINE_CURVE((1.,
0.804737854124,0.804737854124,1.)) REPRESENTATION_ITEM('') );
#4075 = CARTESIAN_POINT('',(3.,1.54,-2.9));
#4076 = CARTESIAN_POINT('',(3.,1.598578643763,-2.841421356237));
#4077 = CARTESIAN_POINT('',(2.958578643763,1.64,-2.8));
#4078 = CARTESIAN_POINT('',(2.9,1.64,-2.8));
#4079 = ORIENTED_EDGE('',*,*,#4080,.T.);
#4080 = EDGE_CURVE('',#4072,#4081,#4083,.T.);
#4081 = VERTEX_POINT('',#4082);
#4082 = CARTESIAN_POINT('',(2.9,1.64,-2.7));
#4083 = LINE('',#4084,#4085);
#4084 = CARTESIAN_POINT('',(2.9,1.64,-2.9));
#4085 = VECTOR('',#4086,1.);
#4086 = DIRECTION('',(-0.,-0.,1.));
#4087 = ORIENTED_EDGE('',*,*,#4088,.T.);
#4088 = EDGE_CURVE('',#4081,#2071,#4089,.T.);
#4089 = CIRCLE('',#4090,1.E-01);
#4090 = AXIS2_PLACEMENT_3D('',#4091,#4092,#4093);
#4091 = CARTESIAN_POINT('',(2.9,1.54,-2.7));
#4092 = DIRECTION('',(0.,0.,-1.));
#4093 = DIRECTION('',(-1.,0.,0.));
#4094 = ORIENTED_EDGE('',*,*,#2070,.T.);
#4095 = CYLINDRICAL_SURFACE('',#4096,1.E-01);
#4096 = AXIS2_PLACEMENT_3D('',#4097,#4098,#4099);
#4097 = CARTESIAN_POINT('',(2.9,1.54,-2.9));
#4098 = DIRECTION('',(0.,0.,-1.));
#4099 = DIRECTION('',(-1.,0.,0.));
#4100 = ADVANCED_FACE('',(#4101),#4127,.T.);
#4101 = FACE_BOUND('',#4102,.T.);
#4102 = EDGE_LOOP('',(#4103,#4113,#4119,#4120,#4121));
#4103 = ORIENTED_EDGE('',*,*,#4104,.T.);
#4104 = EDGE_CURVE('',#4105,#4107,#4109,.T.);
#4105 = VERTEX_POINT('',#4106);
#4106 = CARTESIAN_POINT('',(1.85,1.64,-2.7));
#4107 = VERTEX_POINT('',#4108);
#4108 = CARTESIAN_POINT('',(1.85,1.65,-2.7));
#4109 = LINE('',#4110,#4111);
#4110 = CARTESIAN_POINT('',(1.85,9.857313811473,-2.7));
#4111 = VECTOR('',#4112,1.);
#4112 = DIRECTION('',(0.,1.,-2.67071722341E-17));
#4113 = ORIENTED_EDGE('',*,*,#4114,.T.);
#4114 = EDGE_CURVE('',#4107,#2079,#4115,.T.);
#4115 = LINE('',#4116,#4117);
#4116 = CARTESIAN_POINT('',(1.85,1.65,-2.7));
#4117 = VECTOR('',#4118,1.);
#4118 = DIRECTION('',(1.,0.,0.));
#4119 = ORIENTED_EDGE('',*,*,#2078,.T.);
#4120 = ORIENTED_EDGE('',*,*,#4088,.F.);
#4121 = ORIENTED_EDGE('',*,*,#4122,.T.);
#4122 = EDGE_CURVE('',#4081,#4105,#4123,.T.);
#4123 = LINE('',#4124,#4125);
#4124 = CARTESIAN_POINT('',(1.85,1.64,-2.7));
#4125 = VECTOR('',#4126,1.);
#4126 = DIRECTION('',(-1.,-0.,-0.));
#4127 = PLANE('',#4128);
#4128 = AXIS2_PLACEMENT_3D('',#4129,#4130,#4131);
#4129 = CARTESIAN_POINT('',(1.85,9.857313811473,-2.7));
#4130 = DIRECTION('',(0.,-2.67071722341E-17,-1.));
#4131 = DIRECTION('',(0.,1.,-2.67071722341E-17));
#4132 = ADVANCED_FACE('',(#4133),#4145,.F.);
#4133 = FACE_BOUND('',#4134,.T.);
#4134 = EDGE_LOOP('',(#4135,#4142,#4143,#4144));
#4135 = ORIENTED_EDGE('',*,*,#4136,.F.);
#4136 = EDGE_CURVE('',#2280,#4107,#4137,.T.);
#4137 = CIRCLE('',#4138,1.E-01);
#4138 = AXIS2_PLACEMENT_3D('',#4139,#4140,#4141);
#4139 = CARTESIAN_POINT('',(1.85,1.65,-2.8));
#4140 = DIRECTION('',(-0.,1.,-2.67071722341E-17));
#4141 = DIRECTION('',(0.,-2.67071722341E-17,-1.));
#4142 = ORIENTED_EDGE('',*,*,#2279,.T.);
#4143 = ORIENTED_EDGE('',*,*,#2086,.T.);
#4144 = ORIENTED_EDGE('',*,*,#4114,.F.);
#4145 = PLANE('',#4146);
#4146 = AXIS2_PLACEMENT_3D('',#4147,#4148,#4149);
#4147 = CARTESIAN_POINT('',(-3.1,1.65,2.8));
#4148 = DIRECTION('',(0.,1.,0.));
#4149 = DIRECTION('',(0.,-0.,1.));
#4150 = ADVANCED_FACE('',(#4151),#4176,.F.);
#4151 = FACE_BOUND('',#4152,.T.);
#4152 = EDGE_LOOP('',(#4153,#4154,#4162,#4170));
#4153 = ORIENTED_EDGE('',*,*,#2110,.T.);
#4154 = ORIENTED_EDGE('',*,*,#4155,.F.);
#4155 = EDGE_CURVE('',#4156,#2103,#4158,.T.);
#4156 = VERTEX_POINT('',#4157);
#4157 = CARTESIAN_POINT('',(3.1,1.8,-2.5));
#4158 = LINE('',#4159,#4160);
#4159 = CARTESIAN_POINT('',(-3.1,1.8,-2.5));
#4160 = VECTOR('',#4161,1.);
#4161 = DIRECTION('',(-1.,-0.,0.));
#4162 = ORIENTED_EDGE('',*,*,#4163,.F.);
#4163 = EDGE_CURVE('',#4164,#4156,#4166,.T.);
#4164 = VERTEX_POINT('',#4165);
#4165 = CARTESIAN_POINT('',(3.1,1.65,-2.5));
#4166 = LINE('',#4167,#4168);
#4167 = CARTESIAN_POINT('',(3.1,1.8,-2.5));
#4168 = VECTOR('',#4169,1.);
#4169 = DIRECTION('',(0.,1.,-0.));
#4170 = ORIENTED_EDGE('',*,*,#4171,.F.);
#4171 = EDGE_CURVE('',#2111,#4164,#4172,.T.);
#4172 = LINE('',#4173,#4174);
#4173 = CARTESIAN_POINT('',(3.,1.65,-2.5));
#4174 = VECTOR('',#4175,1.);
#4175 = DIRECTION('',(1.,0.,8.673617379884E-15));
#4176 = PLANE('',#4177);
#4177 = AXIS2_PLACEMENT_3D('',#4178,#4179,#4180);
#4178 = CARTESIAN_POINT('',(3.,1.8,-2.5));
#4179 = DIRECTION('',(-8.673617379884E-15,0.,1.));
#4180 = DIRECTION('',(1.,0.,8.673617379884E-15));
#4181 = ADVANCED_FACE('',(#4182),#4200,.F.);
#4182 = FACE_BOUND('',#4183,.T.);
#4183 = EDGE_LOOP('',(#4184,#4185,#4186,#4194));
#4184 = ORIENTED_EDGE('',*,*,#2118,.T.);
#4185 = ORIENTED_EDGE('',*,*,#4171,.T.);
#4186 = ORIENTED_EDGE('',*,*,#4187,.F.);
#4187 = EDGE_CURVE('',#4188,#4164,#4190,.T.);
#4188 = VERTEX_POINT('',#4189);
#4189 = CARTESIAN_POINT('',(3.1,1.65,-1.9));
#4190 = LINE('',#4191,#4192);
#4191 = CARTESIAN_POINT('',(3.1,1.65,2.8));
#4192 = VECTOR('',#4193,1.);
#4193 = DIRECTION('',(-0.,0.,-1.));
#4194 = ORIENTED_EDGE('',*,*,#4195,.F.);
#4195 = EDGE_CURVE('',#2119,#4188,#4196,.T.);
#4196 = LINE('',#4197,#4198);
#4197 = CARTESIAN_POINT('',(-3.1,1.65,-1.9));
#4198 = VECTOR('',#4199,1.);
#4199 = DIRECTION('',(1.,0.,-0.));
#4200 = PLANE('',#4201);
#4201 = AXIS2_PLACEMENT_3D('',#4202,#4203,#4204);
#4202 = CARTESIAN_POINT('',(-3.1,1.65,2.8));
#4203 = DIRECTION('',(0.,1.,0.));
#4204 = DIRECTION('',(0.,-0.,1.));
#4205 = ADVANCED_FACE('',(#4206),#4224,.F.);
#4206 = FACE_BOUND('',#4207,.T.);
#4207 = EDGE_LOOP('',(#4208,#4216,#4222,#4223));
#4208 = ORIENTED_EDGE('',*,*,#4209,.F.);
#4209 = EDGE_CURVE('',#4210,#4188,#4212,.T.);
#4210 = VERTEX_POINT('',#4211);
#4211 = CARTESIAN_POINT('',(3.1,1.8,-1.9));
#4212 = LINE('',#4213,#4214);
#4213 = CARTESIAN_POINT('',(3.1,1.8,-1.9));
#4214 = VECTOR('',#4215,1.);
#4215 = DIRECTION('',(-0.,-1.,-0.));
#4216 = ORIENTED_EDGE('',*,*,#4217,.F.);
#4217 = EDGE_CURVE('',#2127,#4210,#4218,.T.);
#4218 = LINE('',#4219,#4220);
#4219 = CARTESIAN_POINT('',(-3.1,1.8,-1.9));
#4220 = VECTOR('',#4221,1.);
#4221 = DIRECTION('',(1.,0.,-0.));
#4222 = ORIENTED_EDGE('',*,*,#2126,.T.);
#4223 = ORIENTED_EDGE('',*,*,#4195,.T.);
#4224 = PLANE('',#4225);
#4225 = AXIS2_PLACEMENT_3D('',#4226,#4227,#4228);
#4226 = CARTESIAN_POINT('',(3.1,1.8,-1.9));
#4227 = DIRECTION('',(-3.252606517457E-14,0.,-1.));
#4228 = DIRECTION('',(-1.,0.,3.252606517457E-14));
#4229 = ADVANCED_FACE('',(#4230),#4248,.F.);
#4230 = FACE_BOUND('',#4231,.T.);
#4231 = EDGE_LOOP('',(#4232,#4241,#4242));
#4232 = ORIENTED_EDGE('',*,*,#4233,.F.);
#4233 = EDGE_CURVE('',#2143,#4234,#4236,.T.);
#4234 = VERTEX_POINT('',#4235);
#4235 = CARTESIAN_POINT('',(2.963662989418,1.8,-1.5));
#4236 = CIRCLE('',#4237,0.25);
#4237 = AXIS2_PLACEMENT_3D('',#4238,#4239,#4240);
#4238 = CARTESIAN_POINT('',(2.963662989418,1.55,-1.5));
#4239 = DIRECTION('',(0.,0.,1.));
#4240 = DIRECTION('',(1.,0.,-0.));
#4241 = ORIENTED_EDGE('',*,*,#2142,.T.);
#4242 = ORIENTED_EDGE('',*,*,#4243,.F.);
#4243 = EDGE_CURVE('',#4234,#2135,#4244,.T.);
#4244 = LINE('',#4245,#4246);
#4245 = CARTESIAN_POINT('',(-3.1,1.8,-1.5));
#4246 = VECTOR('',#4247,1.);
#4247 = DIRECTION('',(1.,0.,-0.));
#4248 = PLANE('',#4249);
#4249 = AXIS2_PLACEMENT_3D('',#4250,#4251,#4252);
#4250 = CARTESIAN_POINT('',(3.,-1.350416637736,-1.5));
#4251 = DIRECTION('',(0.,0.,-1.));
#4252 = DIRECTION('',(-1.,0.,-0.));
#4253 = ADVANCED_FACE('',(#4254),#4273,.T.);
#4254 = FACE_BOUND('',#4255,.T.);
#4255 = EDGE_LOOP('',(#4256,#4265,#4271,#4272));
#4256 = ORIENTED_EDGE('',*,*,#4257,.F.);
#4257 = EDGE_CURVE('',#4258,#2143,#4260,.T.);
#4258 = VERTEX_POINT('',#4259);
#4259 = CARTESIAN_POINT('',(3.204135107032,1.618360519674,-1.5));
#4260 = CIRCLE('',#4261,0.25);
#4261 = AXIS2_PLACEMENT_3D('',#4262,#4263,#4264);
#4262 = CARTESIAN_POINT('',(2.963662989418,1.55,-1.5));
#4263 = DIRECTION('',(0.,0.,1.));
#4264 = DIRECTION('',(1.,0.,-0.));
#4265 = ORIENTED_EDGE('',*,*,#4266,.T.);
#4266 = EDGE_CURVE('',#4258,#3655,#4267,.T.);
#4267 = LINE('',#4268,#4269);
#4268 = CARTESIAN_POINT('',(3.204135107032,1.618360519674,-1.5));
#4269 = VECTOR('',#4270,1.);
#4270 = DIRECTION('',(-0.989304661931,-0.145863929338,0.));
#4271 = ORIENTED_EDGE('',*,*,#3663,.T.);
#4272 = ORIENTED_EDGE('',*,*,#2150,.T.);
#4273 = PLANE('',#4274);
#4274 = AXIS2_PLACEMENT_3D('',#4275,#4276,#4277);
#4275 = CARTESIAN_POINT('',(3.,-1.350416637736,-1.5));
#4276 = DIRECTION('',(0.,0.,-1.));
#4277 = DIRECTION('',(-1.,0.,-0.));
#4278 = ADVANCED_FACE('',(#4279),#4306,.T.);
#4279 = FACE_BOUND('',#4280,.T.);
#4280 = EDGE_LOOP('',(#4281,#4282,#4283,#4291,#4299,#4305));
#4281 = ORIENTED_EDGE('',*,*,#2191,.F.);
#4282 = ORIENTED_EDGE('',*,*,#3997,.T.);
#4283 = ORIENTED_EDGE('',*,*,#4284,.T.);
#4284 = EDGE_CURVE('',#3990,#4285,#4287,.T.);
#4285 = VERTEX_POINT('',#4286);
#4286 = CARTESIAN_POINT('',(3.3,0.766162350741,-1.75));
#4287 = LINE('',#4288,#4289);
#4288 = CARTESIAN_POINT('',(3.3,0.766162350741,-4.5));
#4289 = VECTOR('',#4290,1.);
#4290 = DIRECTION('',(-0.,0.,1.));
#4291 = ORIENTED_EDGE('',*,*,#4292,.T.);
#4292 = EDGE_CURVE('',#4285,#4293,#4295,.T.);
#4293 = VERTEX_POINT('',#4294);
#4294 = CARTESIAN_POINT('',(3.232597679845,0.373081904451,-1.75));
#4295 = LINE('',#4296,#4297);
#4296 = CARTESIAN_POINT('',(3.511456704643,1.999346841135,-1.75));
#4297 = VECTOR('',#4298,1.);
#4298 = DIRECTION('',(-0.169005469575,-0.985615113142,-0.));
#4299 = ORIENTED_EDGE('',*,*,#4300,.T.);
#4300 = EDGE_CURVE('',#4293,#3916,#4301,.T.);
#4301 = LINE('',#4302,#4303);
#4302 = CARTESIAN_POINT('',(3.232597679845,0.373081904451,-4.5));
#4303 = VECTOR('',#4304,1.);
#4304 = DIRECTION('',(-0.,0.,1.));
#4305 = ORIENTED_EDGE('',*,*,#3915,.T.);
#4306 = PLANE('',#4307);
#4307 = AXIS2_PLACEMENT_3D('',#4308,#4309,#4310);
#4308 = CARTESIAN_POINT('',(3.511456704643,1.999346841135,-4.5));
#4309 = DIRECTION('',(0.985615113142,-0.169005469575,0.));
#4310 = DIRECTION('',(0.169005469575,0.985615113142,0.));
#4311 = ADVANCED_FACE('',(#4312),#4339,.F.);
#4312 = FACE_BOUND('',#4313,.F.);
#4313 = EDGE_LOOP('',(#4314,#4323,#4331,#4338));
#4314 = ORIENTED_EDGE('',*,*,#4315,.T.);
#4315 = EDGE_CURVE('',#2257,#4316,#4318,.T.);
#4316 = VERTEX_POINT('',#4317);
#4317 = CARTESIAN_POINT('',(1.725,1.551862865526,-2.80182848014));
#4318 = CIRCLE('',#4319,0.1);
#4319 = AXIS2_PLACEMENT_3D('',#4320,#4321,#4322);
#4320 = CARTESIAN_POINT('',(1.725,1.55,-2.701845832985));
#4321 = DIRECTION('',(-1.,0.,0.));
#4322 = DIRECTION('',(0.,0.,1.));
#4323 = ORIENTED_EDGE('',*,*,#4324,.T.);
#4324 = EDGE_CURVE('',#4316,#4325,#4327,.T.);
#4325 = VERTEX_POINT('',#4326);
#4326 = CARTESIAN_POINT('',(-1.725,1.551862865526,-2.80182848014));
#4327 = LINE('',#4328,#4329);
#4328 = CARTESIAN_POINT('',(1.725,1.551862865526,-2.80182848014));
#4329 = VECTOR('',#4330,1.);
#4330 = DIRECTION('',(-1.,-0.,-0.));
#4331 = ORIENTED_EDGE('',*,*,#4332,.T.);
#4332 = EDGE_CURVE('',#4325,#2360,#4333,.T.);
#4333 = CIRCLE('',#4334,0.1);
#4334 = AXIS2_PLACEMENT_3D('',#4335,#4336,#4337);
#4335 = CARTESIAN_POINT('',(-1.725,1.55,-2.701845832985));
#4336 = DIRECTION('',(1.,0.,-0.));
#4337 = DIRECTION('',(0.,0.,1.));
#4338 = ORIENTED_EDGE('',*,*,#2367,.F.);
#4339 = CYLINDRICAL_SURFACE('',#4340,0.1);
#4340 = AXIS2_PLACEMENT_3D('',#4341,#4342,#4343);
#4341 = CARTESIAN_POINT('',(1.725,1.55,-2.701845832985));
#4342 = DIRECTION('',(-1.,-0.,-0.));
#4343 = DIRECTION('',(-0.,0.,1.));
#4344 = ADVANCED_FACE('',(#4345),#4405,.F.);
#4345 = FACE_BOUND('',#4346,.T.);
#4346 = EDGE_LOOP('',(#4347,#4348,#4356,#4365,#4373,#4381,#4389,#4397,
    #4404));
#4347 = ORIENTED_EDGE('',*,*,#4315,.T.);
#4348 = ORIENTED_EDGE('',*,*,#4349,.F.);
#4349 = EDGE_CURVE('',#4350,#4316,#4352,.T.);
#4350 = VERTEX_POINT('',#4351);
#4351 = CARTESIAN_POINT('',(1.725,1.117205701711,-2.80992696392));
#4352 = LINE('',#4353,#4354);
#4353 = CARTESIAN_POINT('',(1.725,1.117205701711,-2.80992696392));
#4354 = VECTOR('',#4355,1.);
#4355 = DIRECTION('',(0.,0.999826471545,1.862865526314E-02));
#4356 = ORIENTED_EDGE('',*,*,#4357,.F.);
#4357 = EDGE_CURVE('',#4358,#4350,#4360,.T.);
#4358 = VERTEX_POINT('',#4359);
#4359 = CARTESIAN_POINT('',(1.725,1.109374968413,-2.810277712177));
#4360 = CIRCLE('',#4361,0.15);
#4361 = AXIS2_PLACEMENT_3D('',#4362,#4363,#4364);
#4362 = CARTESIAN_POINT('',(1.725,1.12,-2.959900934652));
#4363 = DIRECTION('',(-1.,0.,-0.));
#4364 = DIRECTION('',(-0.,0.,1.));
#4365 = ORIENTED_EDGE('',*,*,#4366,.F.);
#4366 = EDGE_CURVE('',#4367,#4358,#4369,.T.);
#4367 = VERTEX_POINT('',#4368);
#4368 = CARTESIAN_POINT('',(1.725,0.979374968413,-2.819509261153));
#4369 = LINE('',#4370,#4371);
#4370 = CARTESIAN_POINT('',(1.725,0.979374968413,-2.819509261153));
#4371 = VECTOR('',#4372,1.);
#4372 = DIRECTION('',(0.,0.997488149833,7.083354391148E-02));
#4373 = ORIENTED_EDGE('',*,*,#4374,.F.);
#4374 = EDGE_CURVE('',#4375,#4367,#4377,.T.);
#4375 = VERTEX_POINT('',#4376);
#4376 = CARTESIAN_POINT('',(1.725,0.99,-2.969132483628));
#4377 = LINE('',#4378,#4379);
#4378 = CARTESIAN_POINT('',(1.725,0.99,-2.969132483628));
#4379 = VECTOR('',#4380,1.);
#4380 = DIRECTION('',(0.,-7.083354391148E-02,0.997488149833));
#4381 = ORIENTED_EDGE('',*,*,#4382,.F.);
#4382 = EDGE_CURVE('',#4383,#4375,#4385,.T.);
#4383 = VERTEX_POINT('',#4384);
#4384 = CARTESIAN_POINT('',(1.725,1.12,-2.959900934652));
#4385 = LINE('',#4386,#4387);
#4386 = CARTESIAN_POINT('',(1.725,1.12,-2.959900934652));
#4387 = VECTOR('',#4388,1.);
#4388 = DIRECTION('',(0.,-0.997488149833,-7.083354391148E-02));
#4389 = ORIENTED_EDGE('',*,*,#4390,.T.);
#4390 = EDGE_CURVE('',#4383,#4391,#4393,.T.);
#4391 = VERTEX_POINT('',#4392);
#4392 = CARTESIAN_POINT('',(1.725,1.554657163816,-2.951802450872));
#4393 = LINE('',#4394,#4395);
#4394 = CARTESIAN_POINT('',(1.725,1.8,-2.947231250522));
#4395 = VECTOR('',#4396,1.);
#4396 = DIRECTION('',(-0.,0.999826471545,1.862865526314E-02));
#4397 = ORIENTED_EDGE('',*,*,#4398,.F.);
#4398 = EDGE_CURVE('',#2255,#4391,#4399,.T.);
#4399 = CIRCLE('',#4400,0.25);
#4400 = AXIS2_PLACEMENT_3D('',#4401,#4402,#4403);
#4401 = CARTESIAN_POINT('',(1.725,1.55,-2.701845832985));
#4402 = DIRECTION('',(-1.,0.,-0.));
#4403 = DIRECTION('',(-0.,0.,1.));
#4404 = ORIENTED_EDGE('',*,*,#2254,.T.);
#4405 = PLANE('',#4406);
#4406 = AXIS2_PLACEMENT_3D('',#4407,#4408,#4409);
#4407 = CARTESIAN_POINT('',(1.725,1.55,-2.701845832985));
#4408 = DIRECTION('',(-1.,0.,0.));
#4409 = DIRECTION('',(0.,0.,1.));
#4410 = ADVANCED_FACE('',(#4411),#4429,.T.);
#4411 = FACE_BOUND('',#4412,.T.);
#4412 = EDGE_LOOP('',(#4413,#4422,#4428));
#4413 = ORIENTED_EDGE('',*,*,#4414,.F.);
#4414 = EDGE_CURVE('',#4415,#2255,#4417,.T.);
#4415 = VERTEX_POINT('',#4416);
#4416 = CARTESIAN_POINT('',(1.725,1.8,-2.701845832985));
#4417 = CIRCLE('',#4418,0.25);
#4418 = AXIS2_PLACEMENT_3D('',#4419,#4420,#4421);
#4419 = CARTESIAN_POINT('',(1.725,1.55,-2.701845832985));
#4420 = DIRECTION('',(-1.,0.,-0.));
#4421 = DIRECTION('',(-0.,0.,1.));
#4422 = ORIENTED_EDGE('',*,*,#4423,.F.);
#4423 = EDGE_CURVE('',#2265,#4415,#4424,.T.);
#4424 = LINE('',#4425,#4426);
#4425 = CARTESIAN_POINT('',(1.725,1.8,2.8));
#4426 = VECTOR('',#4427,1.);
#4427 = DIRECTION('',(0.,-0.,1.));
#4428 = ORIENTED_EDGE('',*,*,#2264,.T.);
#4429 = PLANE('',#4430);
#4430 = AXIS2_PLACEMENT_3D('',#4431,#4432,#4433);
#4431 = CARTESIAN_POINT('',(1.725,1.12,2.959900934652));
#4432 = DIRECTION('',(-1.,0.,0.));
#4433 = DIRECTION('',(0.,0.,1.));
#4434 = ADVANCED_FACE('',(#4435),#4447,.F.);
#4435 = FACE_BOUND('',#4436,.F.);
#4436 = EDGE_LOOP('',(#4437,#4444,#4445,#4446));
#4437 = ORIENTED_EDGE('',*,*,#4438,.T.);
#4438 = EDGE_CURVE('',#2288,#4105,#4439,.T.);
#4439 = CIRCLE('',#4440,1.E-01);
#4440 = AXIS2_PLACEMENT_3D('',#4441,#4442,#4443);
#4441 = CARTESIAN_POINT('',(1.85,1.64,-2.8));
#4442 = DIRECTION('',(-0.,1.,-2.67071722341E-17));
#4443 = DIRECTION('',(0.,-2.67071722341E-17,-1.));
#4444 = ORIENTED_EDGE('',*,*,#4104,.T.);
#4445 = ORIENTED_EDGE('',*,*,#4136,.F.);
#4446 = ORIENTED_EDGE('',*,*,#2287,.F.);
#4447 = CYLINDRICAL_SURFACE('',#4448,1.E-01);
#4448 = AXIS2_PLACEMENT_3D('',#4449,#4450,#4451);
#4449 = CARTESIAN_POINT('',(1.85,9.857313811473,-2.8));
#4450 = DIRECTION('',(0.,-1.,2.67071722341E-17));
#4451 = DIRECTION('',(0.,-2.67071722341E-17,-1.));
#4452 = ADVANCED_FACE('',(#4453),#4471,.F.);
#4453 = FACE_BOUND('',#4454,.T.);
#4454 = EDGE_LOOP('',(#4455,#4463,#4469,#4470));
#4455 = ORIENTED_EDGE('',*,*,#4456,.F.);
#4456 = EDGE_CURVE('',#4457,#2288,#4459,.T.);
#4457 = VERTEX_POINT('',#4458);
#4458 = CARTESIAN_POINT('',(1.75,1.44,-3.));
#4459 = LINE('',#4460,#4461);
#4460 = CARTESIAN_POINT('',(1.75,1.44,-3.));
#4461 = VECTOR('',#4462,1.);
#4462 = DIRECTION('',(0.,0.707106781187,0.707106781187));
#4463 = ORIENTED_EDGE('',*,*,#4464,.F.);
#4464 = EDGE_CURVE('',#4015,#4457,#4465,.T.);
#4465 = LINE('',#4466,#4467);
#4466 = CARTESIAN_POINT('',(1.75,0.,-3.));
#4467 = VECTOR('',#4468,1.);
#4468 = DIRECTION('',(0.,1.,0.));
#4469 = ORIENTED_EDGE('',*,*,#4014,.F.);
#4470 = ORIENTED_EDGE('',*,*,#2295,.T.);
#4471 = PLANE('',#4472);
#4472 = AXIS2_PLACEMENT_3D('',#4473,#4474,#4475);
#4473 = CARTESIAN_POINT('',(1.75,0.,-3.));
#4474 = DIRECTION('',(1.,-0.,0.));
#4475 = DIRECTION('',(0.,0.,-1.));
#4476 = ADVANCED_FACE('',(#4477),#4502,.F.);
#4477 = FACE_BOUND('',#4478,.T.);
#4478 = EDGE_LOOP('',(#4479,#4480,#4488,#4496));
#4479 = ORIENTED_EDGE('',*,*,#2311,.T.);
#4480 = ORIENTED_EDGE('',*,*,#4481,.F.);
#4481 = EDGE_CURVE('',#4482,#2304,#4484,.T.);
#4482 = VERTEX_POINT('',#4483);
#4483 = CARTESIAN_POINT('',(-1.75,1.04,-3.));
#4484 = LINE('',#4485,#4486);
#4485 = CARTESIAN_POINT('',(-1.75,1.04,-3.));
#4486 = VECTOR('',#4487,1.);
#4487 = DIRECTION('',(0.,-0.164398987305,0.986393923832));
#4488 = ORIENTED_EDGE('',*,*,#4489,.F.);
#4489 = EDGE_CURVE('',#4490,#4482,#4492,.T.);
#4490 = VERTEX_POINT('',#4491);
#4491 = CARTESIAN_POINT('',(-1.75,1.44,-3.));
#4492 = LINE('',#4493,#4494);
#4493 = CARTESIAN_POINT('',(-1.75,0.,-3.));
#4494 = VECTOR('',#4495,1.);
#4495 = DIRECTION('',(-0.,-1.,0.));
#4496 = ORIENTED_EDGE('',*,*,#4497,.F.);
#4497 = EDGE_CURVE('',#2312,#4490,#4498,.T.);
#4498 = LINE('',#4499,#4500);
#4499 = CARTESIAN_POINT('',(-1.75,1.64,-2.8));
#4500 = VECTOR('',#4501,1.);
#4501 = DIRECTION('',(0.,-0.707106781187,-0.707106781187));
#4502 = PLANE('',#4503);
#4503 = AXIS2_PLACEMENT_3D('',#4504,#4505,#4506);
#4504 = CARTESIAN_POINT('',(-1.75,0.,-3.));
#4505 = DIRECTION('',(-1.,0.,0.));
#4506 = DIRECTION('',(0.,0.,1.));
#4507 = ADVANCED_FACE('',(#4508),#4535,.F.);
#4508 = FACE_BOUND('',#4509,.F.);
#4509 = EDGE_LOOP('',(#4510,#4519,#4520,#4529));
#4510 = ORIENTED_EDGE('',*,*,#4511,.T.);
#4511 = EDGE_CURVE('',#4512,#2312,#4514,.T.);
#4512 = VERTEX_POINT('',#4513);
#4513 = CARTESIAN_POINT('',(-1.85,1.64,-2.7));
#4514 = CIRCLE('',#4515,0.1);
#4515 = AXIS2_PLACEMENT_3D('',#4516,#4517,#4518);
#4516 = CARTESIAN_POINT('',(-1.85,1.64,-2.8));
#4517 = DIRECTION('',(-0.,1.,-2.67071722341E-17));
#4518 = DIRECTION('',(0.,-2.67071722341E-17,-1.));
#4519 = ORIENTED_EDGE('',*,*,#2319,.F.);
#4520 = ORIENTED_EDGE('',*,*,#4521,.T.);
#4521 = EDGE_CURVE('',#2320,#4522,#4524,.T.);
#4522 = VERTEX_POINT('',#4523);
#4523 = CARTESIAN_POINT('',(-1.85,1.65,-2.7));
#4524 = CIRCLE('',#4525,0.1);
#4525 = AXIS2_PLACEMENT_3D('',#4526,#4527,#4528);
#4526 = CARTESIAN_POINT('',(-1.85,1.65,-2.8));
#4527 = DIRECTION('',(0.,-1.,2.67071722341E-17));
#4528 = DIRECTION('',(0.,-2.67071722341E-17,-1.));
#4529 = ORIENTED_EDGE('',*,*,#4530,.T.);
#4530 = EDGE_CURVE('',#4522,#4512,#4531,.T.);
#4531 = LINE('',#4532,#4533);
#4532 = CARTESIAN_POINT('',(-1.85,9.857313811473,-2.7));
#4533 = VECTOR('',#4534,1.);
#4534 = DIRECTION('',(0.,-1.,2.67071722341E-17));
#4535 = CYLINDRICAL_SURFACE('',#4536,0.1);
#4536 = AXIS2_PLACEMENT_3D('',#4537,#4538,#4539);
#4537 = CARTESIAN_POINT('',(-1.85,9.857313811473,-2.8));
#4538 = DIRECTION('',(0.,-1.,2.67071722341E-17));
#4539 = DIRECTION('',(0.,-2.67071722341E-17,-1.));
#4540 = ADVANCED_FACE('',(#4541),#4552,.F.);
#4541 = FACE_BOUND('',#4542,.T.);
#4542 = EDGE_LOOP('',(#4543,#4549,#4550,#4551));
#4543 = ORIENTED_EDGE('',*,*,#4544,.F.);
#4544 = EDGE_CURVE('',#2521,#4522,#4545,.T.);
#4545 = LINE('',#4546,#4547);
#4546 = CARTESIAN_POINT('',(-3.1,1.65,-2.7));
#4547 = VECTOR('',#4548,1.);
#4548 = DIRECTION('',(1.,0.,-0.));
#4549 = ORIENTED_EDGE('',*,*,#2520,.T.);
#4550 = ORIENTED_EDGE('',*,*,#2327,.T.);
#4551 = ORIENTED_EDGE('',*,*,#4521,.T.);
#4552 = PLANE('',#4553);
#4553 = AXIS2_PLACEMENT_3D('',#4554,#4555,#4556);
#4554 = CARTESIAN_POINT('',(-3.1,1.65,2.8));
#4555 = DIRECTION('',(0.,1.,0.));
#4556 = DIRECTION('',(0.,-0.,1.));
#4557 = ADVANCED_FACE('',(#4558),#4576,.F.);
#4558 = FACE_BOUND('',#4559,.T.);
#4559 = EDGE_LOOP('',(#4560,#4569,#4570));
#4560 = ORIENTED_EDGE('',*,*,#4561,.F.);
#4561 = EDGE_CURVE('',#2352,#4562,#4564,.T.);
#4562 = VERTEX_POINT('',#4563);
#4563 = CARTESIAN_POINT('',(-1.725,1.8,-2.701845832985));
#4564 = CIRCLE('',#4565,0.25);
#4565 = AXIS2_PLACEMENT_3D('',#4566,#4567,#4568);
#4566 = CARTESIAN_POINT('',(-1.725,1.55,-2.701845832985));
#4567 = DIRECTION('',(1.,0.,0.));
#4568 = DIRECTION('',(-0.,5.20417042793E-15,1.));
#4569 = ORIENTED_EDGE('',*,*,#2351,.T.);
#4570 = ORIENTED_EDGE('',*,*,#4571,.F.);
#4571 = EDGE_CURVE('',#4562,#2344,#4572,.T.);
#4572 = LINE('',#4573,#4574);
#4573 = CARTESIAN_POINT('',(-1.725,1.8,2.8));
#4574 = VECTOR('',#4575,1.);
#4575 = DIRECTION('',(-0.,0.,-1.));
#4576 = PLANE('',#4577);
#4577 = AXIS2_PLACEMENT_3D('',#4578,#4579,#4580);
#4578 = CARTESIAN_POINT('',(-1.725,1.55,-2.701845832985));
#4579 = DIRECTION('',(-1.,0.,0.));
#4580 = DIRECTION('',(0.,0.,1.));
#4581 = ADVANCED_FACE('',(#4582),#4642,.T.);
#4582 = FACE_BOUND('',#4583,.T.);
#4583 = EDGE_LOOP('',(#4584,#4592,#4593,#4594,#4603,#4611,#4619,#4627,
    #4635));
#4584 = ORIENTED_EDGE('',*,*,#4585,.T.);
#4585 = EDGE_CURVE('',#4586,#4325,#4588,.T.);
#4586 = VERTEX_POINT('',#4587);
#4587 = CARTESIAN_POINT('',(-1.725,1.117205701711,-2.80992696392));
#4588 = LINE('',#4589,#4590);
#4589 = CARTESIAN_POINT('',(-1.725,1.117205701711,-2.80992696392));
#4590 = VECTOR('',#4591,1.);
#4591 = DIRECTION('',(0.,0.999826471545,1.862865526314E-02));
#4592 = ORIENTED_EDGE('',*,*,#4332,.T.);
#4593 = ORIENTED_EDGE('',*,*,#2359,.T.);
#4594 = ORIENTED_EDGE('',*,*,#4595,.F.);
#4595 = EDGE_CURVE('',#4596,#2352,#4598,.T.);
#4596 = VERTEX_POINT('',#4597);
#4597 = CARTESIAN_POINT('',(-1.725,1.554657163816,-2.951802450872));
#4598 = CIRCLE('',#4599,0.25);
#4599 = AXIS2_PLACEMENT_3D('',#4600,#4601,#4602);
#4600 = CARTESIAN_POINT('',(-1.725,1.55,-2.701845832985));
#4601 = DIRECTION('',(1.,0.,0.));
#4602 = DIRECTION('',(0.,-1.734723475977E-15,1.));
#4603 = ORIENTED_EDGE('',*,*,#4604,.T.);
#4604 = EDGE_CURVE('',#4596,#4605,#4607,.T.);
#4605 = VERTEX_POINT('',#4606);
#4606 = CARTESIAN_POINT('',(-1.725,1.12,-2.959900934652));
#4607 = LINE('',#4608,#4609);
#4608 = CARTESIAN_POINT('',(-1.725,1.8,-2.947231250522));
#4609 = VECTOR('',#4610,1.);
#4610 = DIRECTION('',(0.,-0.999826471545,-1.862865526314E-02));
#4611 = ORIENTED_EDGE('',*,*,#4612,.T.);
#4612 = EDGE_CURVE('',#4605,#4613,#4615,.T.);
#4613 = VERTEX_POINT('',#4614);
#4614 = CARTESIAN_POINT('',(-1.725,0.99,-2.969132483628));
#4615 = LINE('',#4616,#4617);
#4616 = CARTESIAN_POINT('',(-1.725,1.12,-2.959900934652));
#4617 = VECTOR('',#4618,1.);
#4618 = DIRECTION('',(0.,-0.997488149833,-7.083354391154E-02));
#4619 = ORIENTED_EDGE('',*,*,#4620,.T.);
#4620 = EDGE_CURVE('',#4613,#4621,#4623,.T.);
#4621 = VERTEX_POINT('',#4622);
#4622 = CARTESIAN_POINT('',(-1.725,0.979374968413,-2.819509261153));
#4623 = LINE('',#4624,#4625);
#4624 = CARTESIAN_POINT('',(-1.725,0.99,-2.969132483628));
#4625 = VECTOR('',#4626,1.);
#4626 = DIRECTION('',(0.,-7.083354391148E-02,0.997488149833));
#4627 = ORIENTED_EDGE('',*,*,#4628,.T.);
#4628 = EDGE_CURVE('',#4621,#4629,#4631,.T.);
#4629 = VERTEX_POINT('',#4630);
#4630 = CARTESIAN_POINT('',(-1.725,1.109374968413,-2.810277712177));
#4631 = LINE('',#4632,#4633);
#4632 = CARTESIAN_POINT('',(-1.725,0.979374968413,-2.819509261153));
#4633 = VECTOR('',#4634,1.);
#4634 = DIRECTION('',(0.,0.997488149833,7.08335439115E-02));
#4635 = ORIENTED_EDGE('',*,*,#4636,.T.);
#4636 = EDGE_CURVE('',#4629,#4586,#4637,.T.);
#4637 = CIRCLE('',#4638,0.15);
#4638 = AXIS2_PLACEMENT_3D('',#4639,#4640,#4641);
#4639 = CARTESIAN_POINT('',(-1.725,1.12,-2.959900934652));
#4640 = DIRECTION('',(-1.,0.,0.));
#4641 = DIRECTION('',(0.,0.,1.));
#4642 = PLANE('',#4643);
#4643 = AXIS2_PLACEMENT_3D('',#4644,#4645,#4646);
#4644 = CARTESIAN_POINT('',(-1.725,1.55,-2.701845832985));
#4645 = DIRECTION('',(-1.,0.,0.));
#4646 = DIRECTION('',(0.,0.,1.));
#4647 = ADVANCED_FACE('',(#4648),#4669,.T.);
#4648 = FACE_BOUND('',#4649,.T.);
#4649 = EDGE_LOOP('',(#4650,#4651,#4652,#4661,#4667,#4668));
#4650 = ORIENTED_EDGE('',*,*,#2414,.T.);
#4651 = ORIENTED_EDGE('',*,*,#2552,.T.);
#4652 = ORIENTED_EDGE('',*,*,#4653,.T.);
#4653 = EDGE_CURVE('',#2545,#4654,#4656,.T.);
#4654 = VERTEX_POINT('',#4655);
#4655 = CARTESIAN_POINT('',(-2.9,1.04,-3.));
#4656 = ( BOUNDED_CURVE() B_SPLINE_CURVE(3,(#4657,#4658,#4659,#4660),
.UNSPECIFIED.,.F.,.F.) B_SPLINE_CURVE_WITH_KNOTS((4,4),(1.570796326795,
3.14159265359),.PIECEWISE_BEZIER_KNOTS.) CURVE() 
GEOMETRIC_REPRESENTATION_ITEM() RATIONAL_B_SPLINE_CURVE((1.,
0.804737854124,0.804737854124,1.)) REPRESENTATION_ITEM('') );
#4657 = CARTESIAN_POINT('',(-3.,1.023333333333,-2.9));
#4658 = CARTESIAN_POINT('',(-3.,1.033096440627,-2.958578643763));
#4659 = CARTESIAN_POINT('',(-2.958578643763,1.04,-3.));
#4660 = CARTESIAN_POINT('',(-2.9,1.04,-3.));
#4661 = ORIENTED_EDGE('',*,*,#4662,.T.);
#4662 = EDGE_CURVE('',#4654,#4482,#4663,.T.);
#4663 = LINE('',#4664,#4665);
#4664 = CARTESIAN_POINT('',(3.,1.04,-3.));
#4665 = VECTOR('',#4666,1.);
#4666 = DIRECTION('',(1.,0.,0.));
#4667 = ORIENTED_EDGE('',*,*,#4481,.T.);
#4668 = ORIENTED_EDGE('',*,*,#2383,.T.);
#4669 = PLANE('',#4670);
#4670 = AXIS2_PLACEMENT_3D('',#4671,#4672,#4673);
#4671 = CARTESIAN_POINT('',(3.,1.04,-3.));
#4672 = DIRECTION('',(0.,-0.986393923832,-0.164398987305));
#4673 = DIRECTION('',(0.,0.164398987305,-0.986393923832));
#4674 = ADVANCED_FACE('',(#4675),#4701,.F.);
#4675 = FACE_BOUND('',#4676,.T.);
#4676 = EDGE_LOOP('',(#4677,#4678,#4679,#4687,#4695));
#4677 = ORIENTED_EDGE('',*,*,#2560,.T.);
#4678 = ORIENTED_EDGE('',*,*,#2430,.F.);
#4679 = ORIENTED_EDGE('',*,*,#4680,.F.);
#4680 = EDGE_CURVE('',#4681,#2431,#4683,.T.);
#4681 = VERTEX_POINT('',#4682);
#4682 = CARTESIAN_POINT('',(-3.3,0.766162350741,-2.4));
#4683 = LINE('',#4684,#4685);
#4684 = CARTESIAN_POINT('',(-3.3,0.766162350741,-2.4));
#4685 = VECTOR('',#4686,1.);
#4686 = DIRECTION('',(0.169005469575,-0.985615113142,0.));
#4687 = ORIENTED_EDGE('',*,*,#4688,.F.);
#4688 = EDGE_CURVE('',#4689,#4681,#4691,.T.);
#4689 = VERTEX_POINT('',#4690);
#4690 = CARTESIAN_POINT('',(-3.102876977372,0.799963444656,-2.4));
#4691 = LINE('',#4692,#4693);
#4692 = CARTESIAN_POINT('',(-3.102876977372,0.799963444656,-2.4));
#4693 = VECTOR('',#4694,1.);
#4694 = DIRECTION('',(-0.985615113142,-0.169005469575,0.));
#4695 = ORIENTED_EDGE('',*,*,#4696,.F.);
#4696 = EDGE_CURVE('',#2561,#4689,#4697,.T.);
#4697 = LINE('',#4698,#4699);
#4698 = CARTESIAN_POINT('',(-3.,0.2,-2.4));
#4699 = VECTOR('',#4700,1.);
#4700 = DIRECTION('',(-0.169005469575,0.985615113142,0.));
#4701 = PLANE('',#4702);
#4702 = AXIS2_PLACEMENT_3D('',#4703,#4704,#4705);
#4703 = CARTESIAN_POINT('',(-4.05,0.,-2.4));
#4704 = DIRECTION('',(0.,0.,1.));
#4705 = DIRECTION('',(1.,0.,-0.));
#4706 = ADVANCED_FACE('',(#4707),#4741,.T.);
#4707 = FACE_BOUND('',#4708,.T.);
#4708 = EDGE_LOOP('',(#4709,#4719,#4727,#4733,#4734,#4735));
#4709 = ORIENTED_EDGE('',*,*,#4710,.T.);
#4710 = EDGE_CURVE('',#4711,#4713,#4715,.T.);
#4711 = VERTEX_POINT('',#4712);
#4712 = CARTESIAN_POINT('',(-3.232597679845,0.373081904451,-1.6));
#4713 = VERTEX_POINT('',#4714);
#4714 = CARTESIAN_POINT('',(-3.232597679845,0.373081904451,-1.75));
#4715 = LINE('',#4716,#4717);
#4716 = CARTESIAN_POINT('',(-3.232597679845,0.373081904451,-4.5));
#4717 = VECTOR('',#4718,1.);
#4718 = DIRECTION('',(0.,-0.,-1.));
#4719 = ORIENTED_EDGE('',*,*,#4720,.T.);
#4720 = EDGE_CURVE('',#4713,#4721,#4723,.T.);
#4721 = VERTEX_POINT('',#4722);
#4722 = CARTESIAN_POINT('',(-3.3,0.766162350741,-1.75));
#4723 = LINE('',#4724,#4725);
#4724 = CARTESIAN_POINT('',(-1.821402008895,-7.856804290284,-1.75));
#4725 = VECTOR('',#4726,1.);
#4726 = DIRECTION('',(-0.169005469575,0.985615113142,-0.));
#4727 = ORIENTED_EDGE('',*,*,#4728,.T.);
#4728 = EDGE_CURVE('',#4721,#4681,#4729,.T.);
#4729 = LINE('',#4730,#4731);
#4730 = CARTESIAN_POINT('',(-3.3,0.766162350741,-4.5));
#4731 = VECTOR('',#4732,1.);
#4732 = DIRECTION('',(0.,-0.,-1.));
#4733 = ORIENTED_EDGE('',*,*,#4680,.T.);
#4734 = ORIENTED_EDGE('',*,*,#2449,.F.);
#4735 = ORIENTED_EDGE('',*,*,#4736,.T.);
#4736 = EDGE_CURVE('',#2441,#4711,#4737,.T.);
#4737 = LINE('',#4738,#4739);
#4738 = CARTESIAN_POINT('',(-1.821402008895,-7.856804290284,-1.6));
#4739 = VECTOR('',#4740,1.);
#4740 = DIRECTION('',(-0.169005469575,0.985615113142,-0.));
#4741 = PLANE('',#4742);
#4742 = AXIS2_PLACEMENT_3D('',#4743,#4744,#4745);
#4743 = CARTESIAN_POINT('',(-1.821402008895,-7.856804290284,-4.5));
#4744 = DIRECTION('',(-0.985615113142,-0.169005469575,0.));
#4745 = DIRECTION('',(0.169005469575,-0.985615113142,0.));
#4746 = ADVANCED_FACE('',(#4747),#4766,.T.);
#4747 = FACE_BOUND('',#4748,.T.);
#4748 = EDGE_LOOP('',(#4749,#4750,#4751,#4752,#4760));
#4749 = ORIENTED_EDGE('',*,*,#4736,.F.);
#4750 = ORIENTED_EDGE('',*,*,#2440,.F.);
#4751 = ORIENTED_EDGE('',*,*,#2576,.T.);
#4752 = ORIENTED_EDGE('',*,*,#4753,.T.);
#4753 = EDGE_CURVE('',#2569,#4754,#4756,.T.);
#4754 = VERTEX_POINT('',#4755);
#4755 = CARTESIAN_POINT('',(-3.035474657216,0.406882998366,-1.6));
#4756 = LINE('',#4757,#4758);
#4757 = CARTESIAN_POINT('',(-3.,0.2,-1.6));
#4758 = VECTOR('',#4759,1.);
#4759 = DIRECTION('',(-0.169005469575,0.985615113142,0.));
#4760 = ORIENTED_EDGE('',*,*,#4761,.T.);
#4761 = EDGE_CURVE('',#4754,#4711,#4762,.T.);
#4762 = LINE('',#4763,#4764);
#4763 = CARTESIAN_POINT('',(-3.035474657216,0.406882998366,-1.6));
#4764 = VECTOR('',#4765,1.);
#4765 = DIRECTION('',(-0.985615113142,-0.169005469575,0.));
#4766 = PLANE('',#4767);
#4767 = AXIS2_PLACEMENT_3D('',#4768,#4769,#4770);
#4768 = CARTESIAN_POINT('',(-3.197123022628,0.166198906085,-1.6));
#4769 = DIRECTION('',(0.,0.,1.));
#4770 = DIRECTION('',(1.,0.,-0.));
#4771 = ADVANCED_FACE('',(#4772),#4817,.F.);
#4772 = FACE_BOUND('',#4773,.F.);
#4773 = EDGE_LOOP('',(#4774,#4775,#4784,#4793,#4801,#4810));
#4774 = ORIENTED_EDGE('',*,*,#2702,.F.);
#4775 = ORIENTED_EDGE('',*,*,#4776,.T.);
#4776 = EDGE_CURVE('',#2466,#4777,#4779,.T.);
#4777 = VERTEX_POINT('',#4778);
#4778 = CARTESIAN_POINT('',(-3.052456489954,1.595996894054,-1.5));
#4779 = CIRCLE('',#4780,0.1);
#4780 = AXIS2_PLACEMENT_3D('',#4781,#4782,#4783);
#4781 = CARTESIAN_POINT('',(-2.963662989418,1.55,-1.5));
#4782 = DIRECTION('',(0.,0.,1.));
#4783 = DIRECTION('',(1.,0.,-0.));
#4784 = ORIENTED_EDGE('',*,*,#4785,.T.);
#4785 = EDGE_CURVE('',#4777,#4786,#4788,.T.);
#4786 = VERTEX_POINT('',#4787);
#4787 = CARTESIAN_POINT('',(-3.062593455611,1.564586392934,
    -1.467446827166));
#4788 = ( BOUNDED_CURVE() B_SPLINE_CURVE(3,(#4789,#4790,#4791,#4792),
.UNSPECIFIED.,.F.,.F.) B_SPLINE_CURVE_WITH_KNOTS((4,4),(4.380814947264,
4.712388980385),.PIECEWISE_BEZIER_KNOTS.) CURVE() 
GEOMETRIC_REPRESENTATION_ITEM() RATIONAL_B_SPLINE_CURVE((1.,
0.990859187043,0.990859187043,1.)) REPRESENTATION_ITEM('') );
#4789 = CARTESIAN_POINT('',(-3.052456489954,1.595996894054,-1.5));
#4790 = CARTESIAN_POINT('',(-3.057563709681,1.586137795371,
    -1.489501388573));
#4791 = CARTESIAN_POINT('',(-3.06097386987,1.575571039593,
    -1.478550228455));
#4792 = CARTESIAN_POINT('',(-3.062593455611,1.564586392934,
    -1.467446827166));
#4793 = ORIENTED_EDGE('',*,*,#4794,.T.);
#4794 = EDGE_CURVE('',#4786,#4795,#4797,.T.);
#4795 = VERTEX_POINT('',#4796);
#4796 = CARTESIAN_POINT('',(-3.062593455611,1.564586392934,
    1.467446827166));
#4797 = LINE('',#4798,#4799);
#4798 = CARTESIAN_POINT('',(-3.062593455611,1.564586392934,
    -2.076184765183));
#4799 = VECTOR('',#4800,1.);
#4800 = DIRECTION('',(0.,0.,1.));
#4801 = ORIENTED_EDGE('',*,*,#4802,.T.);
#4802 = EDGE_CURVE('',#4795,#4803,#4805,.T.);
#4803 = VERTEX_POINT('',#4804);
#4804 = CARTESIAN_POINT('',(-3.052456489954,1.595996894054,1.5));
#4805 = ( BOUNDED_CURVE() B_SPLINE_CURVE(3,(#4806,#4807,#4808,#4809),
.UNSPECIFIED.,.F.,.F.) B_SPLINE_CURVE_WITH_KNOTS((4,4),(4.712388980385,
5.043963013505),.PIECEWISE_BEZIER_KNOTS.) CURVE() 
GEOMETRIC_REPRESENTATION_ITEM() RATIONAL_B_SPLINE_CURVE((1.,
0.990859187043,0.990859187043,1.)) REPRESENTATION_ITEM('') );
#4806 = CARTESIAN_POINT('',(-3.062593455611,1.564586392934,
    1.467446827166));
#4807 = CARTESIAN_POINT('',(-3.06097386987,1.575571039593,1.478550228455
    ));
#4808 = CARTESIAN_POINT('',(-3.057563709681,1.586137795371,
    1.489501388573));
#4809 = CARTESIAN_POINT('',(-3.052456489954,1.595996894054,1.5));
#4810 = ORIENTED_EDGE('',*,*,#4811,.T.);
#4811 = EDGE_CURVE('',#4803,#2695,#4812,.T.);
#4812 = CIRCLE('',#4813,0.1);
#4813 = AXIS2_PLACEMENT_3D('',#4814,#4815,#4816);
#4814 = CARTESIAN_POINT('',(-2.963662989418,1.55,1.5));
#4815 = DIRECTION('',(0.,-0.,-1.));
#4816 = DIRECTION('',(1.,-1.51788304148E-14,0.));
#4817 = CYLINDRICAL_SURFACE('',#4818,0.1);
#4818 = AXIS2_PLACEMENT_3D('',#4819,#4820,#4821);
#4819 = CARTESIAN_POINT('',(-2.963662989418,1.55,-2.076184765183));
#4820 = DIRECTION('',(0.,0.,1.));
#4821 = DIRECTION('',(1.,0.,-0.));
#4822 = ADVANCED_FACE('',(#4823),#4842,.T.);
#4823 = FACE_BOUND('',#4824,.T.);
#4824 = EDGE_LOOP('',(#4825,#4833,#4840,#4841));
#4825 = ORIENTED_EDGE('',*,*,#4826,.T.);
#4826 = EDGE_CURVE('',#4777,#4827,#4829,.T.);
#4827 = VERTEX_POINT('',#4828);
#4828 = CARTESIAN_POINT('',(-3.204135107032,1.618360519674,-1.5));
#4829 = LINE('',#4830,#4831);
#4830 = CARTESIAN_POINT('',(-3.052456489954,1.595996894054,-1.5));
#4831 = VECTOR('',#4832,1.);
#4832 = DIRECTION('',(-0.989304661931,0.145863929338,8.48588641728E-15)
  );
#4833 = ORIENTED_EDGE('',*,*,#4834,.F.);
#4834 = EDGE_CURVE('',#2464,#4827,#4835,.T.);
#4835 = CIRCLE('',#4836,0.25);
#4836 = AXIS2_PLACEMENT_3D('',#4837,#4838,#4839);
#4837 = CARTESIAN_POINT('',(-2.963662989418,1.55,-1.5));
#4838 = DIRECTION('',(0.,0.,1.));
#4839 = DIRECTION('',(1.,0.,-0.));
#4840 = ORIENTED_EDGE('',*,*,#2463,.T.);
#4841 = ORIENTED_EDGE('',*,*,#4776,.T.);
#4842 = PLANE('',#4843);
#4843 = AXIS2_PLACEMENT_3D('',#4844,#4845,#4846);
#4844 = CARTESIAN_POINT('',(-3.,-1.350416637736,-1.5));
#4845 = DIRECTION('',(-8.673617379884E-15,0.,-1.));
#4846 = DIRECTION('',(-1.,0.,8.673617379884E-15));
#4847 = ADVANCED_FACE('',(#4848),#4866,.F.);
#4848 = FACE_BOUND('',#4849,.T.);
#4849 = EDGE_LOOP('',(#4850,#4858,#4859));
#4850 = ORIENTED_EDGE('',*,*,#4851,.F.);
#4851 = EDGE_CURVE('',#2474,#4852,#4854,.T.);
#4852 = VERTEX_POINT('',#4853);
#4853 = CARTESIAN_POINT('',(-2.963662989418,1.8,-1.5));
#4854 = LINE('',#4855,#4856);
#4855 = CARTESIAN_POINT('',(-3.1,1.8,-1.5));
#4856 = VECTOR('',#4857,1.);
#4857 = DIRECTION('',(1.,0.,-0.));
#4858 = ORIENTED_EDGE('',*,*,#2473,.T.);
#4859 = ORIENTED_EDGE('',*,*,#4860,.F.);
#4860 = EDGE_CURVE('',#4852,#2464,#4861,.T.);
#4861 = CIRCLE('',#4862,0.25);
#4862 = AXIS2_PLACEMENT_3D('',#4863,#4864,#4865);
#4863 = CARTESIAN_POINT('',(-2.963662989418,1.55,-1.5));
#4864 = DIRECTION('',(0.,0.,1.));
#4865 = DIRECTION('',(1.,0.,-0.));
#4866 = PLANE('',#4867);
#4867 = AXIS2_PLACEMENT_3D('',#4868,#4869,#4870);
#4868 = CARTESIAN_POINT('',(3.,-1.350416637736,-1.5));
#4869 = DIRECTION('',(0.,0.,-1.));
#4870 = DIRECTION('',(-1.,0.,-0.));
#4871 = ADVANCED_FACE('',(#4872),#4897,.F.);
#4872 = FACE_BOUND('',#4873,.T.);
#4873 = EDGE_LOOP('',(#4874,#4875,#4883,#4891));
#4874 = ORIENTED_EDGE('',*,*,#2489,.T.);
#4875 = ORIENTED_EDGE('',*,*,#4876,.F.);
#4876 = EDGE_CURVE('',#4877,#2482,#4879,.T.);
#4877 = VERTEX_POINT('',#4878);
#4878 = CARTESIAN_POINT('',(-3.1,1.8,-1.9));
#4879 = LINE('',#4880,#4881);
#4880 = CARTESIAN_POINT('',(-3.1,1.8,-1.9));
#4881 = VECTOR('',#4882,1.);
#4882 = DIRECTION('',(1.,0.,-0.));
#4883 = ORIENTED_EDGE('',*,*,#4884,.F.);
#4884 = EDGE_CURVE('',#4885,#4877,#4887,.T.);
#4885 = VERTEX_POINT('',#4886);
#4886 = CARTESIAN_POINT('',(-3.1,1.65,-1.9));
#4887 = LINE('',#4888,#4889);
#4888 = CARTESIAN_POINT('',(-3.1,1.8,-1.9));
#4889 = VECTOR('',#4890,1.);
#4890 = DIRECTION('',(0.,1.,0.));
#4891 = ORIENTED_EDGE('',*,*,#4892,.F.);
#4892 = EDGE_CURVE('',#2490,#4885,#4893,.T.);
#4893 = LINE('',#4894,#4895);
#4894 = CARTESIAN_POINT('',(-3.1,1.65,-1.9));
#4895 = VECTOR('',#4896,1.);
#4896 = DIRECTION('',(-1.,0.,-1.734723475977E-14));
#4897 = PLANE('',#4898);
#4898 = AXIS2_PLACEMENT_3D('',#4899,#4900,#4901);
#4899 = CARTESIAN_POINT('',(-3.1,1.8,-1.9));
#4900 = DIRECTION('',(1.734723475977E-14,0.,-1.));
#4901 = DIRECTION('',(-1.,0.,-1.734723475977E-14));
#4902 = ADVANCED_FACE('',(#4903),#4921,.F.);
#4903 = FACE_BOUND('',#4904,.T.);
#4904 = EDGE_LOOP('',(#4905,#4906,#4907,#4915));
#4905 = ORIENTED_EDGE('',*,*,#2497,.T.);
#4906 = ORIENTED_EDGE('',*,*,#4892,.T.);
#4907 = ORIENTED_EDGE('',*,*,#4908,.F.);
#4908 = EDGE_CURVE('',#4909,#4885,#4911,.T.);
#4909 = VERTEX_POINT('',#4910);
#4910 = CARTESIAN_POINT('',(-3.1,1.65,-2.5));
#4911 = LINE('',#4912,#4913);
#4912 = CARTESIAN_POINT('',(-3.1,1.65,2.8));
#4913 = VECTOR('',#4914,1.);
#4914 = DIRECTION('',(0.,-0.,1.));
#4915 = ORIENTED_EDGE('',*,*,#4916,.F.);
#4916 = EDGE_CURVE('',#2498,#4909,#4917,.T.);
#4917 = LINE('',#4918,#4919);
#4918 = CARTESIAN_POINT('',(-3.1,1.65,-2.5));
#4919 = VECTOR('',#4920,1.);
#4920 = DIRECTION('',(-1.,-0.,0.));
#4921 = PLANE('',#4922);
#4922 = AXIS2_PLACEMENT_3D('',#4923,#4924,#4925);
#4923 = CARTESIAN_POINT('',(-3.1,1.65,2.8));
#4924 = DIRECTION('',(0.,1.,0.));
#4925 = DIRECTION('',(0.,-0.,1.));
#4926 = ADVANCED_FACE('',(#4927),#4945,.F.);
#4927 = FACE_BOUND('',#4928,.T.);
#4928 = EDGE_LOOP('',(#4929,#4937,#4943,#4944));
#4929 = ORIENTED_EDGE('',*,*,#4930,.F.);
#4930 = EDGE_CURVE('',#4931,#4909,#4933,.T.);
#4931 = VERTEX_POINT('',#4932);
#4932 = CARTESIAN_POINT('',(-3.1,1.8,-2.5));
#4933 = LINE('',#4934,#4935);
#4934 = CARTESIAN_POINT('',(-3.1,1.8,-2.5));
#4935 = VECTOR('',#4936,1.);
#4936 = DIRECTION('',(-0.,-1.,-0.));
#4937 = ORIENTED_EDGE('',*,*,#4938,.F.);
#4938 = EDGE_CURVE('',#2506,#4931,#4939,.T.);
#4939 = LINE('',#4940,#4941);
#4940 = CARTESIAN_POINT('',(-3.1,1.8,-2.5));
#4941 = VECTOR('',#4942,1.);
#4942 = DIRECTION('',(-1.,-0.,0.));
#4943 = ORIENTED_EDGE('',*,*,#2505,.T.);
#4944 = ORIENTED_EDGE('',*,*,#4916,.T.);
#4945 = PLANE('',#4946);
#4946 = AXIS2_PLACEMENT_3D('',#4947,#4948,#4949);
#4947 = CARTESIAN_POINT('',(-3.1,1.8,-2.5));
#4948 = DIRECTION('',(8.673617379884E-15,-0.,1.));
#4949 = DIRECTION('',(1.,0.,-8.673617379884E-15));
#4950 = ADVANCED_FACE('',(#4951),#4971,.T.);
#4951 = FACE_BOUND('',#4952,.T.);
#4952 = EDGE_LOOP('',(#4953,#4954,#4955,#4963,#4970));
#4953 = ORIENTED_EDGE('',*,*,#4544,.T.);
#4954 = ORIENTED_EDGE('',*,*,#4530,.T.);
#4955 = ORIENTED_EDGE('',*,*,#4956,.T.);
#4956 = EDGE_CURVE('',#4512,#4957,#4959,.T.);
#4957 = VERTEX_POINT('',#4958);
#4958 = CARTESIAN_POINT('',(-2.9,1.64,-2.7));
#4959 = LINE('',#4960,#4961);
#4960 = CARTESIAN_POINT('',(-3.,1.64,-2.7));
#4961 = VECTOR('',#4962,1.);
#4962 = DIRECTION('',(-1.,0.,7.542275982508E-16));
#4963 = ORIENTED_EDGE('',*,*,#4964,.T.);
#4964 = EDGE_CURVE('',#4957,#2529,#4965,.T.);
#4965 = CIRCLE('',#4966,1.E-01);
#4966 = AXIS2_PLACEMENT_3D('',#4967,#4968,#4969);
#4967 = CARTESIAN_POINT('',(-2.9,1.54,-2.7));
#4968 = DIRECTION('',(2.990902544788E-16,0.,1.));
#4969 = DIRECTION('',(1.,0.,-2.990902544788E-16));
#4970 = ORIENTED_EDGE('',*,*,#2528,.T.);
#4971 = PLANE('',#4972);
#4972 = AXIS2_PLACEMENT_3D('',#4973,#4974,#4975);
#4973 = CARTESIAN_POINT('',(-3.,9.857313811473,-2.7));
#4974 = DIRECTION('',(-7.542275982508E-16,-2.67071722341E-17,-1.));
#4975 = DIRECTION('',(-1.,0.,7.542275982508E-16));
#4976 = ADVANCED_FACE('',(#4977),#4996,.T.);
#4977 = FACE_BOUND('',#4978,.T.);
#4978 = EDGE_LOOP('',(#4979,#4988,#4989,#4990));
#4979 = ORIENTED_EDGE('',*,*,#4980,.T.);
#4980 = EDGE_CURVE('',#4981,#2537,#4983,.T.);
#4981 = VERTEX_POINT('',#4982);
#4982 = CARTESIAN_POINT('',(-2.9,1.64,-2.8));
#4983 = ( BOUNDED_CURVE() B_SPLINE_CURVE(3,(#4984,#4985,#4986,#4987),
.UNSPECIFIED.,.F.,.F.) B_SPLINE_CURVE_WITH_KNOTS((4,4),(
4.78544407166E-15,1.570796326795),.PIECEWISE_BEZIER_KNOTS.) CURVE() 
GEOMETRIC_REPRESENTATION_ITEM() RATIONAL_B_SPLINE_CURVE((1.,
0.804737854124,0.804737854124,1.)) REPRESENTATION_ITEM('') );
#4984 = CARTESIAN_POINT('',(-2.9,1.64,-2.8));
#4985 = CARTESIAN_POINT('',(-2.958578643763,1.64,-2.8));
#4986 = CARTESIAN_POINT('',(-3.,1.598578643763,-2.841421356237));
#4987 = CARTESIAN_POINT('',(-3.,1.54,-2.9));
#4988 = ORIENTED_EDGE('',*,*,#2536,.T.);
#4989 = ORIENTED_EDGE('',*,*,#4964,.F.);
#4990 = ORIENTED_EDGE('',*,*,#4991,.T.);
#4991 = EDGE_CURVE('',#4957,#4981,#4992,.T.);
#4992 = LINE('',#4993,#4994);
#4993 = CARTESIAN_POINT('',(-2.9,1.64,-2.9));
#4994 = VECTOR('',#4995,1.);
#4995 = DIRECTION('',(-2.990902544788E-16,-0.,-1.));
#4996 = CYLINDRICAL_SURFACE('',#4997,1.E-01);
#4997 = AXIS2_PLACEMENT_3D('',#4998,#4999,#5000);
#4998 = CARTESIAN_POINT('',(-2.9,1.54,-2.9));
#4999 = DIRECTION('',(2.990902544788E-16,0.,1.));
#5000 = DIRECTION('',(1.,0.,-2.990902544788E-16));
#5001 = ADVANCED_FACE('',(#5002),#5021,.T.);
#5002 = FACE_BOUND('',#5003,.T.);
#5003 = EDGE_LOOP('',(#5004,#5012,#5013,#5014));
#5004 = ORIENTED_EDGE('',*,*,#5005,.T.);
#5005 = EDGE_CURVE('',#5006,#4654,#5008,.T.);
#5006 = VERTEX_POINT('',#5007);
#5007 = CARTESIAN_POINT('',(-2.9,1.44,-3.));
#5008 = LINE('',#5009,#5010);
#5009 = CARTESIAN_POINT('',(-2.9,1.64,-3.));
#5010 = VECTOR('',#5011,1.);
#5011 = DIRECTION('',(-0.,-1.,-0.));
#5012 = ORIENTED_EDGE('',*,*,#4653,.F.);
#5013 = ORIENTED_EDGE('',*,*,#2544,.T.);
#5014 = ORIENTED_EDGE('',*,*,#5015,.T.);
#5015 = EDGE_CURVE('',#2537,#5006,#5016,.T.);
#5016 = ( BOUNDED_CURVE() B_SPLINE_CURVE(3,(#5017,#5018,#5019,#5020),
.UNSPECIFIED.,.F.,.F.) B_SPLINE_CURVE_WITH_KNOTS((4,4),(4.712388980385,
6.28318530718),.PIECEWISE_BEZIER_KNOTS.) CURVE() 
GEOMETRIC_REPRESENTATION_ITEM() RATIONAL_B_SPLINE_CURVE((1.,
0.804737854124,0.804737854124,1.)) REPRESENTATION_ITEM('') );
#5017 = CARTESIAN_POINT('',(-3.,1.54,-2.9));
#5018 = CARTESIAN_POINT('',(-3.,1.481421356237,-2.958578643763));
#5019 = CARTESIAN_POINT('',(-2.958578643763,1.44,-3.));
#5020 = CARTESIAN_POINT('',(-2.9,1.44,-3.));
#5021 = CYLINDRICAL_SURFACE('',#5022,0.1);
#5022 = AXIS2_PLACEMENT_3D('',#5023,#5024,#5025);
#5023 = CARTESIAN_POINT('',(-2.9,1.64,-2.9));
#5024 = DIRECTION('',(-0.,-1.,-0.));
#5025 = DIRECTION('',(0.,0.,-1.));
#5026 = ADVANCED_FACE('',(#5027),#5054,.F.);
#5027 = FACE_BOUND('',#5028,.T.);
#5028 = EDGE_LOOP('',(#5029,#5037,#5045,#5051,#5052,#5053));
#5029 = ORIENTED_EDGE('',*,*,#5030,.F.);
#5030 = EDGE_CURVE('',#5031,#4689,#5033,.T.);
#5031 = VERTEX_POINT('',#5032);
#5032 = CARTESIAN_POINT('',(-3.102876977372,0.799963444656,-1.75));
#5033 = LINE('',#5034,#5035);
#5034 = CARTESIAN_POINT('',(-3.102876977372,0.799963444656,-4.5));
#5035 = VECTOR('',#5036,1.);
#5036 = DIRECTION('',(0.,-0.,-1.));
#5037 = ORIENTED_EDGE('',*,*,#5038,.F.);
#5038 = EDGE_CURVE('',#5039,#5031,#5041,.T.);
#5039 = VERTEX_POINT('',#5040);
#5040 = CARTESIAN_POINT('',(-3.035474657216,0.406882998366,-1.75));
#5041 = LINE('',#5042,#5043);
#5042 = CARTESIAN_POINT('',(-1.624278986267,-7.823003196369,-1.75));
#5043 = VECTOR('',#5044,1.);
#5044 = DIRECTION('',(-0.169005469575,0.985615113142,-0.));
#5045 = ORIENTED_EDGE('',*,*,#5046,.F.);
#5046 = EDGE_CURVE('',#4754,#5039,#5047,.T.);
#5047 = LINE('',#5048,#5049);
#5048 = CARTESIAN_POINT('',(-3.035474657216,0.406882998366,-4.5));
#5049 = VECTOR('',#5050,1.);
#5050 = DIRECTION('',(0.,-0.,-1.));
#5051 = ORIENTED_EDGE('',*,*,#4753,.F.);
#5052 = ORIENTED_EDGE('',*,*,#2568,.T.);
#5053 = ORIENTED_EDGE('',*,*,#4696,.T.);
#5054 = PLANE('',#5055);
#5055 = AXIS2_PLACEMENT_3D('',#5056,#5057,#5058);
#5056 = CARTESIAN_POINT('',(-1.624278986267,-7.823003196369,-4.5));
#5057 = DIRECTION('',(-0.985615113142,-0.169005469575,0.));
#5058 = DIRECTION('',(0.169005469575,-0.985615113142,0.));
#5059 = ADVANCED_FACE('',(#5060),#5087,.F.);
#5060 = FACE_BOUND('',#5061,.T.);
#5061 = EDGE_LOOP('',(#5062,#5070,#5071,#5072,#5073,#5081));
#5062 = ORIENTED_EDGE('',*,*,#5063,.F.);
#5063 = EDGE_CURVE('',#3026,#5064,#5066,.T.);
#5064 = VERTEX_POINT('',#5065);
#5065 = CARTESIAN_POINT('',(-3.102876977372,0.799963444656,1.75));
#5066 = LINE('',#5067,#5068);
#5067 = CARTESIAN_POINT('',(-3.102876977372,0.799963444656,-4.5));
#5068 = VECTOR('',#5069,1.);
#5069 = DIRECTION('',(0.,-0.,-1.));
#5070 = ORIENTED_EDGE('',*,*,#3025,.T.);
#5071 = ORIENTED_EDGE('',*,*,#2591,.T.);
#5072 = ORIENTED_EDGE('',*,*,#2952,.F.);
#5073 = ORIENTED_EDGE('',*,*,#5074,.F.);
#5074 = EDGE_CURVE('',#5075,#2953,#5077,.T.);
#5075 = VERTEX_POINT('',#5076);
#5076 = CARTESIAN_POINT('',(-3.035474657216,0.406882998366,1.75));
#5077 = LINE('',#5078,#5079);
#5078 = CARTESIAN_POINT('',(-3.035474657216,0.406882998366,-4.5));
#5079 = VECTOR('',#5080,1.);
#5080 = DIRECTION('',(0.,-0.,-1.));
#5081 = ORIENTED_EDGE('',*,*,#5082,.F.);
#5082 = EDGE_CURVE('',#5064,#5075,#5083,.T.);
#5083 = LINE('',#5084,#5085);
#5084 = CARTESIAN_POINT('',(-1.624278986267,-7.823003196369,1.75));
#5085 = VECTOR('',#5086,1.);
#5086 = DIRECTION('',(0.169005469575,-0.985615113142,0.));
#5087 = PLANE('',#5088);
#5088 = AXIS2_PLACEMENT_3D('',#5089,#5090,#5091);
#5089 = CARTESIAN_POINT('',(-1.624278986267,-7.823003196369,-4.5));
#5090 = DIRECTION('',(-0.985615113142,-0.169005469575,0.));
#5091 = DIRECTION('',(0.169005469575,-0.985615113142,0.));
#5092 = ADVANCED_FACE('',(#5093),#5112,.T.);
#5093 = FACE_BOUND('',#5094,.T.);
#5094 = EDGE_LOOP('',(#5095,#5096,#5097,#5105));
#5095 = ORIENTED_EDGE('',*,*,#2615,.T.);
#5096 = ORIENTED_EDGE('',*,*,#3065,.F.);
#5097 = ORIENTED_EDGE('',*,*,#5098,.T.);
#5098 = EDGE_CURVE('',#3058,#5099,#5101,.T.);
#5099 = VERTEX_POINT('',#5100);
#5100 = CARTESIAN_POINT('',(-2.9,1.44,3.));
#5101 = LINE('',#5102,#5103);
#5102 = CARTESIAN_POINT('',(-2.9,1.64,3.));
#5103 = VECTOR('',#5104,1.);
#5104 = DIRECTION('',(0.,1.,0.));
#5105 = ORIENTED_EDGE('',*,*,#5106,.T.);
#5106 = EDGE_CURVE('',#5099,#2616,#5107,.T.);
#5107 = ( BOUNDED_CURVE() B_SPLINE_CURVE(3,(#5108,#5109,#5110,#5111),
.UNSPECIFIED.,.F.,.F.) B_SPLINE_CURVE_WITH_KNOTS((4,4),(
4.486353817181E-15,1.570796326795),.PIECEWISE_BEZIER_KNOTS.) CURVE() 
GEOMETRIC_REPRESENTATION_ITEM() RATIONAL_B_SPLINE_CURVE((1.,
0.804737854124,0.804737854124,1.)) REPRESENTATION_ITEM('') );
#5108 = CARTESIAN_POINT('',(-2.9,1.44,3.));
#5109 = CARTESIAN_POINT('',(-2.958578643763,1.44,3.));
#5110 = CARTESIAN_POINT('',(-3.,1.481421356237,2.958578643763));
#5111 = CARTESIAN_POINT('',(-3.,1.54,2.9));
#5112 = CYLINDRICAL_SURFACE('',#5113,1.E-01);
#5113 = AXIS2_PLACEMENT_3D('',#5114,#5115,#5116);
#5114 = CARTESIAN_POINT('',(-2.9,1.64,2.9));
#5115 = DIRECTION('',(-0.,-1.,-0.));
#5116 = DIRECTION('',(0.,0.,-1.));
#5117 = ADVANCED_FACE('',(#5118),#5145,.T.);
#5118 = FACE_BOUND('',#5119,.T.);
#5119 = EDGE_LOOP('',(#5120,#5129,#5137,#5144));
#5120 = ORIENTED_EDGE('',*,*,#5121,.T.);
#5121 = EDGE_CURVE('',#2616,#5122,#5124,.T.);
#5122 = VERTEX_POINT('',#5123);
#5123 = CARTESIAN_POINT('',(-2.9,1.64,2.8));
#5124 = ( BOUNDED_CURVE() B_SPLINE_CURVE(3,(#5125,#5126,#5127,#5128),
.UNSPECIFIED.,.F.,.F.) B_SPLINE_CURVE_WITH_KNOTS((4,4),(1.570796326795,
3.14159265359),.PIECEWISE_BEZIER_KNOTS.) CURVE() 
GEOMETRIC_REPRESENTATION_ITEM() RATIONAL_B_SPLINE_CURVE((1.,
0.804737854124,0.804737854124,1.)) REPRESENTATION_ITEM('') );
#5125 = CARTESIAN_POINT('',(-3.,1.54,2.9));
#5126 = CARTESIAN_POINT('',(-3.,1.598578643763,2.841421356237));
#5127 = CARTESIAN_POINT('',(-2.958578643763,1.64,2.8));
#5128 = CARTESIAN_POINT('',(-2.9,1.64,2.8));
#5129 = ORIENTED_EDGE('',*,*,#5130,.T.);
#5130 = EDGE_CURVE('',#5122,#5131,#5133,.T.);
#5131 = VERTEX_POINT('',#5132);
#5132 = CARTESIAN_POINT('',(-2.9,1.64,2.7));
#5133 = LINE('',#5134,#5135);
#5134 = CARTESIAN_POINT('',(-2.9,1.64,-2.9));
#5135 = VECTOR('',#5136,1.);
#5136 = DIRECTION('',(-2.990902544788E-16,-0.,-1.));
#5137 = ORIENTED_EDGE('',*,*,#5138,.T.);
#5138 = EDGE_CURVE('',#5131,#2624,#5139,.T.);
#5139 = CIRCLE('',#5140,1.E-01);
#5140 = AXIS2_PLACEMENT_3D('',#5141,#5142,#5143);
#5141 = CARTESIAN_POINT('',(-2.9,1.54,2.7));
#5142 = DIRECTION('',(2.990902544788E-16,0.,1.));
#5143 = DIRECTION('',(1.,0.,-2.990902544788E-16));
#5144 = ORIENTED_EDGE('',*,*,#2623,.T.);
#5145 = CYLINDRICAL_SURFACE('',#5146,1.E-01);
#5146 = AXIS2_PLACEMENT_3D('',#5147,#5148,#5149);
#5147 = CARTESIAN_POINT('',(-2.9,1.54,-2.9));
#5148 = DIRECTION('',(2.990902544788E-16,0.,1.));
#5149 = DIRECTION('',(1.,0.,-2.990902544788E-16));
#5150 = ADVANCED_FACE('',(#5151),#5163,.T.);
#5151 = FACE_BOUND('',#5152,.T.);
#5152 = EDGE_LOOP('',(#5153,#5154,#5155,#5156,#5157));
#5153 = ORIENTED_EDGE('',*,*,#3215,.T.);
#5154 = ORIENTED_EDGE('',*,*,#3192,.T.);
#5155 = ORIENTED_EDGE('',*,*,#2631,.T.);
#5156 = ORIENTED_EDGE('',*,*,#5138,.F.);
#5157 = ORIENTED_EDGE('',*,*,#5158,.T.);
#5158 = EDGE_CURVE('',#5131,#3207,#5159,.T.);
#5159 = LINE('',#5160,#5161);
#5160 = CARTESIAN_POINT('',(-1.85,1.64,2.7));
#5161 = VECTOR('',#5162,1.);
#5162 = DIRECTION('',(1.,0.,2.639796593878E-15));
#5163 = PLANE('',#5164);
#5164 = AXIS2_PLACEMENT_3D('',#5165,#5166,#5167);
#5165 = CARTESIAN_POINT('',(-1.85,9.857313811473,2.7));
#5166 = DIRECTION('',(-2.639796593878E-15,2.67071722341E-17,1.));
#5167 = DIRECTION('',(1.,0.,2.639796593878E-15));
#5168 = ADVANCED_FACE('',(#5169),#5194,.F.);
#5169 = FACE_BOUND('',#5170,.T.);
#5170 = EDGE_LOOP('',(#5171,#5172,#5180,#5188));
#5171 = ORIENTED_EDGE('',*,*,#2654,.T.);
#5172 = ORIENTED_EDGE('',*,*,#5173,.F.);
#5173 = EDGE_CURVE('',#5174,#2647,#5176,.T.);
#5174 = VERTEX_POINT('',#5175);
#5175 = CARTESIAN_POINT('',(-3.1,1.8,2.5));
#5176 = LINE('',#5177,#5178);
#5177 = CARTESIAN_POINT('',(-3.1,1.8,2.5));
#5178 = VECTOR('',#5179,1.);
#5179 = DIRECTION('',(1.,0.,-0.));
#5180 = ORIENTED_EDGE('',*,*,#5181,.F.);
#5181 = EDGE_CURVE('',#5182,#5174,#5184,.T.);
#5182 = VERTEX_POINT('',#5183);
#5183 = CARTESIAN_POINT('',(-3.1,1.65,2.5));
#5184 = LINE('',#5185,#5186);
#5185 = CARTESIAN_POINT('',(-3.1,1.8,2.5));
#5186 = VECTOR('',#5187,1.);
#5187 = DIRECTION('',(0.,1.,0.));
#5188 = ORIENTED_EDGE('',*,*,#5189,.F.);
#5189 = EDGE_CURVE('',#2655,#5182,#5190,.T.);
#5190 = LINE('',#5191,#5192);
#5191 = CARTESIAN_POINT('',(-3.1,1.65,2.5));
#5192 = VECTOR('',#5193,1.);
#5193 = DIRECTION('',(-1.,0.,8.673617379884E-15));
#5194 = PLANE('',#5195);
#5195 = AXIS2_PLACEMENT_3D('',#5196,#5197,#5198);
#5196 = CARTESIAN_POINT('',(-3.1,1.8,2.5));
#5197 = DIRECTION('',(-8.673617379884E-15,0.,-1.));
#5198 = DIRECTION('',(-1.,0.,8.673617379884E-15));
#5199 = ADVANCED_FACE('',(#5200),#5218,.F.);
#5200 = FACE_BOUND('',#5201,.T.);
#5201 = EDGE_LOOP('',(#5202,#5203,#5204,#5212));
#5202 = ORIENTED_EDGE('',*,*,#2662,.T.);
#5203 = ORIENTED_EDGE('',*,*,#5189,.T.);
#5204 = ORIENTED_EDGE('',*,*,#5205,.F.);
#5205 = EDGE_CURVE('',#5206,#5182,#5208,.T.);
#5206 = VERTEX_POINT('',#5207);
#5207 = CARTESIAN_POINT('',(-3.1,1.65,1.9));
#5208 = LINE('',#5209,#5210);
#5209 = CARTESIAN_POINT('',(-3.1,1.65,2.8));
#5210 = VECTOR('',#5211,1.);
#5211 = DIRECTION('',(0.,-0.,1.));
#5212 = ORIENTED_EDGE('',*,*,#5213,.F.);
#5213 = EDGE_CURVE('',#2663,#5206,#5214,.T.);
#5214 = LINE('',#5215,#5216);
#5215 = CARTESIAN_POINT('',(-3.1,1.65,1.9));
#5216 = VECTOR('',#5217,1.);
#5217 = DIRECTION('',(-1.,-0.,0.));
#5218 = PLANE('',#5219);
#5219 = AXIS2_PLACEMENT_3D('',#5220,#5221,#5222);
#5220 = CARTESIAN_POINT('',(-3.1,1.65,2.8));
#5221 = DIRECTION('',(0.,1.,0.));
#5222 = DIRECTION('',(0.,-0.,1.));
#5223 = ADVANCED_FACE('',(#5224),#5242,.F.);
#5224 = FACE_BOUND('',#5225,.T.);
#5225 = EDGE_LOOP('',(#5226,#5234,#5240,#5241));
#5226 = ORIENTED_EDGE('',*,*,#5227,.F.);
#5227 = EDGE_CURVE('',#5228,#5206,#5230,.T.);
#5228 = VERTEX_POINT('',#5229);
#5229 = CARTESIAN_POINT('',(-3.1,1.8,1.9));
#5230 = LINE('',#5231,#5232);
#5231 = CARTESIAN_POINT('',(-3.1,1.8,1.9));
#5232 = VECTOR('',#5233,1.);
#5233 = DIRECTION('',(-0.,-1.,-0.));
#5234 = ORIENTED_EDGE('',*,*,#5235,.F.);
#5235 = EDGE_CURVE('',#2671,#5228,#5236,.T.);
#5236 = LINE('',#5237,#5238);
#5237 = CARTESIAN_POINT('',(-3.1,1.8,1.9));
#5238 = VECTOR('',#5239,1.);
#5239 = DIRECTION('',(-1.,-0.,0.));
#5240 = ORIENTED_EDGE('',*,*,#2670,.T.);
#5241 = ORIENTED_EDGE('',*,*,#5213,.T.);
#5242 = PLANE('',#5243);
#5243 = AXIS2_PLACEMENT_3D('',#5244,#5245,#5246);
#5244 = CARTESIAN_POINT('',(-3.1,1.8,1.9));
#5245 = DIRECTION('',(1.734723475977E-14,-0.,1.));
#5246 = DIRECTION('',(1.,0.,-1.734723475977E-14));
#5247 = ADVANCED_FACE('',(#5248),#5266,.T.);
#5248 = FACE_BOUND('',#5249,.T.);
#5249 = EDGE_LOOP('',(#5250,#5258,#5265));
#5250 = ORIENTED_EDGE('',*,*,#5251,.F.);
#5251 = EDGE_CURVE('',#5252,#2679,#5254,.T.);
#5252 = VERTEX_POINT('',#5253);
#5253 = CARTESIAN_POINT('',(-2.963662989418,1.8,1.5));
#5254 = LINE('',#5255,#5256);
#5255 = CARTESIAN_POINT('',(-3.1,1.8,1.5));
#5256 = VECTOR('',#5257,1.);
#5257 = DIRECTION('',(-1.,-0.,0.));
#5258 = ORIENTED_EDGE('',*,*,#5259,.F.);
#5259 = EDGE_CURVE('',#2687,#5252,#5260,.T.);
#5260 = CIRCLE('',#5261,0.25);
#5261 = AXIS2_PLACEMENT_3D('',#5262,#5263,#5264);
#5262 = CARTESIAN_POINT('',(-2.963662989418,1.55,1.5));
#5263 = DIRECTION('',(0.,-0.,-1.));
#5264 = DIRECTION('',(1.,-6.938893903907E-15,0.));
#5265 = ORIENTED_EDGE('',*,*,#2686,.T.);
#5266 = PLANE('',#5267);
#5267 = AXIS2_PLACEMENT_3D('',#5268,#5269,#5270);
#5268 = CARTESIAN_POINT('',(-2.963662989418,1.55,1.5));
#5269 = DIRECTION('',(0.,0.,-1.));
#5270 = DIRECTION('',(-1.,0.,-0.));
#5271 = ADVANCED_FACE('',(#5272),#5291,.T.);
#5272 = FACE_BOUND('',#5273,.T.);
#5273 = EDGE_LOOP('',(#5274,#5283,#5289,#5290));
#5274 = ORIENTED_EDGE('',*,*,#5275,.F.);
#5275 = EDGE_CURVE('',#5276,#2687,#5278,.T.);
#5276 = VERTEX_POINT('',#5277);
#5277 = CARTESIAN_POINT('',(-3.204135107032,1.618360519674,1.5));
#5278 = CIRCLE('',#5279,0.25);
#5279 = AXIS2_PLACEMENT_3D('',#5280,#5281,#5282);
#5280 = CARTESIAN_POINT('',(-2.963662989418,1.55,1.5));
#5281 = DIRECTION('',(0.,0.,-1.));
#5282 = DIRECTION('',(1.,0.,0.));
#5283 = ORIENTED_EDGE('',*,*,#5284,.T.);
#5284 = EDGE_CURVE('',#5276,#4803,#5285,.T.);
#5285 = LINE('',#5286,#5287);
#5286 = CARTESIAN_POINT('',(-3.204135107032,1.618360519674,1.5));
#5287 = VECTOR('',#5288,1.);
#5288 = DIRECTION('',(0.989304661931,-0.145863929338,8.48588641728E-15)
  );
#5289 = ORIENTED_EDGE('',*,*,#4811,.T.);
#5290 = ORIENTED_EDGE('',*,*,#2694,.T.);
#5291 = PLANE('',#5292);
#5292 = AXIS2_PLACEMENT_3D('',#5293,#5294,#5295);
#5293 = CARTESIAN_POINT('',(-3.,-1.350416637736,1.5));
#5294 = DIRECTION('',(-8.673617379884E-15,0.,1.));
#5295 = DIRECTION('',(1.,0.,8.673617379884E-15));
#5296 = ADVANCED_FACE('',(#5297),#5322,.T.);
#5297 = FACE_BOUND('',#5298,.T.);
#5298 = EDGE_LOOP('',(#5299,#5307,#5315,#5321));
#5299 = ORIENTED_EDGE('',*,*,#5300,.T.);
#5300 = EDGE_CURVE('',#2725,#5301,#5303,.T.);
#5301 = VERTEX_POINT('',#5302);
#5302 = CARTESIAN_POINT('',(-0.25,0.4,-0.9));
#5303 = LINE('',#5304,#5305);
#5304 = CARTESIAN_POINT('',(-0.25,0.4,-0.9));
#5305 = VECTOR('',#5306,1.);
#5306 = DIRECTION('',(0.496138938357,0.868243142124,0.));
#5307 = ORIENTED_EDGE('',*,*,#5308,.T.);
#5308 = EDGE_CURVE('',#5301,#5309,#5311,.T.);
#5309 = VERTEX_POINT('',#5310);
#5310 = CARTESIAN_POINT('',(-0.25,0.4,-0.6));
#5311 = LINE('',#5312,#5313);
#5312 = CARTESIAN_POINT('',(-0.25,0.4,-0.6));
#5313 = VECTOR('',#5314,1.);
#5314 = DIRECTION('',(-0.,0.,1.));
#5315 = ORIENTED_EDGE('',*,*,#5316,.T.);
#5316 = EDGE_CURVE('',#5309,#2733,#5317,.T.);
#5317 = LINE('',#5318,#5319);
#5318 = CARTESIAN_POINT('',(-0.25,0.4,-0.6));
#5319 = VECTOR('',#5320,1.);
#5320 = DIRECTION('',(-0.421637021356,-0.737864787373,0.527046276695));
#5321 = ORIENTED_EDGE('',*,*,#2732,.F.);
#5322 = PLANE('',#5323);
#5323 = AXIS2_PLACEMENT_3D('',#5324,#5325,#5326);
#5324 = CARTESIAN_POINT('',(-0.25,0.4,-0.6));
#5325 = DIRECTION('',(0.868243142124,-0.496138938357,0.));
#5326 = DIRECTION('',(0.496138938357,0.868243142124,0.));
#5327 = ADVANCED_FACE('',(#5328),#5346,.T.);
#5328 = FACE_BOUND('',#5329,.T.);
#5329 = EDGE_LOOP('',(#5330,#5338,#5344,#5345));
#5330 = ORIENTED_EDGE('',*,*,#5331,.T.);
#5331 = EDGE_CURVE('',#2723,#5332,#5334,.T.);
#5332 = VERTEX_POINT('',#5333);
#5333 = CARTESIAN_POINT('',(0.25,0.4,-0.9));
#5334 = LINE('',#5335,#5336);
#5335 = CARTESIAN_POINT('',(0.45,5.E-02,-0.9));
#5336 = VECTOR('',#5337,1.);
#5337 = DIRECTION('',(-0.496138938357,0.868243142124,-2.689574574106E-16
    ));
#5338 = ORIENTED_EDGE('',*,*,#5339,.T.);
#5339 = EDGE_CURVE('',#5332,#5301,#5340,.T.);
#5340 = LINE('',#5341,#5342);
#5341 = CARTESIAN_POINT('',(-0.25,0.4,-0.9));
#5342 = VECTOR('',#5343,1.);
#5343 = DIRECTION('',(-1.,-0.,-0.));
#5344 = ORIENTED_EDGE('',*,*,#5300,.F.);
#5345 = ORIENTED_EDGE('',*,*,#2722,.F.);
#5346 = PLANE('',#5347);
#5347 = AXIS2_PLACEMENT_3D('',#5348,#5349,#5350);
#5348 = CARTESIAN_POINT('',(-0.25,0.4,-0.9));
#5349 = DIRECTION('',(-0.,3.097720492816E-16,1.));
#5350 = DIRECTION('',(0.,-1.,3.097720492816E-16));
#5351 = ADVANCED_FACE('',(#5352),#5370,.F.);
#5352 = FACE_BOUND('',#5353,.T.);
#5353 = EDGE_LOOP('',(#5354,#5355,#5363,#5369));
#5354 = ORIENTED_EDGE('',*,*,#2748,.F.);
#5355 = ORIENTED_EDGE('',*,*,#5356,.F.);
#5356 = EDGE_CURVE('',#5357,#2741,#5359,.T.);
#5357 = VERTEX_POINT('',#5358);
#5358 = CARTESIAN_POINT('',(0.25,0.4,-0.6));
#5359 = LINE('',#5360,#5361);
#5360 = CARTESIAN_POINT('',(0.25,0.4,-0.6));
#5361 = VECTOR('',#5362,1.);
#5362 = DIRECTION('',(0.421637021356,-0.737864787373,0.527046276695));
#5363 = ORIENTED_EDGE('',*,*,#5364,.F.);
#5364 = EDGE_CURVE('',#5332,#5357,#5365,.T.);
#5365 = LINE('',#5366,#5367);
#5366 = CARTESIAN_POINT('',(0.25,0.4,-0.9));
#5367 = VECTOR('',#5368,1.);
#5368 = DIRECTION('',(0.,0.,1.));
#5369 = ORIENTED_EDGE('',*,*,#5331,.F.);
#5370 = PLANE('',#5371);
#5371 = AXIS2_PLACEMENT_3D('',#5372,#5373,#5374);
#5372 = CARTESIAN_POINT('',(0.25,0.4,-0.9));
#5373 = DIRECTION('',(0.868243142124,0.496138938357,-0.));
#5374 = DIRECTION('',(-0.496138938357,0.868243142124,0.));
#5375 = ADVANCED_FACE('',(#5376),#5387,.F.);
#5376 = FACE_BOUND('',#5377,.T.);
#5377 = EDGE_LOOP('',(#5378,#5379,#5380,#5386));
#5378 = ORIENTED_EDGE('',*,*,#2740,.F.);
#5379 = ORIENTED_EDGE('',*,*,#5316,.F.);
#5380 = ORIENTED_EDGE('',*,*,#5381,.F.);
#5381 = EDGE_CURVE('',#5357,#5309,#5382,.T.);
#5382 = LINE('',#5383,#5384);
#5383 = CARTESIAN_POINT('',(0.25,0.4,-0.6));
#5384 = VECTOR('',#5385,1.);
#5385 = DIRECTION('',(-1.,-0.,-0.));
#5386 = ORIENTED_EDGE('',*,*,#5356,.T.);
#5387 = PLANE('',#5388);
#5388 = AXIS2_PLACEMENT_3D('',#5389,#5390,#5391);
#5389 = CARTESIAN_POINT('',(0.25,0.4,-0.6));
#5390 = DIRECTION('',(-0.,0.581238193719,0.813733471207));
#5391 = DIRECTION('',(0.,-0.813733471207,0.581238193719));
#5392 = ADVANCED_FACE('',(#5393),#5418,.T.);
#5393 = FACE_BOUND('',#5394,.T.);
#5394 = EDGE_LOOP('',(#5395,#5403,#5411,#5417));
#5395 = ORIENTED_EDGE('',*,*,#5396,.T.);
#5396 = EDGE_CURVE('',#2759,#5397,#5399,.T.);
#5397 = VERTEX_POINT('',#5398);
#5398 = CARTESIAN_POINT('',(0.25,0.4,0.6));
#5399 = LINE('',#5400,#5401);
#5400 = CARTESIAN_POINT('',(0.45,5.E-02,0.35));
#5401 = VECTOR('',#5402,1.);
#5402 = DIRECTION('',(-0.421637021356,0.737864787373,0.527046276695));
#5403 = ORIENTED_EDGE('',*,*,#5404,.T.);
#5404 = EDGE_CURVE('',#5397,#5405,#5407,.T.);
#5405 = VERTEX_POINT('',#5406);
#5406 = CARTESIAN_POINT('',(-0.25,0.4,0.6));
#5407 = LINE('',#5408,#5409);
#5408 = CARTESIAN_POINT('',(-0.25,0.4,0.6));
#5409 = VECTOR('',#5410,1.);
#5410 = DIRECTION('',(-1.,-0.,-0.));
#5411 = ORIENTED_EDGE('',*,*,#5412,.T.);
#5412 = EDGE_CURVE('',#5405,#2767,#5413,.T.);
#5413 = LINE('',#5414,#5415);
#5414 = CARTESIAN_POINT('',(-0.25,0.4,0.6));
#5415 = VECTOR('',#5416,1.);
#5416 = DIRECTION('',(-0.421637021356,-0.737864787373,-0.527046276695));
#5417 = ORIENTED_EDGE('',*,*,#2766,.F.);
#5418 = PLANE('',#5419);
#5419 = AXIS2_PLACEMENT_3D('',#5420,#5421,#5422);
#5420 = CARTESIAN_POINT('',(-0.25,0.4,0.6));
#5421 = DIRECTION('',(0.,-0.581238193719,0.813733471207));
#5422 = DIRECTION('',(0.,-0.813733471207,-0.581238193719));
#5423 = ADVANCED_FACE('',(#5424),#5442,.T.);
#5424 = FACE_BOUND('',#5425,.T.);
#5425 = EDGE_LOOP('',(#5426,#5434,#5440,#5441));
#5426 = ORIENTED_EDGE('',*,*,#5427,.T.);
#5427 = EDGE_CURVE('',#2757,#5428,#5430,.T.);
#5428 = VERTEX_POINT('',#5429);
#5429 = CARTESIAN_POINT('',(0.25,0.4,0.9));
#5430 = LINE('',#5431,#5432);
#5431 = CARTESIAN_POINT('',(0.25,0.4,0.9));
#5432 = VECTOR('',#5433,1.);
#5433 = DIRECTION('',(-0.496138938357,0.868243142124,-0.));
#5434 = ORIENTED_EDGE('',*,*,#5435,.T.);
#5435 = EDGE_CURVE('',#5428,#5397,#5436,.T.);
#5436 = LINE('',#5437,#5438);
#5437 = CARTESIAN_POINT('',(0.25,0.4,0.6));
#5438 = VECTOR('',#5439,1.);
#5439 = DIRECTION('',(1.362202729533E-16,7.784015597332E-17,-1.));
#5440 = ORIENTED_EDGE('',*,*,#5396,.F.);
#5441 = ORIENTED_EDGE('',*,*,#2756,.F.);
#5442 = PLANE('',#5443);
#5443 = AXIS2_PLACEMENT_3D('',#5444,#5445,#5446);
#5444 = CARTESIAN_POINT('',(0.25,0.4,0.6));
#5445 = DIRECTION('',(-0.868243142124,-0.496138938357,
    -1.568918501562E-16));
#5446 = DIRECTION('',(0.496138938357,-0.868243142124,-2.465190328816E-32
    ));
#5447 = ADVANCED_FACE('',(#5448),#5466,.F.);
#5448 = FACE_BOUND('',#5449,.T.);
#5449 = EDGE_LOOP('',(#5450,#5451,#5459,#5465));
#5450 = ORIENTED_EDGE('',*,*,#2782,.F.);
#5451 = ORIENTED_EDGE('',*,*,#5452,.F.);
#5452 = EDGE_CURVE('',#5453,#2775,#5455,.T.);
#5453 = VERTEX_POINT('',#5454);
#5454 = CARTESIAN_POINT('',(-0.25,0.4,0.9));
#5455 = LINE('',#5456,#5457);
#5456 = CARTESIAN_POINT('',(-0.25,0.4,0.9));
#5457 = VECTOR('',#5458,1.);
#5458 = DIRECTION('',(-0.496138938357,-0.868243142124,5.379149148211E-16
    ));
#5459 = ORIENTED_EDGE('',*,*,#5460,.F.);
#5460 = EDGE_CURVE('',#5428,#5453,#5461,.T.);
#5461 = LINE('',#5462,#5463);
#5462 = CARTESIAN_POINT('',(0.25,0.4,0.9));
#5463 = VECTOR('',#5464,1.);
#5464 = DIRECTION('',(-1.,-0.,-0.));
#5465 = ORIENTED_EDGE('',*,*,#5427,.F.);
#5466 = PLANE('',#5467);
#5467 = AXIS2_PLACEMENT_3D('',#5468,#5469,#5470);
#5468 = CARTESIAN_POINT('',(0.25,0.4,0.9));
#5469 = DIRECTION('',(-0.,6.195440985631E-16,1.));
#5470 = DIRECTION('',(0.,-1.,6.195440985631E-16));
#5471 = ADVANCED_FACE('',(#5472),#5483,.F.);
#5472 = FACE_BOUND('',#5473,.T.);
#5473 = EDGE_LOOP('',(#5474,#5475,#5476,#5482));
#5474 = ORIENTED_EDGE('',*,*,#2774,.F.);
#5475 = ORIENTED_EDGE('',*,*,#5412,.F.);
#5476 = ORIENTED_EDGE('',*,*,#5477,.F.);
#5477 = EDGE_CURVE('',#5453,#5405,#5478,.T.);
#5478 = LINE('',#5479,#5480);
#5479 = CARTESIAN_POINT('',(-0.25,0.4,0.9));
#5480 = VECTOR('',#5481,1.);
#5481 = DIRECTION('',(1.362202729533E-16,-7.784015597332E-17,-1.));
#5482 = ORIENTED_EDGE('',*,*,#5452,.T.);
#5483 = PLANE('',#5484);
#5484 = AXIS2_PLACEMENT_3D('',#5485,#5486,#5487);
#5485 = CARTESIAN_POINT('',(-0.25,0.4,0.9));
#5486 = DIRECTION('',(-0.868243142124,0.496138938357,-1.568918501562E-16
    ));
#5487 = DIRECTION('',(-0.496138938357,-0.868243142124,0.));
#5488 = ADVANCED_FACE('',(#5489),#5514,.T.);
#5489 = FACE_BOUND('',#5490,.T.);
#5490 = EDGE_LOOP('',(#5491,#5492,#5500,#5508));
#5491 = ORIENTED_EDGE('',*,*,#2800,.F.);
#5492 = ORIENTED_EDGE('',*,*,#5493,.T.);
#5493 = EDGE_CURVE('',#2793,#5494,#5496,.T.);
#5494 = VERTEX_POINT('',#5495);
#5495 = CARTESIAN_POINT('',(-2.4,0.4,-0.56875));
#5496 = LINE('',#5497,#5498);
#5497 = CARTESIAN_POINT('',(-2.4,0.45,-0.6));
#5498 = VECTOR('',#5499,1.);
#5499 = DIRECTION('',(0.,0.847998304005,-0.529998940003));
#5500 = ORIENTED_EDGE('',*,*,#5501,.T.);
#5501 = EDGE_CURVE('',#5494,#5502,#5504,.T.);
#5502 = VERTEX_POINT('',#5503);
#5503 = CARTESIAN_POINT('',(-1.86875,0.4,-0.56875));
#5504 = LINE('',#5505,#5506);
#5505 = CARTESIAN_POINT('',(-1.9,0.4,-0.56875));
#5506 = VECTOR('',#5507,1.);
#5507 = DIRECTION('',(1.,0.,0.));
#5508 = ORIENTED_EDGE('',*,*,#5509,.T.);
#5509 = EDGE_CURVE('',#5502,#2801,#5510,.T.);
#5510 = LINE('',#5511,#5512);
#5511 = CARTESIAN_POINT('',(-1.86875,0.4,-0.56875));
#5512 = VECTOR('',#5513,1.);
#5513 = DIRECTION('',(0.468292905791,-0.749268649265,0.468292905791));
#5514 = PLANE('',#5515);
#5515 = AXIS2_PLACEMENT_3D('',#5516,#5517,#5518);
#5516 = CARTESIAN_POINT('',(-1.9,0.45,-0.6));
#5517 = DIRECTION('',(0.,-0.529998940003,-0.847998304005));
#5518 = DIRECTION('',(0.,0.847998304005,-0.529998940003));
#5519 = ADVANCED_FACE('',(#5520),#5538,.T.);
#5520 = FACE_BOUND('',#5521,.T.);
#5521 = EDGE_LOOP('',(#5522,#5523,#5531,#5537));
#5522 = ORIENTED_EDGE('',*,*,#2790,.F.);
#5523 = ORIENTED_EDGE('',*,*,#5524,.T.);
#5524 = EDGE_CURVE('',#2791,#5525,#5527,.T.);
#5525 = VERTEX_POINT('',#5526);
#5526 = CARTESIAN_POINT('',(-2.4,0.4,-0.9));
#5527 = LINE('',#5528,#5529);
#5528 = CARTESIAN_POINT('',(-2.4,0.45,-0.9));
#5529 = VECTOR('',#5530,1.);
#5530 = DIRECTION('',(0.,1.,0.));
#5531 = ORIENTED_EDGE('',*,*,#5532,.T.);
#5532 = EDGE_CURVE('',#5525,#5494,#5533,.T.);
#5533 = LINE('',#5534,#5535);
#5534 = CARTESIAN_POINT('',(-2.4,0.4,-0.6));
#5535 = VECTOR('',#5536,1.);
#5536 = DIRECTION('',(-0.,-0.,1.));
#5537 = ORIENTED_EDGE('',*,*,#5493,.F.);
#5538 = PLANE('',#5539);
#5539 = AXIS2_PLACEMENT_3D('',#5540,#5541,#5542);
#5540 = CARTESIAN_POINT('',(-2.4,0.45,-0.6));
#5541 = DIRECTION('',(1.,-0.,0.));
#5542 = DIRECTION('',(0.,0.,-1.));
#5543 = ADVANCED_FACE('',(#5544),#5562,.F.);
#5544 = FACE_BOUND('',#5545,.T.);
#5545 = EDGE_LOOP('',(#5546,#5554,#5555,#5556));
#5546 = ORIENTED_EDGE('',*,*,#5547,.F.);
#5547 = EDGE_CURVE('',#5525,#5548,#5550,.T.);
#5548 = VERTEX_POINT('',#5549);
#5549 = CARTESIAN_POINT('',(-1.86875,0.4,-0.9));
#5550 = LINE('',#5551,#5552);
#5551 = CARTESIAN_POINT('',(-2.4,0.4,-0.9));
#5552 = VECTOR('',#5553,1.);
#5553 = DIRECTION('',(1.,-0.,4.336808689942E-16));
#5554 = ORIENTED_EDGE('',*,*,#5524,.F.);
#5555 = ORIENTED_EDGE('',*,*,#2816,.F.);
#5556 = ORIENTED_EDGE('',*,*,#5557,.F.);
#5557 = EDGE_CURVE('',#5548,#2809,#5558,.T.);
#5558 = LINE('',#5559,#5560);
#5559 = CARTESIAN_POINT('',(-1.86875,0.4,-0.9));
#5560 = VECTOR('',#5561,1.);
#5561 = DIRECTION('',(0.529998940003,-0.847998304005,2.62686172419E-16)
  );
#5562 = PLANE('',#5563);
#5563 = AXIS2_PLACEMENT_3D('',#5564,#5565,#5566);
#5564 = CARTESIAN_POINT('',(-2.4,0.45,-0.9));
#5565 = DIRECTION('',(4.336808689942E-16,0.,-1.));
#5566 = DIRECTION('',(-1.,0.,-4.336808689942E-16));
#5567 = ADVANCED_FACE('',(#5568),#5579,.F.);
#5568 = FACE_BOUND('',#5569,.T.);
#5569 = EDGE_LOOP('',(#5570,#5576,#5577,#5578));
#5570 = ORIENTED_EDGE('',*,*,#5571,.F.);
#5571 = EDGE_CURVE('',#5548,#5502,#5572,.T.);
#5572 = LINE('',#5573,#5574);
#5573 = CARTESIAN_POINT('',(-1.86875,0.4,-0.9));
#5574 = VECTOR('',#5575,1.);
#5575 = DIRECTION('',(0.,0.,1.));
#5576 = ORIENTED_EDGE('',*,*,#5557,.T.);
#5577 = ORIENTED_EDGE('',*,*,#2808,.F.);
#5578 = ORIENTED_EDGE('',*,*,#5509,.F.);
#5579 = PLANE('',#5580);
#5580 = AXIS2_PLACEMENT_3D('',#5581,#5582,#5583);
#5581 = CARTESIAN_POINT('',(-1.9,0.45,-0.9));
#5582 = DIRECTION('',(0.847998304005,0.529998940003,-0.));
#5583 = DIRECTION('',(-0.529998940003,0.847998304005,0.));
#5584 = ADVANCED_FACE('',(#5585),#5610,.T.);
#5585 = FACE_BOUND('',#5586,.T.);
#5586 = EDGE_LOOP('',(#5587,#5588,#5596,#5604));
#5587 = ORIENTED_EDGE('',*,*,#2834,.F.);
#5588 = ORIENTED_EDGE('',*,*,#5589,.T.);
#5589 = EDGE_CURVE('',#2827,#5590,#5592,.T.);
#5590 = VERTEX_POINT('',#5591);
#5591 = CARTESIAN_POINT('',(-2.4,0.4,0.9));
#5592 = LINE('',#5593,#5594);
#5593 = CARTESIAN_POINT('',(-2.4,0.45,0.9));
#5594 = VECTOR('',#5595,1.);
#5595 = DIRECTION('',(0.,1.,-2.439454888092E-15));
#5596 = ORIENTED_EDGE('',*,*,#5597,.T.);
#5597 = EDGE_CURVE('',#5590,#5598,#5600,.T.);
#5598 = VERTEX_POINT('',#5599);
#5599 = CARTESIAN_POINT('',(-1.86875,0.4,0.9));
#5600 = LINE('',#5601,#5602);
#5601 = CARTESIAN_POINT('',(-1.9,0.4,0.9));
#5602 = VECTOR('',#5603,1.);
#5603 = DIRECTION('',(1.,-4.23177966296E-30,-1.734723475977E-15));
#5604 = ORIENTED_EDGE('',*,*,#5605,.T.);
#5605 = EDGE_CURVE('',#5598,#2835,#5606,.T.);
#5606 = LINE('',#5607,#5608);
#5607 = CARTESIAN_POINT('',(-1.86875,0.4,0.9));
#5608 = VECTOR('',#5609,1.);
#5609 = DIRECTION('',(0.529998940003,-0.847998304005,1.313430862095E-15)
  );
#5610 = PLANE('',#5611);
#5611 = AXIS2_PLACEMENT_3D('',#5612,#5613,#5614);
#5612 = CARTESIAN_POINT('',(-1.9,0.45,0.9));
#5613 = DIRECTION('',(-1.734723475977E-15,-2.439454888092E-15,-1.));
#5614 = DIRECTION('',(0.,1.,-2.439454888092E-15));
#5615 = ADVANCED_FACE('',(#5616),#5634,.F.);
#5616 = FACE_BOUND('',#5617,.T.);
#5617 = EDGE_LOOP('',(#5618,#5626,#5627,#5628));
#5618 = ORIENTED_EDGE('',*,*,#5619,.F.);
#5619 = EDGE_CURVE('',#5590,#5620,#5622,.T.);
#5620 = VERTEX_POINT('',#5621);
#5621 = CARTESIAN_POINT('',(-2.4,0.4,0.56875));
#5622 = LINE('',#5623,#5624);
#5623 = CARTESIAN_POINT('',(-2.4,0.4,0.9));
#5624 = VECTOR('',#5625,1.);
#5625 = DIRECTION('',(-1.445602896647E-15,-0.,-1.));
#5626 = ORIENTED_EDGE('',*,*,#5589,.F.);
#5627 = ORIENTED_EDGE('',*,*,#2824,.F.);
#5628 = ORIENTED_EDGE('',*,*,#5629,.F.);
#5629 = EDGE_CURVE('',#5620,#2825,#5630,.T.);
#5630 = LINE('',#5631,#5632);
#5631 = CARTESIAN_POINT('',(-2.4,0.4,0.56875));
#5632 = VECTOR('',#5633,1.);
#5633 = DIRECTION('',(-1.050744689676E-15,-0.847998304005,
    -0.529998940003));
#5634 = PLANE('',#5635);
#5635 = AXIS2_PLACEMENT_3D('',#5636,#5637,#5638);
#5636 = CARTESIAN_POINT('',(-2.4,0.45,0.9));
#5637 = DIRECTION('',(-1.,0.,1.445602896647E-15));
#5638 = DIRECTION('',(1.445602896647E-15,0.,1.));
#5639 = ADVANCED_FACE('',(#5640),#5658,.F.);
#5640 = FACE_BOUND('',#5641,.T.);
#5641 = EDGE_LOOP('',(#5642,#5650,#5651,#5652));
#5642 = ORIENTED_EDGE('',*,*,#5643,.F.);
#5643 = EDGE_CURVE('',#5620,#5644,#5646,.T.);
#5644 = VERTEX_POINT('',#5645);
#5645 = CARTESIAN_POINT('',(-1.86875,0.4,0.56875));
#5646 = LINE('',#5647,#5648);
#5647 = CARTESIAN_POINT('',(-2.4,0.4,0.56875));
#5648 = VECTOR('',#5649,1.);
#5649 = DIRECTION('',(1.,-0.,0.));
#5650 = ORIENTED_EDGE('',*,*,#5629,.T.);
#5651 = ORIENTED_EDGE('',*,*,#2850,.F.);
#5652 = ORIENTED_EDGE('',*,*,#5653,.F.);
#5653 = EDGE_CURVE('',#5644,#2843,#5654,.T.);
#5654 = LINE('',#5655,#5656);
#5655 = CARTESIAN_POINT('',(-1.86875,0.4,0.56875));
#5656 = VECTOR('',#5657,1.);
#5657 = DIRECTION('',(0.468292905791,-0.749268649265,-0.468292905791));
#5658 = PLANE('',#5659);
#5659 = AXIS2_PLACEMENT_3D('',#5660,#5661,#5662);
#5660 = CARTESIAN_POINT('',(-2.4,0.45,0.6));
#5661 = DIRECTION('',(0.,0.529998940003,-0.847998304005));
#5662 = DIRECTION('',(0.,0.847998304005,0.529998940003));
#5663 = ADVANCED_FACE('',(#5664),#5675,.F.);
#5664 = FACE_BOUND('',#5665,.T.);
#5665 = EDGE_LOOP('',(#5666,#5672,#5673,#5674));
#5666 = ORIENTED_EDGE('',*,*,#5667,.F.);
#5667 = EDGE_CURVE('',#5644,#5598,#5668,.T.);
#5668 = LINE('',#5669,#5670);
#5669 = CARTESIAN_POINT('',(-1.86875,0.4,0.35));
#5670 = VECTOR('',#5671,1.);
#5671 = DIRECTION('',(2.835094547051E-16,1.771934091907E-16,1.));
#5672 = ORIENTED_EDGE('',*,*,#5653,.T.);
#5673 = ORIENTED_EDGE('',*,*,#2842,.F.);
#5674 = ORIENTED_EDGE('',*,*,#5605,.F.);
#5675 = PLANE('',#5676);
#5676 = AXIS2_PLACEMENT_3D('',#5677,#5678,#5679);
#5677 = CARTESIAN_POINT('',(-1.65,5.E-02,0.35));
#5678 = DIRECTION('',(0.847998304005,0.529998940003,-3.343278558059E-16)
  );
#5679 = DIRECTION('',(-0.529998940003,0.847998304005,0.));
#5680 = ADVANCED_FACE('',(#5681),#5706,.T.);
#5681 = FACE_BOUND('',#5682,.T.);
#5682 = EDGE_LOOP('',(#5683,#5684,#5692,#5700));
#5683 = ORIENTED_EDGE('',*,*,#2868,.F.);
#5684 = ORIENTED_EDGE('',*,*,#5685,.T.);
#5685 = EDGE_CURVE('',#2861,#5686,#5688,.T.);
#5686 = VERTEX_POINT('',#5687);
#5687 = CARTESIAN_POINT('',(2.4,0.4,-0.9));
#5688 = LINE('',#5689,#5690);
#5689 = CARTESIAN_POINT('',(2.4,0.45,-0.9));
#5690 = VECTOR('',#5691,1.);
#5691 = DIRECTION('',(2.938735877056E-32,1.,1.355252715607E-16));
#5692 = ORIENTED_EDGE('',*,*,#5693,.T.);
#5693 = EDGE_CURVE('',#5686,#5694,#5696,.T.);
#5694 = VERTEX_POINT('',#5695);
#5695 = CARTESIAN_POINT('',(1.86875,0.4,-0.9));
#5696 = LINE('',#5697,#5698);
#5697 = CARTESIAN_POINT('',(1.9,0.4,-0.9));
#5698 = VECTOR('',#5699,1.);
#5699 = DIRECTION('',(-1.,-0.,2.168404344971E-16));
#5700 = ORIENTED_EDGE('',*,*,#5701,.T.);
#5701 = EDGE_CURVE('',#5694,#2869,#5702,.T.);
#5702 = LINE('',#5703,#5704);
#5703 = CARTESIAN_POINT('',(1.86875,0.4,-0.9));
#5704 = VECTOR('',#5705,1.);
#5705 = DIRECTION('',(-0.529998940003,-0.847998304005,0.));
#5706 = PLANE('',#5707);
#5707 = AXIS2_PLACEMENT_3D('',#5708,#5709,#5710);
#5708 = CARTESIAN_POINT('',(1.9,0.45,-0.9));
#5709 = DIRECTION('',(2.168404344971E-16,-1.355252715607E-16,1.));
#5710 = DIRECTION('',(1.,0.,-2.168404344971E-16));
#5711 = ADVANCED_FACE('',(#5712),#5730,.F.);
#5712 = FACE_BOUND('',#5713,.T.);
#5713 = EDGE_LOOP('',(#5714,#5722,#5723,#5724));
#5714 = ORIENTED_EDGE('',*,*,#5715,.F.);
#5715 = EDGE_CURVE('',#5686,#5716,#5718,.T.);
#5716 = VERTEX_POINT('',#5717);
#5717 = CARTESIAN_POINT('',(2.4,0.4,-0.56875));
#5718 = LINE('',#5719,#5720);
#5719 = CARTESIAN_POINT('',(2.4,0.4,-0.9));
#5720 = VECTOR('',#5721,1.);
#5721 = DIRECTION('',(-0.,-0.,1.));
#5722 = ORIENTED_EDGE('',*,*,#5685,.F.);
#5723 = ORIENTED_EDGE('',*,*,#2858,.F.);
#5724 = ORIENTED_EDGE('',*,*,#5725,.F.);
#5725 = EDGE_CURVE('',#5716,#2859,#5726,.T.);
#5726 = LINE('',#5727,#5728);
#5727 = CARTESIAN_POINT('',(2.4,0.4,-0.56875));
#5728 = VECTOR('',#5729,1.);
#5729 = DIRECTION('',(0.,-0.847998304005,0.529998940003));
#5730 = PLANE('',#5731);
#5731 = AXIS2_PLACEMENT_3D('',#5732,#5733,#5734);
#5732 = CARTESIAN_POINT('',(2.4,0.45,-0.9));
#5733 = DIRECTION('',(1.,-0.,0.));
#5734 = DIRECTION('',(0.,0.,-1.));
#5735 = ADVANCED_FACE('',(#5736),#5754,.F.);
#5736 = FACE_BOUND('',#5737,.T.);
#5737 = EDGE_LOOP('',(#5738,#5746,#5747,#5748));
#5738 = ORIENTED_EDGE('',*,*,#5739,.F.);
#5739 = EDGE_CURVE('',#5716,#5740,#5742,.T.);
#5740 = VERTEX_POINT('',#5741);
#5741 = CARTESIAN_POINT('',(1.86875,0.4,-0.56875));
#5742 = LINE('',#5743,#5744);
#5743 = CARTESIAN_POINT('',(2.4,0.4,-0.56875));
#5744 = VECTOR('',#5745,1.);
#5745 = DIRECTION('',(-1.,-0.,-0.));
#5746 = ORIENTED_EDGE('',*,*,#5725,.T.);
#5747 = ORIENTED_EDGE('',*,*,#2884,.F.);
#5748 = ORIENTED_EDGE('',*,*,#5749,.F.);
#5749 = EDGE_CURVE('',#5740,#2877,#5750,.T.);
#5750 = LINE('',#5751,#5752);
#5751 = CARTESIAN_POINT('',(1.86875,0.4,-0.56875));
#5752 = VECTOR('',#5753,1.);
#5753 = DIRECTION('',(-0.468292905791,-0.749268649265,0.468292905791));
#5754 = PLANE('',#5755);
#5755 = AXIS2_PLACEMENT_3D('',#5756,#5757,#5758);
#5756 = CARTESIAN_POINT('',(2.4,0.45,-0.6));
#5757 = DIRECTION('',(-0.,0.529998940003,0.847998304005));
#5758 = DIRECTION('',(0.,-0.847998304005,0.529998940003));
#5759 = ADVANCED_FACE('',(#5760),#5771,.T.);
#5760 = FACE_BOUND('',#5761,.T.);
#5761 = EDGE_LOOP('',(#5762,#5763,#5764,#5770));
#5762 = ORIENTED_EDGE('',*,*,#2876,.F.);
#5763 = ORIENTED_EDGE('',*,*,#5701,.F.);
#5764 = ORIENTED_EDGE('',*,*,#5765,.T.);
#5765 = EDGE_CURVE('',#5694,#5740,#5766,.T.);
#5766 = LINE('',#5767,#5768);
#5767 = CARTESIAN_POINT('',(1.86875,0.4,-0.6));
#5768 = VECTOR('',#5769,1.);
#5769 = DIRECTION('',(-0.,0.,1.));
#5770 = ORIENTED_EDGE('',*,*,#5749,.T.);
#5771 = PLANE('',#5772);
#5772 = AXIS2_PLACEMENT_3D('',#5773,#5774,#5775);
#5773 = CARTESIAN_POINT('',(1.9,0.45,-0.6));
#5774 = DIRECTION('',(0.847998304005,-0.529998940003,0.));
#5775 = DIRECTION('',(0.529998940003,0.847998304005,0.));
#5776 = ADVANCED_FACE('',(#5777),#5802,.F.);
#5777 = FACE_BOUND('',#5778,.T.);
#5778 = EDGE_LOOP('',(#5779,#5789,#5795,#5796));
#5779 = ORIENTED_EDGE('',*,*,#5780,.F.);
#5780 = EDGE_CURVE('',#5781,#5783,#5785,.T.);
#5781 = VERTEX_POINT('',#5782);
#5782 = CARTESIAN_POINT('',(1.86875,0.4,0.56875));
#5783 = VERTEX_POINT('',#5784);
#5784 = CARTESIAN_POINT('',(2.4,0.4,0.56875));
#5785 = LINE('',#5786,#5787);
#5786 = CARTESIAN_POINT('',(1.65,0.4,0.56875));
#5787 = VECTOR('',#5788,1.);
#5788 = DIRECTION('',(1.,-1.299418334065E-16,2.079069334504E-16));
#5789 = ORIENTED_EDGE('',*,*,#5790,.F.);
#5790 = EDGE_CURVE('',#2903,#5781,#5791,.T.);
#5791 = LINE('',#5792,#5793);
#5792 = CARTESIAN_POINT('',(1.65,5.E-02,0.35));
#5793 = VECTOR('',#5794,1.);
#5794 = DIRECTION('',(0.468292905791,0.749268649265,0.468292905791));
#5795 = ORIENTED_EDGE('',*,*,#2902,.F.);
#5796 = ORIENTED_EDGE('',*,*,#5797,.F.);
#5797 = EDGE_CURVE('',#5783,#2895,#5798,.T.);
#5798 = LINE('',#5799,#5800);
#5799 = CARTESIAN_POINT('',(2.4,5.E-02,0.35));
#5800 = VECTOR('',#5801,1.);
#5801 = DIRECTION('',(-0.,-0.847998304005,-0.529998940003));
#5802 = PLANE('',#5803);
#5803 = AXIS2_PLACEMENT_3D('',#5804,#5805,#5806);
#5804 = CARTESIAN_POINT('',(1.65,5.E-02,0.35));
#5805 = DIRECTION('',(2.451737609244E-16,0.529998940003,-0.847998304005)
  );
#5806 = DIRECTION('',(0.,0.847998304005,0.529998940003));
#5807 = ADVANCED_FACE('',(#5808),#5826,.T.);
#5808 = FACE_BOUND('',#5809,.T.);
#5809 = EDGE_LOOP('',(#5810,#5811,#5819,#5825));
#5810 = ORIENTED_EDGE('',*,*,#2892,.F.);
#5811 = ORIENTED_EDGE('',*,*,#5812,.T.);
#5812 = EDGE_CURVE('',#2893,#5813,#5815,.T.);
#5813 = VERTEX_POINT('',#5814);
#5814 = CARTESIAN_POINT('',(2.4,0.4,0.9));
#5815 = LINE('',#5816,#5817);
#5816 = CARTESIAN_POINT('',(2.4,0.45,0.9));
#5817 = VECTOR('',#5818,1.);
#5818 = DIRECTION('',(-1.084202172486E-15,1.,-0.));
#5819 = ORIENTED_EDGE('',*,*,#5820,.T.);
#5820 = EDGE_CURVE('',#5813,#5783,#5821,.T.);
#5821 = LINE('',#5822,#5823);
#5822 = CARTESIAN_POINT('',(2.4,0.4,0.6));
#5823 = VECTOR('',#5824,1.);
#5824 = DIRECTION('',(-0.,-0.,-1.));
#5825 = ORIENTED_EDGE('',*,*,#5797,.T.);
#5826 = PLANE('',#5827);
#5827 = AXIS2_PLACEMENT_3D('',#5828,#5829,#5830);
#5828 = CARTESIAN_POINT('',(2.4,0.45,0.6));
#5829 = DIRECTION('',(-1.,-1.084202172486E-15,0.));
#5830 = DIRECTION('',(1.084202172486E-15,-1.,0.));
#5831 = ADVANCED_FACE('',(#5832),#5850,.F.);
#5832 = FACE_BOUND('',#5833,.T.);
#5833 = EDGE_LOOP('',(#5834,#5842,#5843,#5844));
#5834 = ORIENTED_EDGE('',*,*,#5835,.F.);
#5835 = EDGE_CURVE('',#5813,#5836,#5838,.T.);
#5836 = VERTEX_POINT('',#5837);
#5837 = CARTESIAN_POINT('',(1.86875,0.4,0.9));
#5838 = LINE('',#5839,#5840);
#5839 = CARTESIAN_POINT('',(2.4,0.4,0.9));
#5840 = VECTOR('',#5841,1.);
#5841 = DIRECTION('',(-1.,-0.,-1.951563910474E-15));
#5842 = ORIENTED_EDGE('',*,*,#5812,.F.);
#5843 = ORIENTED_EDGE('',*,*,#2918,.F.);
#5844 = ORIENTED_EDGE('',*,*,#5845,.F.);
#5845 = EDGE_CURVE('',#5836,#2911,#5846,.T.);
#5846 = LINE('',#5847,#5848);
#5847 = CARTESIAN_POINT('',(1.86875,0.4,0.9));
#5848 = VECTOR('',#5849,1.);
#5849 = DIRECTION('',(-0.529998940003,-0.847998304005,
    -1.050744689676E-15));
#5850 = PLANE('',#5851);
#5851 = AXIS2_PLACEMENT_3D('',#5852,#5853,#5854);
#5852 = CARTESIAN_POINT('',(2.4,0.45,0.9));
#5853 = DIRECTION('',(-1.951563910474E-15,0.,1.));
#5854 = DIRECTION('',(1.,0.,1.951563910474E-15));
#5855 = ADVANCED_FACE('',(#5856),#5867,.F.);
#5856 = FACE_BOUND('',#5857,.T.);
#5857 = EDGE_LOOP('',(#5858,#5864,#5865,#5866));
#5858 = ORIENTED_EDGE('',*,*,#5859,.F.);
#5859 = EDGE_CURVE('',#5836,#5781,#5860,.T.);
#5860 = LINE('',#5861,#5862);
#5861 = CARTESIAN_POINT('',(1.86875,0.4,0.9));
#5862 = VECTOR('',#5863,1.);
#5863 = DIRECTION('',(-0.,-0.,-1.));
#5864 = ORIENTED_EDGE('',*,*,#5845,.T.);
#5865 = ORIENTED_EDGE('',*,*,#2910,.F.);
#5866 = ORIENTED_EDGE('',*,*,#5790,.T.);
#5867 = PLANE('',#5868);
#5868 = AXIS2_PLACEMENT_3D('',#5869,#5870,#5871);
#5869 = CARTESIAN_POINT('',(1.9,0.45,0.9));
#5870 = DIRECTION('',(-0.847998304005,0.529998940003,0.));
#5871 = DIRECTION('',(-0.529998940003,-0.847998304005,0.));
#5872 = ADVANCED_FACE('',(#5873),#5885,.F.);
#5873 = FACE_BOUND('',#5874,.F.);
#5874 = EDGE_LOOP('',(#5875,#5876,#5877,#5884));
#5875 = ORIENTED_EDGE('',*,*,#2937,.T.);
#5876 = ORIENTED_EDGE('',*,*,#1017,.F.);
#5877 = ORIENTED_EDGE('',*,*,#5878,.T.);
#5878 = EDGE_CURVE('',#1018,#1037,#5879,.T.);
#5879 = CIRCLE('',#5880,0.250000000023);
#5880 = AXIS2_PLACEMENT_3D('',#5881,#5882,#5883);
#5881 = CARTESIAN_POINT('',(1.839271542631E-18,0.240000000019,1.7));
#5882 = DIRECTION('',(-9.680376538537E-18,-1.,0.));
#5883 = DIRECTION('',(1.,-9.680376538537E-18,0.));
#5884 = ORIENTED_EDGE('',*,*,#1036,.T.);
#5885 = CONICAL_SURFACE('',#5886,0.350000000055,0.484477929099);
#5886 = AXIS2_PLACEMENT_3D('',#5887,#5888,#5889);
#5887 = CARTESIAN_POINT('',(0.,4.999999998745E-02,1.7));
#5888 = DIRECTION('',(-9.680376538537E-18,-1.,0.));
#5889 = DIRECTION('',(1.,-9.680376538537E-18,0.));
#5890 = ADVANCED_FACE('',(#5891),#5902,.F.);
#5891 = FACE_BOUND('',#5892,.T.);
#5892 = EDGE_LOOP('',(#5893,#5894,#5895,#5901));
#5893 = ORIENTED_EDGE('',*,*,#2970,.F.);
#5894 = ORIENTED_EDGE('',*,*,#3009,.F.);
#5895 = ORIENTED_EDGE('',*,*,#5896,.F.);
#5896 = EDGE_CURVE('',#5075,#3002,#5897,.T.);
#5897 = LINE('',#5898,#5899);
#5898 = CARTESIAN_POINT('',(-3.232597679845,0.373081904451,1.75));
#5899 = VECTOR('',#5900,1.);
#5900 = DIRECTION('',(-0.985615113142,-0.169005469575,-0.));
#5901 = ORIENTED_EDGE('',*,*,#5074,.T.);
#5902 = PLANE('',#5903);
#5903 = AXIS2_PLACEMENT_3D('',#5904,#5905,#5906);
#5904 = CARTESIAN_POINT('',(-3.232597679845,0.373081904451,1.75));
#5905 = DIRECTION('',(0.169005469575,-0.985615113142,8.673617379884E-15)
  );
#5906 = DIRECTION('',(0.985615113142,0.169005469575,0.));
#5907 = ADVANCED_FACE('',(#5908),#5919,.F.);
#5908 = FACE_BOUND('',#5909,.T.);
#5909 = EDGE_LOOP('',(#5910,#5916,#5917,#5918));
#5910 = ORIENTED_EDGE('',*,*,#5911,.F.);
#5911 = EDGE_CURVE('',#5064,#2994,#5912,.T.);
#5912 = LINE('',#5913,#5914);
#5913 = CARTESIAN_POINT('',(-3.102876977372,0.799963444656,1.75));
#5914 = VECTOR('',#5915,1.);
#5915 = DIRECTION('',(-0.985615113142,-0.169005469575,0.));
#5916 = ORIENTED_EDGE('',*,*,#5082,.T.);
#5917 = ORIENTED_EDGE('',*,*,#5896,.T.);
#5918 = ORIENTED_EDGE('',*,*,#3001,.F.);
#5919 = PLANE('',#5920);
#5920 = AXIS2_PLACEMENT_3D('',#5921,#5922,#5923);
#5921 = CARTESIAN_POINT('',(-3.350901508547,1.06301248365,1.75));
#5922 = DIRECTION('',(-1.047063412999E-16,6.106320268017E-16,1.));
#5923 = DIRECTION('',(0.,-1.,6.106320268017E-16));
#5924 = ADVANCED_FACE('',(#5925),#5931,.F.);
#5925 = FACE_BOUND('',#5926,.T.);
#5926 = EDGE_LOOP('',(#5927,#5928,#5929,#5930));
#5927 = ORIENTED_EDGE('',*,*,#5063,.T.);
#5928 = ORIENTED_EDGE('',*,*,#5911,.T.);
#5929 = ORIENTED_EDGE('',*,*,#2993,.F.);
#5930 = ORIENTED_EDGE('',*,*,#3033,.T.);
#5931 = PLANE('',#5932);
#5932 = AXIS2_PLACEMENT_3D('',#5933,#5934,#5935);
#5933 = CARTESIAN_POINT('',(-3.3,0.766162350741,-2.4));
#5934 = DIRECTION('',(0.169005469575,-0.985615113142,0.));
#5935 = DIRECTION('',(0.985615113142,0.169005469575,0.));
#5936 = ADVANCED_FACE('',(#5937),#5948,.F.);
#5937 = FACE_BOUND('',#5938,.T.);
#5938 = EDGE_LOOP('',(#5939,#5945,#5946,#5947));
#5939 = ORIENTED_EDGE('',*,*,#5940,.F.);
#5940 = EDGE_CURVE('',#5099,#3232,#5941,.T.);
#5941 = LINE('',#5942,#5943);
#5942 = CARTESIAN_POINT('',(-2.9,1.44,3.));
#5943 = VECTOR('',#5944,1.);
#5944 = DIRECTION('',(1.,-0.,-1.495451272394E-16));
#5945 = ORIENTED_EDGE('',*,*,#5098,.F.);
#5946 = ORIENTED_EDGE('',*,*,#3057,.F.);
#5947 = ORIENTED_EDGE('',*,*,#3239,.T.);
#5948 = PLANE('',#5949);
#5949 = AXIS2_PLACEMENT_3D('',#5950,#5951,#5952);
#5950 = CARTESIAN_POINT('',(-2.9,1.64,3.));
#5951 = DIRECTION('',(-1.495451272394E-16,0.,-1.));
#5952 = DIRECTION('',(-1.,0.,1.495451272394E-16));
#5953 = ADVANCED_FACE('',(#5954),#5995,.F.);
#5954 = FACE_BOUND('',#5955,.T.);
#5955 = EDGE_LOOP('',(#5956,#5964,#5972,#5980,#5988,#5994));
#5956 = ORIENTED_EDGE('',*,*,#5957,.F.);
#5957 = EDGE_CURVE('',#5958,#3136,#5960,.T.);
#5958 = VERTEX_POINT('',#5959);
#5959 = CARTESIAN_POINT('',(-1.733283001604,0.99,2.969132483628));
#5960 = LINE('',#5961,#5962);
#5961 = CARTESIAN_POINT('',(1.725,0.99,2.969132483628));
#5962 = VECTOR('',#5963,1.);
#5963 = DIRECTION('',(1.,0.,0.));
#5964 = ORIENTED_EDGE('',*,*,#5965,.T.);
#5965 = EDGE_CURVE('',#5958,#5966,#5968,.T.);
#5966 = VERTEX_POINT('',#5967);
#5967 = CARTESIAN_POINT('',(-1.733283001604,0.560625031587,
    2.999623222475));
#5968 = LINE('',#5969,#5970);
#5969 = CARTESIAN_POINT('',(-1.733283001604,0.560625031587,
    2.999623222475));
#5970 = VECTOR('',#5971,1.);
#5971 = DIRECTION('',(6.353297051086E-15,-0.997488149833,
    7.083354391148E-02));
#5972 = ORIENTED_EDGE('',*,*,#5973,.F.);
#5973 = EDGE_CURVE('',#5974,#5966,#5976,.T.);
#5974 = VERTEX_POINT('',#5975);
#5975 = CARTESIAN_POINT('',(-1.4,0.560625031587,2.999623222475));
#5976 = LINE('',#5977,#5978);
#5977 = CARTESIAN_POINT('',(1.725,0.560625031587,2.999623222475));
#5978 = VECTOR('',#5979,1.);
#5979 = DIRECTION('',(-1.,-0.,-0.));
#5980 = ORIENTED_EDGE('',*,*,#5981,.F.);
#5981 = EDGE_CURVE('',#5982,#5974,#5984,.T.);
#5982 = VERTEX_POINT('',#5983);
#5983 = CARTESIAN_POINT('',(-1.4,1.12,2.959900934652));
#5984 = LINE('',#5985,#5986);
#5985 = CARTESIAN_POINT('',(-1.4,1.12,2.959900934652));
#5986 = VECTOR('',#5987,1.);
#5987 = DIRECTION('',(-0.,-0.997488149833,7.083354391148E-02));
#5988 = ORIENTED_EDGE('',*,*,#5989,.T.);
#5989 = EDGE_CURVE('',#5982,#3084,#5990,.T.);
#5990 = LINE('',#5991,#5992);
#5991 = CARTESIAN_POINT('',(1.725,1.12,2.959900934652));
#5992 = VECTOR('',#5993,1.);
#5993 = DIRECTION('',(-1.,-0.,-0.));
#5994 = ORIENTED_EDGE('',*,*,#3143,.F.);
#5995 = PLANE('',#5996);
#5996 = AXIS2_PLACEMENT_3D('',#5997,#5998,#5999);
#5997 = CARTESIAN_POINT('',(1.725,1.12,2.959900934652));
#5998 = DIRECTION('',(0.,-7.083354391148E-02,-0.997488149833));
#5999 = DIRECTION('',(0.,0.997488149833,-7.083354391148E-02));
#6000 = ADVANCED_FACE('',(#6001),#6029,.F.);
#6001 = FACE_BOUND('',#6002,.T.);
#6002 = EDGE_LOOP('',(#6003,#6014,#6021,#6022,#6023));
#6003 = ORIENTED_EDGE('',*,*,#6004,.T.);
#6004 = EDGE_CURVE('',#6005,#6007,#6009,.T.);
#6005 = VERTEX_POINT('',#6006);
#6006 = CARTESIAN_POINT('',(-1.75,0.979147436421,2.819525418636));
#6007 = VERTEX_POINT('',#6008);
#6008 = CARTESIAN_POINT('',(-1.75,0.989772468007,2.96914864111));
#6009 = B_SPLINE_CURVE_WITH_KNOTS('',3,(#6010,#6011,#6012,#6013),
  .UNSPECIFIED.,.F.,.F.,(4,4),(0.,1.),.PIECEWISE_BEZIER_KNOTS.);
#6010 = CARTESIAN_POINT('',(-1.75,0.979147436421,2.819525418636));
#6011 = CARTESIAN_POINT('',(-1.75,0.982916645609,2.869383668645));
#6012 = CARTESIAN_POINT('',(-1.75,0.986458322804,2.919258076136));
#6013 = CARTESIAN_POINT('',(-1.75,0.989772468007,2.96914864111));
#6014 = ORIENTED_EDGE('',*,*,#6015,.T.);
#6015 = EDGE_CURVE('',#6007,#5958,#6016,.T.);
#6016 = CIRCLE('',#6017,0.2);
#6017 = AXIS2_PLACEMENT_3D('',#6018,#6019,#6020);
#6018 = CARTESIAN_POINT('',(-1.733283001604,0.975833291218,
    2.769634853661));
#6019 = DIRECTION('',(-0.,0.997488149833,-7.083354391148E-02));
#6020 = DIRECTION('',(0.,-7.083354391148E-02,-0.997488149833));
#6021 = ORIENTED_EDGE('',*,*,#5957,.T.);
#6022 = ORIENTED_EDGE('',*,*,#3135,.F.);
#6023 = ORIENTED_EDGE('',*,*,#6024,.F.);
#6024 = EDGE_CURVE('',#6005,#3128,#6025,.T.);
#6025 = LINE('',#6026,#6027);
#6026 = CARTESIAN_POINT('',(2.3,0.979374968413,2.819509261153));
#6027 = VECTOR('',#6028,1.);
#6028 = DIRECTION('',(1.,0.,0.));
#6029 = PLANE('',#6030);
#6030 = AXIS2_PLACEMENT_3D('',#6031,#6032,#6033);
#6031 = CARTESIAN_POINT('',(2.3,0.652117153364,-1.788982343607));
#6032 = DIRECTION('',(0.,-0.997488149833,7.083354391148E-02));
#6033 = DIRECTION('',(0.,-7.083354391148E-02,-0.997488149833));
#6034 = ADVANCED_FACE('',(#6035),#6069,.F.);
#6035 = FACE_BOUND('',#6036,.T.);
#6036 = EDGE_LOOP('',(#6037,#6047,#6053,#6054,#6055,#6063));
#6037 = ORIENTED_EDGE('',*,*,#6038,.F.);
#6038 = EDGE_CURVE('',#6039,#6041,#6043,.T.);
#6039 = VERTEX_POINT('',#6040);
#6040 = CARTESIAN_POINT('',(-1.745820750401,0.55,2.85));
#6041 = VERTEX_POINT('',#6042);
#6042 = CARTESIAN_POINT('',(-1.4,0.55,2.85));
#6043 = LINE('',#6044,#6045);
#6044 = CARTESIAN_POINT('',(1.725,0.55,2.85));
#6045 = VECTOR('',#6046,1.);
#6046 = DIRECTION('',(1.,0.,0.));
#6047 = ORIENTED_EDGE('',*,*,#6048,.T.);
#6048 = EDGE_CURVE('',#6039,#6005,#6049,.T.);
#6049 = LINE('',#6050,#6051);
#6050 = CARTESIAN_POINT('',(-1.745820750401,0.55,2.85));
#6051 = VECTOR('',#6052,1.);
#6052 = DIRECTION('',(3.009456497883E-15,0.997488149833,
    -7.083354391148E-02));
#6053 = ORIENTED_EDGE('',*,*,#6024,.T.);
#6054 = ORIENTED_EDGE('',*,*,#3127,.F.);
#6055 = ORIENTED_EDGE('',*,*,#6056,.F.);
#6056 = EDGE_CURVE('',#6057,#3119,#6059,.T.);
#6057 = VERTEX_POINT('',#6058);
#6058 = CARTESIAN_POINT('',(-1.4,1.109374968413,2.810277712177));
#6059 = LINE('',#6060,#6061);
#6060 = CARTESIAN_POINT('',(1.725,1.109374968413,2.810277712177));
#6061 = VECTOR('',#6062,1.);
#6062 = DIRECTION('',(-1.,-0.,-0.));
#6063 = ORIENTED_EDGE('',*,*,#6064,.F.);
#6064 = EDGE_CURVE('',#6041,#6057,#6065,.T.);
#6065 = LINE('',#6066,#6067);
#6066 = CARTESIAN_POINT('',(-1.4,0.55,2.85));
#6067 = VECTOR('',#6068,1.);
#6068 = DIRECTION('',(-0.,0.997488149833,-7.083354391148E-02));
#6069 = PLANE('',#6070);
#6070 = AXIS2_PLACEMENT_3D('',#6071,#6072,#6073);
#6071 = CARTESIAN_POINT('',(1.725,0.55,2.85));
#6072 = DIRECTION('',(-0.,7.083354391148E-02,0.997488149833));
#6073 = DIRECTION('',(0.,-0.997488149833,7.083354391148E-02));
#6074 = ADVANCED_FACE('',(#6075),#6094,.T.);
#6075 = FACE_BOUND('',#6076,.T.);
#6076 = EDGE_LOOP('',(#6077,#6078,#6086,#6093));
#6077 = ORIENTED_EDGE('',*,*,#3118,.F.);
#6078 = ORIENTED_EDGE('',*,*,#6079,.T.);
#6079 = EDGE_CURVE('',#3111,#6080,#6082,.T.);
#6080 = VERTEX_POINT('',#6081);
#6081 = CARTESIAN_POINT('',(-1.4,1.117205701711,2.80992696392));
#6082 = LINE('',#6083,#6084);
#6083 = CARTESIAN_POINT('',(1.725,1.117205701711,2.80992696392));
#6084 = VECTOR('',#6085,1.);
#6085 = DIRECTION('',(1.,0.,0.));
#6086 = ORIENTED_EDGE('',*,*,#6087,.T.);
#6087 = EDGE_CURVE('',#6080,#6057,#6088,.T.);
#6088 = CIRCLE('',#6089,0.15);
#6089 = AXIS2_PLACEMENT_3D('',#6090,#6091,#6092);
#6090 = CARTESIAN_POINT('',(-1.4,1.12,2.959900934652));
#6091 = DIRECTION('',(-1.,0.,-0.));
#6092 = DIRECTION('',(-0.,0.,1.));
#6093 = ORIENTED_EDGE('',*,*,#6056,.T.);
#6094 = CYLINDRICAL_SURFACE('',#6095,0.15);
#6095 = AXIS2_PLACEMENT_3D('',#6096,#6097,#6098);
#6096 = CARTESIAN_POINT('',(1.725,1.12,2.959900934652));
#6097 = DIRECTION('',(-1.,-0.,-0.));
#6098 = DIRECTION('',(-0.,0.,1.));
#6099 = ADVANCED_FACE('',(#6100),#6111,.F.);
#6100 = FACE_BOUND('',#6101,.T.);
#6101 = EDGE_LOOP('',(#6102,#6103,#6104,#6105));
#6102 = ORIENTED_EDGE('',*,*,#3206,.T.);
#6103 = ORIENTED_EDGE('',*,*,#5158,.F.);
#6104 = ORIENTED_EDGE('',*,*,#5130,.F.);
#6105 = ORIENTED_EDGE('',*,*,#6106,.F.);
#6106 = EDGE_CURVE('',#1659,#5122,#6107,.T.);
#6107 = LINE('',#6108,#6109);
#6108 = CARTESIAN_POINT('',(2.9,1.64,2.8));
#6109 = VECTOR('',#6110,1.);
#6110 = DIRECTION('',(-1.,-0.,-0.));
#6111 = PLANE('',#6112);
#6112 = AXIS2_PLACEMENT_3D('',#6113,#6114,#6115);
#6113 = CARTESIAN_POINT('',(2.9,1.64,-2.9));
#6114 = DIRECTION('',(0.,-1.,0.));
#6115 = DIRECTION('',(0.,-0.,-1.));
#6116 = ADVANCED_FACE('',(#6117),#6124,.F.);
#6117 = FACE_BOUND('',#6118,.T.);
#6118 = EDGE_LOOP('',(#6119,#6120,#6121,#6122,#6123));
#6119 = ORIENTED_EDGE('',*,*,#5121,.F.);
#6120 = ORIENTED_EDGE('',*,*,#5106,.F.);
#6121 = ORIENTED_EDGE('',*,*,#5940,.T.);
#6122 = ORIENTED_EDGE('',*,*,#3231,.T.);
#6123 = ORIENTED_EDGE('',*,*,#6106,.T.);
#6124 = PLANE('',#6125);
#6125 = AXIS2_PLACEMENT_3D('',#6126,#6127,#6128);
#6126 = CARTESIAN_POINT('',(2.9,1.64,2.8));
#6127 = DIRECTION('',(-1.057443735644E-16,-0.707106781187,
    -0.707106781187));
#6128 = DIRECTION('',(0.,0.707106781187,-0.707106781187));
#6129 = ADVANCED_FACE('',(#6130),#6147,.F.);
#6130 = FACE_BOUND('',#6131,.T.);
#6131 = EDGE_LOOP('',(#6132,#6133,#6139,#6140,#6146));
#6132 = ORIENTED_EDGE('',*,*,#3832,.F.);
#6133 = ORIENTED_EDGE('',*,*,#6134,.F.);
#6134 = EDGE_CURVE('',#1752,#3833,#6135,.T.);
#6135 = LINE('',#6136,#6137);
#6136 = CARTESIAN_POINT('',(2.9,1.64,2.8));
#6137 = VECTOR('',#6138,1.);
#6138 = DIRECTION('',(1.,-7.477256361969E-17,-7.477256361969E-17));
#6139 = ORIENTED_EDGE('',*,*,#3341,.T.);
#6140 = ORIENTED_EDGE('',*,*,#6141,.F.);
#6141 = EDGE_CURVE('',#3858,#3334,#6142,.T.);
#6142 = LINE('',#6143,#6144);
#6143 = CARTESIAN_POINT('',(2.9,1.44,3.));
#6144 = VECTOR('',#6145,1.);
#6145 = DIRECTION('',(-1.,7.477256361969E-17,7.477256361969E-17));
#6146 = ORIENTED_EDGE('',*,*,#3867,.F.);
#6147 = PLANE('',#6148);
#6148 = AXIS2_PLACEMENT_3D('',#6149,#6150,#6151);
#6149 = CARTESIAN_POINT('',(2.9,1.64,2.8));
#6150 = DIRECTION('',(-1.057443735644E-16,-0.707106781187,
    -0.707106781187));
#6151 = DIRECTION('',(-6.162975822039E-33,0.707106781187,-0.707106781187
    ));
#6152 = ADVANCED_FACE('',(#6153),#6159,.F.);
#6153 = FACE_BOUND('',#6154,.T.);
#6154 = EDGE_LOOP('',(#6155,#6156,#6157,#6158));
#6155 = ORIENTED_EDGE('',*,*,#6141,.T.);
#6156 = ORIENTED_EDGE('',*,*,#3333,.T.);
#6157 = ORIENTED_EDGE('',*,*,#3514,.F.);
#6158 = ORIENTED_EDGE('',*,*,#3857,.F.);
#6159 = PLANE('',#6160);
#6160 = AXIS2_PLACEMENT_3D('',#6161,#6162,#6163);
#6161 = CARTESIAN_POINT('',(-2.9,1.64,3.));
#6162 = DIRECTION('',(-1.495451272394E-16,0.,-1.));
#6163 = DIRECTION('',(-1.,0.,1.495451272394E-16));
#6164 = ADVANCED_FACE('',(#6165),#6171,.F.);
#6165 = FACE_BOUND('',#6166,.T.);
#6166 = EDGE_LOOP('',(#6167,#6168,#6169,#6170));
#6167 = ORIENTED_EDGE('',*,*,#3808,.F.);
#6168 = ORIENTED_EDGE('',*,*,#3355,.T.);
#6169 = ORIENTED_EDGE('',*,*,#6134,.T.);
#6170 = ORIENTED_EDGE('',*,*,#3843,.F.);
#6171 = PLANE('',#6172);
#6172 = AXIS2_PLACEMENT_3D('',#6173,#6174,#6175);
#6173 = CARTESIAN_POINT('',(2.9,1.64,-2.9));
#6174 = DIRECTION('',(0.,-1.,0.));
#6175 = DIRECTION('',(0.,-0.,-1.));
#6176 = ADVANCED_FACE('',(#6177),#6218,.F.);
#6177 = FACE_BOUND('',#6178,.T.);
#6178 = EDGE_LOOP('',(#6179,#6189,#6197,#6203,#6204,#6212));
#6179 = ORIENTED_EDGE('',*,*,#6180,.F.);
#6180 = EDGE_CURVE('',#6181,#6183,#6185,.T.);
#6181 = VERTEX_POINT('',#6182);
#6182 = CARTESIAN_POINT('',(1.733283001604,0.560625031587,2.999623222475
    ));
#6183 = VERTEX_POINT('',#6184);
#6184 = CARTESIAN_POINT('',(1.4,0.560625031587,2.999623222475));
#6185 = LINE('',#6186,#6187);
#6186 = CARTESIAN_POINT('',(1.725,0.560625031587,2.999623222475));
#6187 = VECTOR('',#6188,1.);
#6188 = DIRECTION('',(-1.,-0.,-0.));
#6189 = ORIENTED_EDGE('',*,*,#6190,.T.);
#6190 = EDGE_CURVE('',#6181,#6191,#6193,.T.);
#6191 = VERTEX_POINT('',#6192);
#6192 = CARTESIAN_POINT('',(1.733283001604,0.99,2.969132483628));
#6193 = LINE('',#6194,#6195);
#6194 = CARTESIAN_POINT('',(1.733283001604,0.99,2.969132483628));
#6195 = VECTOR('',#6196,1.);
#6196 = DIRECTION('',(6.353297051086E-15,0.997488149833,
    -7.083354391148E-02));
#6197 = ORIENTED_EDGE('',*,*,#6198,.F.);
#6198 = EDGE_CURVE('',#3448,#6191,#6199,.T.);
#6199 = LINE('',#6200,#6201);
#6200 = CARTESIAN_POINT('',(1.725,0.99,2.969132483628));
#6201 = VECTOR('',#6202,1.);
#6202 = DIRECTION('',(1.,0.,0.));
#6203 = ORIENTED_EDGE('',*,*,#3447,.T.);
#6204 = ORIENTED_EDGE('',*,*,#6205,.T.);
#6205 = EDGE_CURVE('',#3440,#6206,#6208,.T.);
#6206 = VERTEX_POINT('',#6207);
#6207 = CARTESIAN_POINT('',(1.4,1.12,2.959900934652));
#6208 = LINE('',#6209,#6210);
#6209 = CARTESIAN_POINT('',(1.725,1.12,2.959900934652));
#6210 = VECTOR('',#6211,1.);
#6211 = DIRECTION('',(-1.,-0.,-0.));
#6212 = ORIENTED_EDGE('',*,*,#6213,.F.);
#6213 = EDGE_CURVE('',#6183,#6206,#6214,.T.);
#6214 = LINE('',#6215,#6216);
#6215 = CARTESIAN_POINT('',(1.4,1.12,2.959900934652));
#6216 = VECTOR('',#6217,1.);
#6217 = DIRECTION('',(0.,0.997488149833,-7.083354391148E-02));
#6218 = PLANE('',#6219);
#6219 = AXIS2_PLACEMENT_3D('',#6220,#6221,#6222);
#6220 = CARTESIAN_POINT('',(1.725,1.12,2.959900934652));
#6221 = DIRECTION('',(0.,-7.083354391148E-02,-0.997488149833));
#6222 = DIRECTION('',(0.,0.997488149833,-7.083354391148E-02));
#6223 = ADVANCED_FACE('',(#6224),#6252,.F.);
#6224 = FACE_BOUND('',#6225,.T.);
#6225 = EDGE_LOOP('',(#6226,#6227,#6236,#6245,#6251));
#6226 = ORIENTED_EDGE('',*,*,#6198,.T.);
#6227 = ORIENTED_EDGE('',*,*,#6228,.T.);
#6228 = EDGE_CURVE('',#6191,#6229,#6231,.T.);
#6229 = VERTEX_POINT('',#6230);
#6230 = CARTESIAN_POINT('',(1.75,0.989772468007,2.96914864111));
#6231 = CIRCLE('',#6232,0.2);
#6232 = AXIS2_PLACEMENT_3D('',#6233,#6234,#6235);
#6233 = CARTESIAN_POINT('',(1.733283001604,0.975833291218,2.769634853661
    ));
#6234 = DIRECTION('',(-0.,0.997488149833,-7.083354391148E-02));
#6235 = DIRECTION('',(0.,-7.083354391148E-02,-0.997488149833));
#6236 = ORIENTED_EDGE('',*,*,#6237,.T.);
#6237 = EDGE_CURVE('',#6229,#6238,#6240,.T.);
#6238 = VERTEX_POINT('',#6239);
#6239 = CARTESIAN_POINT('',(1.75,0.979147436421,2.819525418636));
#6240 = B_SPLINE_CURVE_WITH_KNOTS('',3,(#6241,#6242,#6243,#6244),
  .UNSPECIFIED.,.F.,.F.,(4,4),(0.,1.),.PIECEWISE_BEZIER_KNOTS.);
#6241 = CARTESIAN_POINT('',(1.75,0.989772468007,2.96914864111));
#6242 = CARTESIAN_POINT('',(1.75,0.986458322804,2.919258076136));
#6243 = CARTESIAN_POINT('',(1.75,0.982916645609,2.869383668645));
#6244 = CARTESIAN_POINT('',(1.75,0.979147436421,2.819525418636));
#6245 = ORIENTED_EDGE('',*,*,#6246,.F.);
#6246 = EDGE_CURVE('',#3456,#6238,#6247,.T.);
#6247 = LINE('',#6248,#6249);
#6248 = CARTESIAN_POINT('',(2.3,0.979374968413,2.819509261153));
#6249 = VECTOR('',#6250,1.);
#6250 = DIRECTION('',(1.,0.,0.));
#6251 = ORIENTED_EDGE('',*,*,#3455,.T.);
#6252 = PLANE('',#6253);
#6253 = AXIS2_PLACEMENT_3D('',#6254,#6255,#6256);
#6254 = CARTESIAN_POINT('',(2.3,0.652117153364,-1.788982343607));
#6255 = DIRECTION('',(0.,-0.997488149833,7.083354391148E-02));
#6256 = DIRECTION('',(0.,-7.083354391148E-02,-0.997488149833));
#6257 = ADVANCED_FACE('',(#6258),#6292,.F.);
#6258 = FACE_BOUND('',#6259,.T.);
#6259 = EDGE_LOOP('',(#6260,#6261,#6269,#6277,#6285,#6291));
#6260 = ORIENTED_EDGE('',*,*,#6246,.T.);
#6261 = ORIENTED_EDGE('',*,*,#6262,.T.);
#6262 = EDGE_CURVE('',#6238,#6263,#6265,.T.);
#6263 = VERTEX_POINT('',#6264);
#6264 = CARTESIAN_POINT('',(1.745820750401,0.55,2.85));
#6265 = LINE('',#6266,#6267);
#6266 = CARTESIAN_POINT('',(1.745820750401,0.55,2.85));
#6267 = VECTOR('',#6268,1.);
#6268 = DIRECTION('',(3.009456497883E-15,-0.997488149833,
    7.083354391148E-02));
#6269 = ORIENTED_EDGE('',*,*,#6270,.F.);
#6270 = EDGE_CURVE('',#6271,#6263,#6273,.T.);
#6271 = VERTEX_POINT('',#6272);
#6272 = CARTESIAN_POINT('',(1.4,0.55,2.85));
#6273 = LINE('',#6274,#6275);
#6274 = CARTESIAN_POINT('',(1.725,0.55,2.85));
#6275 = VECTOR('',#6276,1.);
#6276 = DIRECTION('',(1.,0.,0.));
#6277 = ORIENTED_EDGE('',*,*,#6278,.F.);
#6278 = EDGE_CURVE('',#6279,#6271,#6281,.T.);
#6279 = VERTEX_POINT('',#6280);
#6280 = CARTESIAN_POINT('',(1.4,1.109374968413,2.810277712177));
#6281 = LINE('',#6282,#6283);
#6282 = CARTESIAN_POINT('',(1.4,0.55,2.85));
#6283 = VECTOR('',#6284,1.);
#6284 = DIRECTION('',(0.,-0.997488149833,7.083354391148E-02));
#6285 = ORIENTED_EDGE('',*,*,#6286,.F.);
#6286 = EDGE_CURVE('',#3464,#6279,#6287,.T.);
#6287 = LINE('',#6288,#6289);
#6288 = CARTESIAN_POINT('',(1.725,1.109374968413,2.810277712177));
#6289 = VECTOR('',#6290,1.);
#6290 = DIRECTION('',(-1.,-0.,-0.));
#6291 = ORIENTED_EDGE('',*,*,#3463,.T.);
#6292 = PLANE('',#6293);
#6293 = AXIS2_PLACEMENT_3D('',#6294,#6295,#6296);
#6294 = CARTESIAN_POINT('',(1.725,0.55,2.85));
#6295 = DIRECTION('',(-0.,7.083354391148E-02,0.997488149833));
#6296 = DIRECTION('',(0.,-0.997488149833,7.083354391148E-02));
#6297 = ADVANCED_FACE('',(#6298),#6317,.T.);
#6298 = FACE_BOUND('',#6299,.T.);
#6299 = EDGE_LOOP('',(#6300,#6301,#6302,#6311));
#6300 = ORIENTED_EDGE('',*,*,#3471,.T.);
#6301 = ORIENTED_EDGE('',*,*,#6286,.T.);
#6302 = ORIENTED_EDGE('',*,*,#6303,.T.);
#6303 = EDGE_CURVE('',#6279,#6304,#6306,.T.);
#6304 = VERTEX_POINT('',#6305);
#6305 = CARTESIAN_POINT('',(1.4,1.117205701711,2.80992696392));
#6306 = CIRCLE('',#6307,0.15);
#6307 = AXIS2_PLACEMENT_3D('',#6308,#6309,#6310);
#6308 = CARTESIAN_POINT('',(1.4,1.12,2.959900934652));
#6309 = DIRECTION('',(1.,0.,-0.));
#6310 = DIRECTION('',(0.,0.,1.));
#6311 = ORIENTED_EDGE('',*,*,#6312,.T.);
#6312 = EDGE_CURVE('',#6304,#3472,#6313,.T.);
#6313 = LINE('',#6314,#6315);
#6314 = CARTESIAN_POINT('',(1.725,1.117205701711,2.80992696392));
#6315 = VECTOR('',#6316,1.);
#6316 = DIRECTION('',(1.,0.,0.));
#6317 = CYLINDRICAL_SURFACE('',#6318,0.15);
#6318 = AXIS2_PLACEMENT_3D('',#6319,#6320,#6321);
#6319 = CARTESIAN_POINT('',(1.725,1.12,2.959900934652));
#6320 = DIRECTION('',(-1.,-0.,-0.));
#6321 = DIRECTION('',(-0.,0.,1.));
#6322 = ADVANCED_FACE('',(#6323),#6334,.F.);
#6323 = FACE_BOUND('',#6324,.T.);
#6324 = EDGE_LOOP('',(#6325,#6326,#6332,#6333));
#6325 = ORIENTED_EDGE('',*,*,#3580,.F.);
#6326 = ORIENTED_EDGE('',*,*,#6327,.F.);
#6327 = EDGE_CURVE('',#3883,#3573,#6328,.T.);
#6328 = LINE('',#6329,#6330);
#6329 = CARTESIAN_POINT('',(3.102876977372,0.799963444656,1.75));
#6330 = VECTOR('',#6331,1.);
#6331 = DIRECTION('',(0.985615113142,-0.169005469575,0.));
#6332 = ORIENTED_EDGE('',*,*,#3882,.T.);
#6333 = ORIENTED_EDGE('',*,*,#3540,.T.);
#6334 = PLANE('',#6335);
#6335 = AXIS2_PLACEMENT_3D('',#6336,#6337,#6338);
#6336 = CARTESIAN_POINT('',(3.102876977372,0.799963444656,-2.4));
#6337 = DIRECTION('',(-0.169005469575,-0.985615113142,0.));
#6338 = DIRECTION('',(0.985615113142,-0.169005469575,0.));
#6339 = ADVANCED_FACE('',(#6340),#6351,.F.);
#6340 = FACE_BOUND('',#6341,.T.);
#6341 = EDGE_LOOP('',(#6342,#6343,#6344,#6350));
#6342 = ORIENTED_EDGE('',*,*,#6327,.T.);
#6343 = ORIENTED_EDGE('',*,*,#3572,.F.);
#6344 = ORIENTED_EDGE('',*,*,#6345,.F.);
#6345 = EDGE_CURVE('',#3891,#3565,#6346,.T.);
#6346 = LINE('',#6347,#6348);
#6347 = CARTESIAN_POINT('',(3.035474657216,0.406882998366,1.75));
#6348 = VECTOR('',#6349,1.);
#6349 = DIRECTION('',(0.985615113142,-0.169005469575,0.));
#6350 = ORIENTED_EDGE('',*,*,#3890,.T.);
#6351 = PLANE('',#6352);
#6352 = AXIS2_PLACEMENT_3D('',#6353,#6354,#6355);
#6353 = CARTESIAN_POINT('',(3.232597679845,0.373081904451,1.75));
#6354 = DIRECTION('',(1.047063412999E-16,6.106320268017E-16,1.));
#6355 = DIRECTION('',(0.,-1.,6.106320268017E-16));
#6356 = ADVANCED_FACE('',(#6357),#6363,.F.);
#6357 = FACE_BOUND('',#6358,.T.);
#6358 = EDGE_LOOP('',(#6359,#6360,#6361,#6362));
#6359 = ORIENTED_EDGE('',*,*,#6345,.T.);
#6360 = ORIENTED_EDGE('',*,*,#3562,.F.);
#6361 = ORIENTED_EDGE('',*,*,#3610,.T.);
#6362 = ORIENTED_EDGE('',*,*,#3898,.T.);
#6363 = PLANE('',#6364);
#6364 = AXIS2_PLACEMENT_3D('',#6365,#6366,#6367);
#6365 = CARTESIAN_POINT('',(3.232597679845,0.373081904451,1.6));
#6366 = DIRECTION('',(-0.169005469575,-0.985615113142,1.156482317318E-14
    ));
#6367 = DIRECTION('',(0.985615113142,-0.169005469575,0.));
#6368 = ADVANCED_FACE('',(#6369),#6404,.F.);
#6369 = FACE_BOUND('',#6370,.T.);
#6370 = EDGE_LOOP('',(#6371,#6372,#6381,#6389,#6397,#6403));
#6371 = ORIENTED_EDGE('',*,*,#4266,.F.);
#6372 = ORIENTED_EDGE('',*,*,#6373,.F.);
#6373 = EDGE_CURVE('',#6374,#4258,#6376,.T.);
#6374 = VERTEX_POINT('',#6375);
#6375 = CARTESIAN_POINT('',(3.2109891549,1.586465982335,-1.467446827166)
  );
#6376 = ( BOUNDED_CURVE() B_SPLINE_CURVE(3,(#6377,#6378,#6379,#6380),
.UNSPECIFIED.,.F.,.F.) B_SPLINE_CURVE_WITH_KNOTS((4,4),(1.570796326795,
1.7013798212),.PIECEWISE_BEZIER_KNOTS.) CURVE() 
GEOMETRIC_REPRESENTATION_ITEM() RATIONAL_B_SPLINE_CURVE((1.,
0.998579500657,0.998579500657,1.)) REPRESENTATION_ITEM('') );
#6377 = CARTESIAN_POINT('',(3.2109891549,1.586465982335,-1.467446827166)
  );
#6378 = CARTESIAN_POINT('',(3.209400740955,1.597239210016,
    -1.478336523835));
#6379 = CARTESIAN_POINT('',(3.207112808325,1.607885846002,
    -1.489203017293));
#6380 = CARTESIAN_POINT('',(3.204135107032,1.618360519674,-1.5));
#6381 = ORIENTED_EDGE('',*,*,#6382,.F.);
#6382 = EDGE_CURVE('',#6383,#6374,#6385,.T.);
#6383 = VERTEX_POINT('',#6384);
#6384 = CARTESIAN_POINT('',(3.25,1.321879589401,-1.2));
#6385 = LINE('',#6386,#6387);
#6386 = CARTESIAN_POINT('',(3.25,1.321879589401,-1.2));
#6387 = VECTOR('',#6388,1.);
#6388 = DIRECTION('',(-0.103141373566,0.699544035111,-0.707106781187));
#6389 = ORIENTED_EDGE('',*,*,#6390,.F.);
#6390 = EDGE_CURVE('',#6391,#6383,#6393,.T.);
#6391 = VERTEX_POINT('',#6392);
#6392 = CARTESIAN_POINT('',(3.10160430071,1.3,-1.2));
#6393 = LINE('',#6394,#6395);
#6394 = CARTESIAN_POINT('',(3.10160430071,1.3,-1.2));
#6395 = VECTOR('',#6396,1.);
#6396 = DIRECTION('',(0.989304661931,0.145863929338,0.));
#6397 = ORIENTED_EDGE('',*,*,#6398,.F.);
#6398 = EDGE_CURVE('',#3647,#6391,#6399,.T.);
#6399 = LINE('',#6400,#6401);
#6400 = CARTESIAN_POINT('',(3.062593455611,1.564586392934,
    -1.467446827166));
#6401 = VECTOR('',#6402,1.);
#6402 = DIRECTION('',(0.103141373566,-0.699544035111,0.707106781187));
#6403 = ORIENTED_EDGE('',*,*,#3654,.T.);
#6404 = PLANE('',#6405);
#6405 = AXIS2_PLACEMENT_3D('',#6406,#6407,#6408);
#6406 = CARTESIAN_POINT('',(3.10160430071,1.3,-1.2));
#6407 = DIRECTION('',(-0.103141373566,0.699544035111,0.707106781187));
#6408 = DIRECTION('',(-6.938893903907E-18,-0.710898209975,0.703294913286
    ));
#6409 = ADVANCED_FACE('',(#6410),#6428,.T.);
#6410 = FACE_BOUND('',#6411,.T.);
#6411 = EDGE_LOOP('',(#6412,#6413,#6414,#6422));
#6412 = ORIENTED_EDGE('',*,*,#3646,.T.);
#6413 = ORIENTED_EDGE('',*,*,#6398,.T.);
#6414 = ORIENTED_EDGE('',*,*,#6415,.T.);
#6415 = EDGE_CURVE('',#6391,#6416,#6418,.T.);
#6416 = VERTEX_POINT('',#6417);
#6417 = CARTESIAN_POINT('',(3.10160430071,1.3,1.2));
#6418 = LINE('',#6419,#6420);
#6419 = CARTESIAN_POINT('',(3.10160430071,1.3,-2.076184765183));
#6420 = VECTOR('',#6421,1.);
#6421 = DIRECTION('',(0.,0.,1.));
#6422 = ORIENTED_EDGE('',*,*,#6423,.T.);
#6423 = EDGE_CURVE('',#6416,#3638,#6424,.T.);
#6424 = LINE('',#6425,#6426);
#6425 = CARTESIAN_POINT('',(3.10160430071,1.3,1.2));
#6426 = VECTOR('',#6427,1.);
#6427 = DIRECTION('',(-0.103141373566,0.699544035111,0.707106781187));
#6428 = PLANE('',#6429);
#6429 = AXIS2_PLACEMENT_3D('',#6430,#6431,#6432);
#6430 = CARTESIAN_POINT('',(3.062593455611,1.564586392934,
    -2.076184765183));
#6431 = DIRECTION('',(-0.989304661931,-0.145863929338,0.));
#6432 = DIRECTION('',(0.145863929338,-0.989304661931,0.));
#6433 = ADVANCED_FACE('',(#6434),#6462,.F.);
#6434 = FACE_BOUND('',#6435,.T.);
#6435 = EDGE_LOOP('',(#6436,#6444,#6452,#6459,#6460,#6461));
#6436 = ORIENTED_EDGE('',*,*,#6437,.F.);
#6437 = EDGE_CURVE('',#6438,#6416,#6440,.T.);
#6438 = VERTEX_POINT('',#6439);
#6439 = CARTESIAN_POINT('',(3.25,1.321879589401,1.2));
#6440 = LINE('',#6441,#6442);
#6441 = CARTESIAN_POINT('',(3.25,1.321879589401,1.2));
#6442 = VECTOR('',#6443,1.);
#6443 = DIRECTION('',(-0.989304661931,-0.145863929338,1.445602896647E-15
    ));
#6444 = ORIENTED_EDGE('',*,*,#6445,.F.);
#6445 = EDGE_CURVE('',#6446,#6438,#6448,.T.);
#6446 = VERTEX_POINT('',#6447);
#6447 = CARTESIAN_POINT('',(3.2109891549,1.586465982335,1.467446827166)
  );
#6448 = LINE('',#6449,#6450);
#6449 = CARTESIAN_POINT('',(3.2109891549,1.586465982335,1.467446827166)
  );
#6450 = VECTOR('',#6451,1.);
#6451 = DIRECTION('',(0.103141373566,-0.699544035111,-0.707106781187));
#6452 = ORIENTED_EDGE('',*,*,#6453,.F.);
#6453 = EDGE_CURVE('',#3679,#6446,#6454,.T.);
#6454 = ( BOUNDED_CURVE() B_SPLINE_CURVE(3,(#6455,#6456,#6457,#6458),
.UNSPECIFIED.,.F.,.F.) B_SPLINE_CURVE_WITH_KNOTS((4,4),(1.44021283239,
1.570796326795),.PIECEWISE_BEZIER_KNOTS.) CURVE() 
GEOMETRIC_REPRESENTATION_ITEM() RATIONAL_B_SPLINE_CURVE((1.,
0.998579500657,0.998579500657,1.)) REPRESENTATION_ITEM('') );
#6455 = CARTESIAN_POINT('',(3.204135107032,1.618360519674,1.5));
#6456 = CARTESIAN_POINT('',(3.207112808325,1.607885846002,1.489203017293
    ));
#6457 = CARTESIAN_POINT('',(3.209400740955,1.597239210016,1.478336523835
    ));
#6458 = CARTESIAN_POINT('',(3.2109891549,1.586465982335,1.467446827166)
  );
#6459 = ORIENTED_EDGE('',*,*,#3678,.F.);
#6460 = ORIENTED_EDGE('',*,*,#3637,.T.);
#6461 = ORIENTED_EDGE('',*,*,#6423,.F.);
#6462 = PLANE('',#6463);
#6463 = AXIS2_PLACEMENT_3D('',#6464,#6465,#6466);
#6464 = CARTESIAN_POINT('',(2.575937217861,1.525738483164,1.5));
#6465 = DIRECTION('',(-0.103141373566,0.699544035111,-0.707106781187));
#6466 = DIRECTION('',(0.,0.710898209975,0.703294913286));
#6467 = ADVANCED_FACE('',(#6468),#6479,.F.);
#6468 = FACE_BOUND('',#6469,.T.);
#6469 = EDGE_LOOP('',(#6470,#6471,#6477,#6478));
#6470 = ORIENTED_EDGE('',*,*,#3736,.T.);
#6471 = ORIENTED_EDGE('',*,*,#6472,.F.);
#6472 = EDGE_CURVE('',#3783,#3729,#6473,.T.);
#6473 = LINE('',#6474,#6475);
#6474 = CARTESIAN_POINT('',(3.1,1.8,2.8));
#6475 = VECTOR('',#6476,1.);
#6476 = DIRECTION('',(-0.,0.,-1.));
#6477 = ORIENTED_EDGE('',*,*,#3782,.T.);
#6478 = ORIENTED_EDGE('',*,*,#3760,.T.);
#6479 = PLANE('',#6480);
#6480 = AXIS2_PLACEMENT_3D('',#6481,#6482,#6483);
#6481 = CARTESIAN_POINT('',(3.1,1.8,1.9));
#6482 = DIRECTION('',(-1.,0.,1.445602896647E-15));
#6483 = DIRECTION('',(1.445602896647E-15,0.,1.));
#6484 = ADVANCED_FACE('',(#6485),#6496,.F.);
#6485 = FACE_BOUND('',#6486,.T.);
#6486 = EDGE_LOOP('',(#6487,#6488,#6489,#6495));
#6487 = ORIENTED_EDGE('',*,*,#3923,.T.);
#6488 = ORIENTED_EDGE('',*,*,#4300,.F.);
#6489 = ORIENTED_EDGE('',*,*,#6490,.F.);
#6490 = EDGE_CURVE('',#3966,#4293,#6491,.T.);
#6491 = LINE('',#6492,#6493);
#6492 = CARTESIAN_POINT('',(3.232597679845,0.373081904451,-1.75));
#6493 = VECTOR('',#6494,1.);
#6494 = DIRECTION('',(0.985615113142,-0.169005469575,0.));
#6495 = ORIENTED_EDGE('',*,*,#3965,.T.);
#6496 = PLANE('',#6497);
#6497 = AXIS2_PLACEMENT_3D('',#6498,#6499,#6500);
#6498 = CARTESIAN_POINT('',(3.232597679845,0.373081904451,-1.6));
#6499 = DIRECTION('',(-0.169005469575,-0.985615113142,
    -5.782411586589E-15));
#6500 = DIRECTION('',(0.985615113142,-0.169005469575,-3.944304526105E-31
    ));
#6501 = ADVANCED_FACE('',(#6502),#6513,.F.);
#6502 = FACE_BOUND('',#6503,.T.);
#6503 = EDGE_LOOP('',(#6504,#6510,#6511,#6512));
#6504 = ORIENTED_EDGE('',*,*,#6505,.F.);
#6505 = EDGE_CURVE('',#3950,#4285,#6506,.T.);
#6506 = LINE('',#6507,#6508);
#6507 = CARTESIAN_POINT('',(3.102876977372,0.799963444656,-1.75));
#6508 = VECTOR('',#6509,1.);
#6509 = DIRECTION('',(0.985615113142,-0.169005469575,0.));
#6510 = ORIENTED_EDGE('',*,*,#3973,.T.);
#6511 = ORIENTED_EDGE('',*,*,#6490,.T.);
#6512 = ORIENTED_EDGE('',*,*,#4292,.F.);
#6513 = PLANE('',#6514);
#6514 = AXIS2_PLACEMENT_3D('',#6515,#6516,#6517);
#6515 = CARTESIAN_POINT('',(3.232597679845,0.373081904451,-1.75));
#6516 = DIRECTION('',(0.,0.,-1.));
#6517 = DIRECTION('',(-1.,0.,0.));
#6518 = ADVANCED_FACE('',(#6519),#6525,.F.);
#6519 = FACE_BOUND('',#6520,.T.);
#6520 = EDGE_LOOP('',(#6521,#6522,#6523,#6524));
#6521 = ORIENTED_EDGE('',*,*,#4284,.F.);
#6522 = ORIENTED_EDGE('',*,*,#3989,.T.);
#6523 = ORIENTED_EDGE('',*,*,#3947,.T.);
#6524 = ORIENTED_EDGE('',*,*,#6505,.T.);
#6525 = PLANE('',#6526);
#6526 = AXIS2_PLACEMENT_3D('',#6527,#6528,#6529);
#6527 = CARTESIAN_POINT('',(3.102876977372,0.799963444656,-2.4));
#6528 = DIRECTION('',(-0.169005469575,-0.985615113142,0.));
#6529 = DIRECTION('',(0.985615113142,-0.169005469575,0.));
#6530 = ADVANCED_FACE('',(#6531),#6542,.F.);
#6531 = FACE_BOUND('',#6532,.T.);
#6532 = EDGE_LOOP('',(#6533,#6539,#6540,#6541));
#6533 = ORIENTED_EDGE('',*,*,#6534,.F.);
#6534 = EDGE_CURVE('',#4049,#4457,#6535,.T.);
#6535 = LINE('',#6536,#6537);
#6536 = CARTESIAN_POINT('',(-2.9,1.44,-3.));
#6537 = VECTOR('',#6538,1.);
#6538 = DIRECTION('',(-1.,-0.,1.495451272394E-16));
#6539 = ORIENTED_EDGE('',*,*,#4048,.F.);
#6540 = ORIENTED_EDGE('',*,*,#4022,.F.);
#6541 = ORIENTED_EDGE('',*,*,#4464,.T.);
#6542 = PLANE('',#6543);
#6543 = AXIS2_PLACEMENT_3D('',#6544,#6545,#6546);
#6544 = CARTESIAN_POINT('',(-2.9,1.64,-3.));
#6545 = DIRECTION('',(1.495451272394E-16,-0.,1.));
#6546 = DIRECTION('',(1.,0.,-1.495451272394E-16));
#6547 = ADVANCED_FACE('',(#6548),#6560,.F.);
#6548 = FACE_BOUND('',#6549,.T.);
#6549 = EDGE_LOOP('',(#6550,#6551,#6552,#6553,#6554));
#6550 = ORIENTED_EDGE('',*,*,#4071,.F.);
#6551 = ORIENTED_EDGE('',*,*,#4056,.F.);
#6552 = ORIENTED_EDGE('',*,*,#6534,.T.);
#6553 = ORIENTED_EDGE('',*,*,#4456,.T.);
#6554 = ORIENTED_EDGE('',*,*,#6555,.F.);
#6555 = EDGE_CURVE('',#4072,#2288,#6556,.T.);
#6556 = LINE('',#6557,#6558);
#6557 = CARTESIAN_POINT('',(2.9,1.64,-2.8));
#6558 = VECTOR('',#6559,1.);
#6559 = DIRECTION('',(-1.,-7.477256361969E-17,7.477256361969E-17));
#6560 = PLANE('',#6561);
#6561 = AXIS2_PLACEMENT_3D('',#6562,#6563,#6564);
#6562 = CARTESIAN_POINT('',(2.9,1.64,-2.8));
#6563 = DIRECTION('',(1.057443735644E-16,-0.707106781187,0.707106781187)
  );
#6564 = DIRECTION('',(0.,-0.707106781187,-0.707106781187));
#6565 = ADVANCED_FACE('',(#6566),#6572,.F.);
#6566 = FACE_BOUND('',#6567,.T.);
#6567 = EDGE_LOOP('',(#6568,#6569,#6570,#6571));
#6568 = ORIENTED_EDGE('',*,*,#4438,.T.);
#6569 = ORIENTED_EDGE('',*,*,#4122,.F.);
#6570 = ORIENTED_EDGE('',*,*,#4080,.F.);
#6571 = ORIENTED_EDGE('',*,*,#6555,.T.);
#6572 = PLANE('',#6573);
#6573 = AXIS2_PLACEMENT_3D('',#6574,#6575,#6576);
#6574 = CARTESIAN_POINT('',(2.9,1.64,-2.9));
#6575 = DIRECTION('',(0.,-1.,0.));
#6576 = DIRECTION('',(0.,-0.,-1.));
#6577 = ADVANCED_FACE('',(#6578),#6589,.F.);
#6578 = FACE_BOUND('',#6579,.T.);
#6579 = EDGE_LOOP('',(#6580,#6581,#6587,#6588));
#6580 = ORIENTED_EDGE('',*,*,#4163,.T.);
#6581 = ORIENTED_EDGE('',*,*,#6582,.F.);
#6582 = EDGE_CURVE('',#4210,#4156,#6583,.T.);
#6583 = LINE('',#6584,#6585);
#6584 = CARTESIAN_POINT('',(3.1,1.8,2.8));
#6585 = VECTOR('',#6586,1.);
#6586 = DIRECTION('',(-0.,0.,-1.));
#6587 = ORIENTED_EDGE('',*,*,#4209,.T.);
#6588 = ORIENTED_EDGE('',*,*,#4187,.T.);
#6589 = PLANE('',#6590);
#6590 = AXIS2_PLACEMENT_3D('',#6591,#6592,#6593);
#6591 = CARTESIAN_POINT('',(3.1,1.8,-2.5));
#6592 = DIRECTION('',(-1.,0.,-2.891205793295E-15));
#6593 = DIRECTION('',(-2.891205793295E-15,0.,1.));
#6594 = ADVANCED_FACE('',(#6595),#6638,.F.);
#6595 = FACE_BOUND('',#6596,.T.);
#6596 = EDGE_LOOP('',(#6597,#6605,#6606,#6607,#6608,#6616,#6624,#6632));
#6597 = ORIENTED_EDGE('',*,*,#6598,.F.);
#6598 = EDGE_CURVE('',#4350,#6599,#6601,.T.);
#6599 = VERTEX_POINT('',#6600);
#6600 = CARTESIAN_POINT('',(1.4,1.117205701711,-2.80992696392));
#6601 = LINE('',#6602,#6603);
#6602 = CARTESIAN_POINT('',(1.725,1.117205701711,-2.80992696392));
#6603 = VECTOR('',#6604,1.);
#6604 = DIRECTION('',(-1.,0.,-0.));
#6605 = ORIENTED_EDGE('',*,*,#4349,.T.);
#6606 = ORIENTED_EDGE('',*,*,#4324,.T.);
#6607 = ORIENTED_EDGE('',*,*,#4585,.F.);
#6608 = ORIENTED_EDGE('',*,*,#6609,.F.);
#6609 = EDGE_CURVE('',#6610,#4586,#6612,.T.);
#6610 = VERTEX_POINT('',#6611);
#6611 = CARTESIAN_POINT('',(-1.4,1.117205701711,-2.80992696392));
#6612 = LINE('',#6613,#6614);
#6613 = CARTESIAN_POINT('',(1.725,1.117205701711,-2.80992696392));
#6614 = VECTOR('',#6615,1.);
#6615 = DIRECTION('',(-1.,0.,-0.));
#6616 = ORIENTED_EDGE('',*,*,#6617,.F.);
#6617 = EDGE_CURVE('',#6618,#6610,#6620,.T.);
#6618 = VERTEX_POINT('',#6619);
#6619 = CARTESIAN_POINT('',(-1.4,1.19,-2.808570668676));
#6620 = LINE('',#6621,#6622);
#6621 = CARTESIAN_POINT('',(-1.4,1.551862865526,-2.80182848014));
#6622 = VECTOR('',#6623,1.);
#6623 = DIRECTION('',(-0.,-0.999826471545,-1.862865526314E-02));
#6624 = ORIENTED_EDGE('',*,*,#6625,.F.);
#6625 = EDGE_CURVE('',#6626,#6618,#6628,.T.);
#6626 = VERTEX_POINT('',#6627);
#6627 = CARTESIAN_POINT('',(1.4,1.19,-2.808570668676));
#6628 = LINE('',#6629,#6630);
#6629 = CARTESIAN_POINT('',(1.725,1.19,-2.808570668676));
#6630 = VECTOR('',#6631,1.);
#6631 = DIRECTION('',(-1.,0.,-0.));
#6632 = ORIENTED_EDGE('',*,*,#6633,.F.);
#6633 = EDGE_CURVE('',#6599,#6626,#6634,.T.);
#6634 = LINE('',#6635,#6636);
#6635 = CARTESIAN_POINT('',(1.4,1.551862865526,-2.80182848014));
#6636 = VECTOR('',#6637,1.);
#6637 = DIRECTION('',(0.,0.999826471545,1.862865526314E-02));
#6638 = PLANE('',#6639);
#6639 = AXIS2_PLACEMENT_3D('',#6640,#6641,#6642);
#6640 = CARTESIAN_POINT('',(1.725,1.551862865526,-2.80182848014));
#6641 = DIRECTION('',(0.,1.862865526314E-02,-0.999826471545));
#6642 = DIRECTION('',(0.,0.999826471545,1.862865526314E-02));
#6643 = ADVANCED_FACE('',(#6644),#6663,.T.);
#6644 = FACE_BOUND('',#6645,.T.);
#6645 = EDGE_LOOP('',(#6646,#6647,#6648,#6657));
#6646 = ORIENTED_EDGE('',*,*,#4357,.T.);
#6647 = ORIENTED_EDGE('',*,*,#6598,.T.);
#6648 = ORIENTED_EDGE('',*,*,#6649,.T.);
#6649 = EDGE_CURVE('',#6599,#6650,#6652,.T.);
#6650 = VERTEX_POINT('',#6651);
#6651 = CARTESIAN_POINT('',(1.4,1.109374968413,-2.810277712177));
#6652 = CIRCLE('',#6653,0.15);
#6653 = AXIS2_PLACEMENT_3D('',#6654,#6655,#6656);
#6654 = CARTESIAN_POINT('',(1.4,1.12,-2.959900934652));
#6655 = DIRECTION('',(1.,0.,-0.));
#6656 = DIRECTION('',(0.,0.,1.));
#6657 = ORIENTED_EDGE('',*,*,#6658,.T.);
#6658 = EDGE_CURVE('',#6650,#4358,#6659,.T.);
#6659 = LINE('',#6660,#6661);
#6660 = CARTESIAN_POINT('',(1.725,1.109374968413,-2.810277712177));
#6661 = VECTOR('',#6662,1.);
#6662 = DIRECTION('',(1.,0.,0.));
#6663 = CYLINDRICAL_SURFACE('',#6664,0.15);
#6664 = AXIS2_PLACEMENT_3D('',#6665,#6666,#6667);
#6665 = CARTESIAN_POINT('',(1.725,1.12,-2.959900934652));
#6666 = DIRECTION('',(-1.,-0.,-0.));
#6667 = DIRECTION('',(-0.,0.,1.));
#6668 = ADVANCED_FACE('',(#6669),#6703,.F.);
#6669 = FACE_BOUND('',#6670,.T.);
#6670 = EDGE_LOOP('',(#6671,#6681,#6689,#6695,#6696,#6697));
#6671 = ORIENTED_EDGE('',*,*,#6672,.F.);
#6672 = EDGE_CURVE('',#6673,#6675,#6677,.T.);
#6673 = VERTEX_POINT('',#6674);
#6674 = CARTESIAN_POINT('',(1.745820750401,0.55,-2.85));
#6675 = VERTEX_POINT('',#6676);
#6676 = CARTESIAN_POINT('',(1.4,0.55,-2.85));
#6677 = LINE('',#6678,#6679);
#6678 = CARTESIAN_POINT('',(1.725,0.55,-2.85));
#6679 = VECTOR('',#6680,1.);
#6680 = DIRECTION('',(-1.,0.,-0.));
#6681 = ORIENTED_EDGE('',*,*,#6682,.T.);
#6682 = EDGE_CURVE('',#6673,#6683,#6685,.T.);
#6683 = VERTEX_POINT('',#6684);
#6684 = CARTESIAN_POINT('',(1.75,0.979147436421,-2.819525418636));
#6685 = LINE('',#6686,#6687);
#6686 = CARTESIAN_POINT('',(1.745820750401,0.55,-2.85));
#6687 = VECTOR('',#6688,1.);
#6688 = DIRECTION('',(-3.009456497883E-15,0.997488149833,
    7.083354391148E-02));
#6689 = ORIENTED_EDGE('',*,*,#6690,.F.);
#6690 = EDGE_CURVE('',#4367,#6683,#6691,.T.);
#6691 = LINE('',#6692,#6693);
#6692 = CARTESIAN_POINT('',(1.725,0.979374968413,-2.819509261153));
#6693 = VECTOR('',#6694,1.);
#6694 = DIRECTION('',(1.,-0.,0.));
#6695 = ORIENTED_EDGE('',*,*,#4366,.T.);
#6696 = ORIENTED_EDGE('',*,*,#6658,.F.);
#6697 = ORIENTED_EDGE('',*,*,#6698,.F.);
#6698 = EDGE_CURVE('',#6675,#6650,#6699,.T.);
#6699 = LINE('',#6700,#6701);
#6700 = CARTESIAN_POINT('',(1.4,0.55,-2.85));
#6701 = VECTOR('',#6702,1.);
#6702 = DIRECTION('',(0.,0.997488149833,7.083354391148E-02));
#6703 = PLANE('',#6704);
#6704 = AXIS2_PLACEMENT_3D('',#6705,#6706,#6707);
#6705 = CARTESIAN_POINT('',(1.725,0.55,-2.85));
#6706 = DIRECTION('',(0.,7.083354391148E-02,-0.997488149833));
#6707 = DIRECTION('',(0.,0.997488149833,7.083354391148E-02));
#6708 = ADVANCED_FACE('',(#6709),#6737,.F.);
#6709 = FACE_BOUND('',#6710,.T.);
#6710 = EDGE_LOOP('',(#6711,#6720,#6729,#6735,#6736));
#6711 = ORIENTED_EDGE('',*,*,#6712,.T.);
#6712 = EDGE_CURVE('',#6683,#6713,#6715,.T.);
#6713 = VERTEX_POINT('',#6714);
#6714 = CARTESIAN_POINT('',(1.75,0.989772468007,-2.96914864111));
#6715 = B_SPLINE_CURVE_WITH_KNOTS('',3,(#6716,#6717,#6718,#6719),
  .UNSPECIFIED.,.F.,.F.,(4,4),(0.,1.),.PIECEWISE_BEZIER_KNOTS.);
#6716 = CARTESIAN_POINT('',(1.75,0.979147436421,-2.819525418636));
#6717 = CARTESIAN_POINT('',(1.75,0.982916645609,-2.869383668645));
#6718 = CARTESIAN_POINT('',(1.75,0.986458322804,-2.919258076136));
#6719 = CARTESIAN_POINT('',(1.75,0.989772468007,-2.96914864111));
#6720 = ORIENTED_EDGE('',*,*,#6721,.T.);
#6721 = EDGE_CURVE('',#6713,#6722,#6724,.T.);
#6722 = VERTEX_POINT('',#6723);
#6723 = CARTESIAN_POINT('',(1.733283001604,0.99,-2.969132483628));
#6724 = CIRCLE('',#6725,0.2);
#6725 = AXIS2_PLACEMENT_3D('',#6726,#6727,#6728);
#6726 = CARTESIAN_POINT('',(1.733283001604,0.975833291218,
    -2.769634853661));
#6727 = DIRECTION('',(0.,0.997488149833,7.083354391148E-02));
#6728 = DIRECTION('',(0.,7.083354391148E-02,-0.997488149833));
#6729 = ORIENTED_EDGE('',*,*,#6730,.F.);
#6730 = EDGE_CURVE('',#4375,#6722,#6731,.T.);
#6731 = LINE('',#6732,#6733);
#6732 = CARTESIAN_POINT('',(2.3,0.99,-2.969132483628));
#6733 = VECTOR('',#6734,1.);
#6734 = DIRECTION('',(1.,0.,0.));
#6735 = ORIENTED_EDGE('',*,*,#4374,.T.);
#6736 = ORIENTED_EDGE('',*,*,#6690,.T.);
#6737 = PLANE('',#6738);
#6738 = AXIS2_PLACEMENT_3D('',#6739,#6740,#6741);
#6739 = CARTESIAN_POINT('',(2.3,0.652117153364,1.788982343607));
#6740 = DIRECTION('',(0.,-0.997488149833,-7.083354391148E-02));
#6741 = DIRECTION('',(0.,7.083354391148E-02,-0.997488149833));
#6742 = ADVANCED_FACE('',(#6743),#6777,.F.);
#6743 = FACE_BOUND('',#6744,.T.);
#6744 = EDGE_LOOP('',(#6745,#6746,#6754,#6762,#6770,#6776));
#6745 = ORIENTED_EDGE('',*,*,#6730,.T.);
#6746 = ORIENTED_EDGE('',*,*,#6747,.T.);
#6747 = EDGE_CURVE('',#6722,#6748,#6750,.T.);
#6748 = VERTEX_POINT('',#6749);
#6749 = CARTESIAN_POINT('',(1.733283001604,0.560625031587,
    -2.999623222475));
#6750 = LINE('',#6751,#6752);
#6751 = CARTESIAN_POINT('',(1.733283001604,0.560625031587,
    -2.999623222475));
#6752 = VECTOR('',#6753,1.);
#6753 = DIRECTION('',(-6.26796631378E-15,-0.997488149833,
    -7.083354391148E-02));
#6754 = ORIENTED_EDGE('',*,*,#6755,.F.);
#6755 = EDGE_CURVE('',#6756,#6748,#6758,.T.);
#6756 = VERTEX_POINT('',#6757);
#6757 = CARTESIAN_POINT('',(1.4,0.560625031587,-2.999623222475));
#6758 = LINE('',#6759,#6760);
#6759 = CARTESIAN_POINT('',(1.725,0.560625031587,-2.999623222475));
#6760 = VECTOR('',#6761,1.);
#6761 = DIRECTION('',(1.,0.,0.));
#6762 = ORIENTED_EDGE('',*,*,#6763,.F.);
#6763 = EDGE_CURVE('',#6764,#6756,#6766,.T.);
#6764 = VERTEX_POINT('',#6765);
#6765 = CARTESIAN_POINT('',(1.4,1.12,-2.959900934652));
#6766 = LINE('',#6767,#6768);
#6767 = CARTESIAN_POINT('',(1.4,1.12,-2.959900934652));
#6768 = VECTOR('',#6769,1.);
#6769 = DIRECTION('',(0.,-0.997488149833,-7.083354391148E-02));
#6770 = ORIENTED_EDGE('',*,*,#6771,.T.);
#6771 = EDGE_CURVE('',#6764,#4383,#6772,.T.);
#6772 = LINE('',#6773,#6774);
#6773 = CARTESIAN_POINT('',(1.725,1.12,-2.959900934652));
#6774 = VECTOR('',#6775,1.);
#6775 = DIRECTION('',(1.,0.,0.));
#6776 = ORIENTED_EDGE('',*,*,#4382,.T.);
#6777 = PLANE('',#6778);
#6778 = AXIS2_PLACEMENT_3D('',#6779,#6780,#6781);
#6779 = CARTESIAN_POINT('',(1.725,1.12,-2.959900934652));
#6780 = DIRECTION('',(0.,-7.083354391148E-02,0.997488149833));
#6781 = DIRECTION('',(0.,-0.997488149833,-7.083354391148E-02));
#6782 = ADVANCED_FACE('',(#6783),#6800,.F.);
#6783 = FACE_BOUND('',#6784,.T.);
#6784 = EDGE_LOOP('',(#6785,#6786,#6792,#6793,#6799));
#6785 = ORIENTED_EDGE('',*,*,#4980,.F.);
#6786 = ORIENTED_EDGE('',*,*,#6787,.F.);
#6787 = EDGE_CURVE('',#2312,#4981,#6788,.T.);
#6788 = LINE('',#6789,#6790);
#6789 = CARTESIAN_POINT('',(2.9,1.64,-2.8));
#6790 = VECTOR('',#6791,1.);
#6791 = DIRECTION('',(-1.,-7.477256361969E-17,7.477256361969E-17));
#6792 = ORIENTED_EDGE('',*,*,#4497,.T.);
#6793 = ORIENTED_EDGE('',*,*,#6794,.F.);
#6794 = EDGE_CURVE('',#5006,#4490,#6795,.T.);
#6795 = LINE('',#6796,#6797);
#6796 = CARTESIAN_POINT('',(2.9,1.44,-3.));
#6797 = VECTOR('',#6798,1.);
#6798 = DIRECTION('',(1.,7.477256361969E-17,-7.477256361969E-17));
#6799 = ORIENTED_EDGE('',*,*,#5015,.F.);
#6800 = PLANE('',#6801);
#6801 = AXIS2_PLACEMENT_3D('',#6802,#6803,#6804);
#6802 = CARTESIAN_POINT('',(2.9,1.64,-2.8));
#6803 = DIRECTION('',(1.057443735644E-16,-0.707106781187,0.707106781187)
  );
#6804 = DIRECTION('',(-6.162975822039E-33,-0.707106781187,
    -0.707106781187));
#6805 = ADVANCED_FACE('',(#6806),#6812,.F.);
#6806 = FACE_BOUND('',#6807,.T.);
#6807 = EDGE_LOOP('',(#6808,#6809,#6810,#6811));
#6808 = ORIENTED_EDGE('',*,*,#6794,.T.);
#6809 = ORIENTED_EDGE('',*,*,#4489,.T.);
#6810 = ORIENTED_EDGE('',*,*,#4662,.F.);
#6811 = ORIENTED_EDGE('',*,*,#5005,.F.);
#6812 = PLANE('',#6813);
#6813 = AXIS2_PLACEMENT_3D('',#6814,#6815,#6816);
#6814 = CARTESIAN_POINT('',(-2.9,1.64,-3.));
#6815 = DIRECTION('',(1.495451272394E-16,-0.,1.));
#6816 = DIRECTION('',(1.,0.,-1.495451272394E-16));
#6817 = ADVANCED_FACE('',(#6818),#6824,.F.);
#6818 = FACE_BOUND('',#6819,.T.);
#6819 = EDGE_LOOP('',(#6820,#6821,#6822,#6823));
#6820 = ORIENTED_EDGE('',*,*,#4956,.F.);
#6821 = ORIENTED_EDGE('',*,*,#4511,.T.);
#6822 = ORIENTED_EDGE('',*,*,#6787,.T.);
#6823 = ORIENTED_EDGE('',*,*,#4991,.F.);
#6824 = PLANE('',#6825);
#6825 = AXIS2_PLACEMENT_3D('',#6826,#6827,#6828);
#6826 = CARTESIAN_POINT('',(2.9,1.64,-2.9));
#6827 = DIRECTION('',(0.,-1.,0.));
#6828 = DIRECTION('',(0.,-0.,-1.));
#6829 = ADVANCED_FACE('',(#6830),#6849,.T.);
#6830 = FACE_BOUND('',#6831,.T.);
#6831 = EDGE_LOOP('',(#6832,#6833,#6841,#6848));
#6832 = ORIENTED_EDGE('',*,*,#4636,.F.);
#6833 = ORIENTED_EDGE('',*,*,#6834,.T.);
#6834 = EDGE_CURVE('',#4629,#6835,#6837,.T.);
#6835 = VERTEX_POINT('',#6836);
#6836 = CARTESIAN_POINT('',(-1.4,1.109374968413,-2.810277712177));
#6837 = LINE('',#6838,#6839);
#6838 = CARTESIAN_POINT('',(1.725,1.109374968413,-2.810277712177));
#6839 = VECTOR('',#6840,1.);
#6840 = DIRECTION('',(1.,0.,0.));
#6841 = ORIENTED_EDGE('',*,*,#6842,.T.);
#6842 = EDGE_CURVE('',#6835,#6610,#6843,.T.);
#6843 = CIRCLE('',#6844,0.15);
#6844 = AXIS2_PLACEMENT_3D('',#6845,#6846,#6847);
#6845 = CARTESIAN_POINT('',(-1.4,1.12,-2.959900934652));
#6846 = DIRECTION('',(-1.,0.,-0.));
#6847 = DIRECTION('',(-0.,0.,1.));
#6848 = ORIENTED_EDGE('',*,*,#6609,.T.);
#6849 = CYLINDRICAL_SURFACE('',#6850,0.15);
#6850 = AXIS2_PLACEMENT_3D('',#6851,#6852,#6853);
#6851 = CARTESIAN_POINT('',(1.725,1.12,-2.959900934652));
#6852 = DIRECTION('',(-1.,-0.,-0.));
#6853 = DIRECTION('',(-0.,0.,1.));
#6854 = ADVANCED_FACE('',(#6855),#6889,.F.);
#6855 = FACE_BOUND('',#6856,.T.);
#6856 = EDGE_LOOP('',(#6857,#6865,#6873,#6881,#6887,#6888));
#6857 = ORIENTED_EDGE('',*,*,#6858,.F.);
#6858 = EDGE_CURVE('',#6859,#4621,#6861,.T.);
#6859 = VERTEX_POINT('',#6860);
#6860 = CARTESIAN_POINT('',(-1.75,0.979147436421,-2.819525418636));
#6861 = LINE('',#6862,#6863);
#6862 = CARTESIAN_POINT('',(1.725,0.979374968413,-2.819509261153));
#6863 = VECTOR('',#6864,1.);
#6864 = DIRECTION('',(1.,-0.,0.));
#6865 = ORIENTED_EDGE('',*,*,#6866,.T.);
#6866 = EDGE_CURVE('',#6859,#6867,#6869,.T.);
#6867 = VERTEX_POINT('',#6868);
#6868 = CARTESIAN_POINT('',(-1.745820750401,0.55,-2.85));
#6869 = LINE('',#6870,#6871);
#6870 = CARTESIAN_POINT('',(-1.745820750401,0.55,-2.85));
#6871 = VECTOR('',#6872,1.);
#6872 = DIRECTION('',(-3.009456497883E-15,-0.997488149833,
    -7.083354391148E-02));
#6873 = ORIENTED_EDGE('',*,*,#6874,.F.);
#6874 = EDGE_CURVE('',#6875,#6867,#6877,.T.);
#6875 = VERTEX_POINT('',#6876);
#6876 = CARTESIAN_POINT('',(-1.4,0.55,-2.85));
#6877 = LINE('',#6878,#6879);
#6878 = CARTESIAN_POINT('',(1.725,0.55,-2.85));
#6879 = VECTOR('',#6880,1.);
#6880 = DIRECTION('',(-1.,0.,-0.));
#6881 = ORIENTED_EDGE('',*,*,#6882,.F.);
#6882 = EDGE_CURVE('',#6835,#6875,#6883,.T.);
#6883 = LINE('',#6884,#6885);
#6884 = CARTESIAN_POINT('',(-1.4,0.55,-2.85));
#6885 = VECTOR('',#6886,1.);
#6886 = DIRECTION('',(-0.,-0.997488149833,-7.083354391148E-02));
#6887 = ORIENTED_EDGE('',*,*,#6834,.F.);
#6888 = ORIENTED_EDGE('',*,*,#4628,.F.);
#6889 = PLANE('',#6890);
#6890 = AXIS2_PLACEMENT_3D('',#6891,#6892,#6893);
#6891 = CARTESIAN_POINT('',(1.725,0.55,-2.85));
#6892 = DIRECTION('',(0.,7.083354391148E-02,-0.997488149833));
#6893 = DIRECTION('',(0.,0.997488149833,7.083354391148E-02));
#6894 = ADVANCED_FACE('',(#6895),#6923,.F.);
#6895 = FACE_BOUND('',#6896,.T.);
#6896 = EDGE_LOOP('',(#6897,#6905,#6914,#6921,#6922));
#6897 = ORIENTED_EDGE('',*,*,#6898,.F.);
#6898 = EDGE_CURVE('',#6899,#4613,#6901,.T.);
#6899 = VERTEX_POINT('',#6900);
#6900 = CARTESIAN_POINT('',(-1.733283001604,0.99,-2.969132483628));
#6901 = LINE('',#6902,#6903);
#6902 = CARTESIAN_POINT('',(2.3,0.99,-2.969132483628));
#6903 = VECTOR('',#6904,1.);
#6904 = DIRECTION('',(1.,0.,0.));
#6905 = ORIENTED_EDGE('',*,*,#6906,.T.);
#6906 = EDGE_CURVE('',#6899,#6907,#6909,.T.);
#6907 = VERTEX_POINT('',#6908);
#6908 = CARTESIAN_POINT('',(-1.75,0.989772468007,-2.96914864111));
#6909 = CIRCLE('',#6910,0.2);
#6910 = AXIS2_PLACEMENT_3D('',#6911,#6912,#6913);
#6911 = CARTESIAN_POINT('',(-1.733283001604,0.975833291218,
    -2.769634853661));
#6912 = DIRECTION('',(0.,0.997488149833,7.083354391148E-02));
#6913 = DIRECTION('',(0.,7.083354391148E-02,-0.997488149833));
#6914 = ORIENTED_EDGE('',*,*,#6915,.T.);
#6915 = EDGE_CURVE('',#6907,#6859,#6916,.T.);
#6916 = B_SPLINE_CURVE_WITH_KNOTS('',3,(#6917,#6918,#6919,#6920),
  .UNSPECIFIED.,.F.,.F.,(4,4),(0.,1.),.PIECEWISE_BEZIER_KNOTS.);
#6917 = CARTESIAN_POINT('',(-1.75,0.989772468007,-2.96914864111));
#6918 = CARTESIAN_POINT('',(-1.75,0.986458322804,-2.919258076136));
#6919 = CARTESIAN_POINT('',(-1.75,0.982916645609,-2.869383668645));
#6920 = CARTESIAN_POINT('',(-1.75,0.979147436421,-2.819525418636));
#6921 = ORIENTED_EDGE('',*,*,#6858,.T.);
#6922 = ORIENTED_EDGE('',*,*,#4620,.F.);
#6923 = PLANE('',#6924);
#6924 = AXIS2_PLACEMENT_3D('',#6925,#6926,#6927);
#6925 = CARTESIAN_POINT('',(2.3,0.652117153364,1.788982343607));
#6926 = DIRECTION('',(0.,-0.997488149833,-7.083354391148E-02));
#6927 = DIRECTION('',(0.,7.083354391148E-02,-0.997488149833));
#6928 = ADVANCED_FACE('',(#6929),#6963,.F.);
#6929 = FACE_BOUND('',#6930,.T.);
#6930 = EDGE_LOOP('',(#6931,#6941,#6947,#6948,#6949,#6957));
#6931 = ORIENTED_EDGE('',*,*,#6932,.F.);
#6932 = EDGE_CURVE('',#6933,#6935,#6937,.T.);
#6933 = VERTEX_POINT('',#6934);
#6934 = CARTESIAN_POINT('',(-1.733283001604,0.560625031587,
    -2.999623222475));
#6935 = VERTEX_POINT('',#6936);
#6936 = CARTESIAN_POINT('',(-1.4,0.560625031587,-2.999623222475));
#6937 = LINE('',#6938,#6939);
#6938 = CARTESIAN_POINT('',(1.725,0.560625031587,-2.999623222475));
#6939 = VECTOR('',#6940,1.);
#6940 = DIRECTION('',(1.,0.,0.));
#6941 = ORIENTED_EDGE('',*,*,#6942,.T.);
#6942 = EDGE_CURVE('',#6933,#6899,#6943,.T.);
#6943 = LINE('',#6944,#6945);
#6944 = CARTESIAN_POINT('',(-1.733283001604,0.99,-2.969132483628));
#6945 = VECTOR('',#6946,1.);
#6946 = DIRECTION('',(-6.35156232761E-15,0.997488149833,
    7.083354391148E-02));
#6947 = ORIENTED_EDGE('',*,*,#6898,.T.);
#6948 = ORIENTED_EDGE('',*,*,#4612,.F.);
#6949 = ORIENTED_EDGE('',*,*,#6950,.T.);
#6950 = EDGE_CURVE('',#4605,#6951,#6953,.T.);
#6951 = VERTEX_POINT('',#6952);
#6952 = CARTESIAN_POINT('',(-1.4,1.12,-2.959900934652));
#6953 = LINE('',#6954,#6955);
#6954 = CARTESIAN_POINT('',(1.725,1.12,-2.959900934652));
#6955 = VECTOR('',#6956,1.);
#6956 = DIRECTION('',(1.,0.,0.));
#6957 = ORIENTED_EDGE('',*,*,#6958,.F.);
#6958 = EDGE_CURVE('',#6935,#6951,#6959,.T.);
#6959 = LINE('',#6960,#6961);
#6960 = CARTESIAN_POINT('',(-1.4,1.12,-2.959900934652));
#6961 = VECTOR('',#6962,1.);
#6962 = DIRECTION('',(-0.,0.997488149833,7.083354391148E-02));
#6963 = PLANE('',#6964);
#6964 = AXIS2_PLACEMENT_3D('',#6965,#6966,#6967);
#6965 = CARTESIAN_POINT('',(1.725,1.12,-2.959900934652));
#6966 = DIRECTION('',(0.,-7.083354391148E-02,0.997488149833));
#6967 = DIRECTION('',(0.,-0.997488149833,-7.083354391148E-02));
#6968 = ADVANCED_FACE('',(#6969),#6980,.F.);
#6969 = FACE_BOUND('',#6970,.T.);
#6970 = EDGE_LOOP('',(#6971,#6972,#6973,#6974));
#6971 = ORIENTED_EDGE('',*,*,#5030,.T.);
#6972 = ORIENTED_EDGE('',*,*,#4688,.T.);
#6973 = ORIENTED_EDGE('',*,*,#4728,.F.);
#6974 = ORIENTED_EDGE('',*,*,#6975,.F.);
#6975 = EDGE_CURVE('',#5031,#4721,#6976,.T.);
#6976 = LINE('',#6977,#6978);
#6977 = CARTESIAN_POINT('',(-3.3,0.766162350741,-1.75));
#6978 = VECTOR('',#6979,1.);
#6979 = DIRECTION('',(-0.985615113142,-0.169005469575,-0.));
#6980 = PLANE('',#6981);
#6981 = AXIS2_PLACEMENT_3D('',#6982,#6983,#6984);
#6982 = CARTESIAN_POINT('',(-3.3,0.766162350741,-2.4));
#6983 = DIRECTION('',(0.169005469575,-0.985615113142,0.));
#6984 = DIRECTION('',(0.985615113142,0.169005469575,0.));
#6985 = ADVANCED_FACE('',(#6986),#6997,.F.);
#6986 = FACE_BOUND('',#6987,.T.);
#6987 = EDGE_LOOP('',(#6988,#6989,#6990,#6996));
#6988 = ORIENTED_EDGE('',*,*,#6975,.T.);
#6989 = ORIENTED_EDGE('',*,*,#4720,.F.);
#6990 = ORIENTED_EDGE('',*,*,#6991,.F.);
#6991 = EDGE_CURVE('',#5039,#4713,#6992,.T.);
#6992 = LINE('',#6993,#6994);
#6993 = CARTESIAN_POINT('',(-3.035474657216,0.406882998366,-1.75));
#6994 = VECTOR('',#6995,1.);
#6995 = DIRECTION('',(-0.985615113142,-0.169005469575,0.));
#6996 = ORIENTED_EDGE('',*,*,#5038,.T.);
#6997 = PLANE('',#6998);
#6998 = AXIS2_PLACEMENT_3D('',#6999,#7000,#7001);
#6999 = CARTESIAN_POINT('',(-3.350901508547,1.06301248365,-1.75));
#7000 = DIRECTION('',(0.,0.,-1.));
#7001 = DIRECTION('',(-1.,0.,-0.));
#7002 = ADVANCED_FACE('',(#7003),#7009,.F.);
#7003 = FACE_BOUND('',#7004,.T.);
#7004 = EDGE_LOOP('',(#7005,#7006,#7007,#7008));
#7005 = ORIENTED_EDGE('',*,*,#6991,.T.);
#7006 = ORIENTED_EDGE('',*,*,#4710,.F.);
#7007 = ORIENTED_EDGE('',*,*,#4761,.F.);
#7008 = ORIENTED_EDGE('',*,*,#5046,.T.);
#7009 = PLANE('',#7010);
#7010 = AXIS2_PLACEMENT_3D('',#7011,#7012,#7013);
#7011 = CARTESIAN_POINT('',(-3.232597679845,0.373081904451,-1.75));
#7012 = DIRECTION('',(0.169005469575,-0.985615113142,-2.891205793295E-15
    ));
#7013 = DIRECTION('',(0.985615113142,0.169005469575,-1.972152263053E-31)
  );
#7014 = ADVANCED_FACE('',(#7015),#7050,.F.);
#7015 = FACE_BOUND('',#7016,.T.);
#7016 = EDGE_LOOP('',(#7017,#7027,#7033,#7034,#7035,#7044));
#7017 = ORIENTED_EDGE('',*,*,#7018,.F.);
#7018 = EDGE_CURVE('',#7019,#7021,#7023,.T.);
#7019 = VERTEX_POINT('',#7020);
#7020 = CARTESIAN_POINT('',(-3.10160430071,1.3,1.2));
#7021 = VERTEX_POINT('',#7022);
#7022 = CARTESIAN_POINT('',(-3.25,1.321879589401,1.2));
#7023 = LINE('',#7024,#7025);
#7024 = CARTESIAN_POINT('',(-3.10160430071,1.3,1.2));
#7025 = VECTOR('',#7026,1.);
#7026 = DIRECTION('',(-0.989304661931,0.145863929338,-0.));
#7027 = ORIENTED_EDGE('',*,*,#7028,.F.);
#7028 = EDGE_CURVE('',#4795,#7019,#7029,.T.);
#7029 = LINE('',#7030,#7031);
#7030 = CARTESIAN_POINT('',(-3.062593455611,1.564586392934,
    1.467446827166));
#7031 = VECTOR('',#7032,1.);
#7032 = DIRECTION('',(-0.103141373566,-0.699544035111,-0.707106781187));
#7033 = ORIENTED_EDGE('',*,*,#4802,.T.);
#7034 = ORIENTED_EDGE('',*,*,#5284,.F.);
#7035 = ORIENTED_EDGE('',*,*,#7036,.F.);
#7036 = EDGE_CURVE('',#7037,#5276,#7039,.T.);
#7037 = VERTEX_POINT('',#7038);
#7038 = CARTESIAN_POINT('',(-3.2109891549,1.586465982335,1.467446827166)
  );
#7039 = ( BOUNDED_CURVE() B_SPLINE_CURVE(3,(#7040,#7041,#7042,#7043),
.UNSPECIFIED.,.F.,.F.) B_SPLINE_CURVE_WITH_KNOTS((4,4),(4.712388980385,
4.84297247479),.PIECEWISE_BEZIER_KNOTS.) CURVE() 
GEOMETRIC_REPRESENTATION_ITEM() RATIONAL_B_SPLINE_CURVE((1.,
0.998579500657,0.998579500657,1.)) REPRESENTATION_ITEM('') );
#7040 = CARTESIAN_POINT('',(-3.2109891549,1.586465982335,1.467446827166)
  );
#7041 = CARTESIAN_POINT('',(-3.209400740955,1.597239210016,
    1.478336523835));
#7042 = CARTESIAN_POINT('',(-3.207112808325,1.607885846002,
    1.489203017293));
#7043 = CARTESIAN_POINT('',(-3.204135107032,1.618360519674,1.5));
#7044 = ORIENTED_EDGE('',*,*,#7045,.F.);
#7045 = EDGE_CURVE('',#7021,#7037,#7046,.T.);
#7046 = LINE('',#7047,#7048);
#7047 = CARTESIAN_POINT('',(-3.25,1.321879589401,1.2));
#7048 = VECTOR('',#7049,1.);
#7049 = DIRECTION('',(0.103141373566,0.699544035111,0.707106781187));
#7050 = PLANE('',#7051);
#7051 = AXIS2_PLACEMENT_3D('',#7052,#7053,#7054);
#7052 = CARTESIAN_POINT('',(-2.575937217861,1.525738483164,1.5));
#7053 = DIRECTION('',(0.103141373566,0.699544035111,-0.707106781187));
#7054 = DIRECTION('',(2.775557561563E-17,0.710898209975,0.703294913286)
  );
#7055 = ADVANCED_FACE('',(#7056),#7074,.T.);
#7056 = FACE_BOUND('',#7057,.T.);
#7057 = EDGE_LOOP('',(#7058,#7059,#7060,#7068));
#7058 = ORIENTED_EDGE('',*,*,#4794,.T.);
#7059 = ORIENTED_EDGE('',*,*,#7028,.T.);
#7060 = ORIENTED_EDGE('',*,*,#7061,.T.);
#7061 = EDGE_CURVE('',#7019,#7062,#7064,.T.);
#7062 = VERTEX_POINT('',#7063);
#7063 = CARTESIAN_POINT('',(-3.10160430071,1.3,-1.2));
#7064 = LINE('',#7065,#7066);
#7065 = CARTESIAN_POINT('',(-3.10160430071,1.3,-2.076184765183));
#7066 = VECTOR('',#7067,1.);
#7067 = DIRECTION('',(0.,-0.,-1.));
#7068 = ORIENTED_EDGE('',*,*,#7069,.T.);
#7069 = EDGE_CURVE('',#7062,#4786,#7070,.T.);
#7070 = LINE('',#7071,#7072);
#7071 = CARTESIAN_POINT('',(-3.10160430071,1.3,-1.2));
#7072 = VECTOR('',#7073,1.);
#7073 = DIRECTION('',(0.103141373566,0.699544035111,-0.707106781187));
#7074 = PLANE('',#7075);
#7075 = AXIS2_PLACEMENT_3D('',#7076,#7077,#7078);
#7076 = CARTESIAN_POINT('',(-3.062593455611,1.564586392934,
    -2.076184765183));
#7077 = DIRECTION('',(0.989304661931,-0.145863929338,0.));
#7078 = DIRECTION('',(0.145863929338,0.989304661931,0.));
#7079 = ADVANCED_FACE('',(#7080),#7108,.F.);
#7080 = FACE_BOUND('',#7081,.T.);
#7081 = EDGE_LOOP('',(#7082,#7083,#7084,#7085,#7093,#7101));
#7082 = ORIENTED_EDGE('',*,*,#4826,.F.);
#7083 = ORIENTED_EDGE('',*,*,#4785,.T.);
#7084 = ORIENTED_EDGE('',*,*,#7069,.F.);
#7085 = ORIENTED_EDGE('',*,*,#7086,.F.);
#7086 = EDGE_CURVE('',#7087,#7062,#7089,.T.);
#7087 = VERTEX_POINT('',#7088);
#7088 = CARTESIAN_POINT('',(-3.25,1.321879589401,-1.2));
#7089 = LINE('',#7090,#7091);
#7090 = CARTESIAN_POINT('',(-3.25,1.321879589401,-1.2));
#7091 = VECTOR('',#7092,1.);
#7092 = DIRECTION('',(0.989304661931,-0.145863929338,-7.228014483237E-15
    ));
#7093 = ORIENTED_EDGE('',*,*,#7094,.F.);
#7094 = EDGE_CURVE('',#7095,#7087,#7097,.T.);
#7095 = VERTEX_POINT('',#7096);
#7096 = CARTESIAN_POINT('',(-3.2109891549,1.586465982335,-1.467446827166
    ));
#7097 = LINE('',#7098,#7099);
#7098 = CARTESIAN_POINT('',(-3.2109891549,1.586465982335,-1.467446827166
    ));
#7099 = VECTOR('',#7100,1.);
#7100 = DIRECTION('',(-0.103141373566,-0.699544035111,0.707106781187));
#7101 = ORIENTED_EDGE('',*,*,#7102,.F.);
#7102 = EDGE_CURVE('',#4827,#7095,#7103,.T.);
#7103 = ( BOUNDED_CURVE() B_SPLINE_CURVE(3,(#7104,#7105,#7106,#7107),
.UNSPECIFIED.,.F.,.F.) B_SPLINE_CURVE_WITH_KNOTS((4,4),(4.581805485979,
4.712388980385),.PIECEWISE_BEZIER_KNOTS.) CURVE() 
GEOMETRIC_REPRESENTATION_ITEM() RATIONAL_B_SPLINE_CURVE((1.,
0.998579500657,0.998579500657,1.)) REPRESENTATION_ITEM('') );
#7104 = CARTESIAN_POINT('',(-3.204135107032,1.618360519674,-1.5));
#7105 = CARTESIAN_POINT('',(-3.207112808325,1.607885846002,
    -1.489203017293));
#7106 = CARTESIAN_POINT('',(-3.209400740955,1.597239210016,
    -1.478336523835));
#7107 = CARTESIAN_POINT('',(-3.2109891549,1.586465982335,-1.467446827166
    ));
#7108 = PLANE('',#7109);
#7109 = AXIS2_PLACEMENT_3D('',#7110,#7111,#7112);
#7110 = CARTESIAN_POINT('',(-3.10160430071,1.3,-1.2));
#7111 = DIRECTION('',(0.103141373566,0.699544035111,0.707106781187));
#7112 = DIRECTION('',(-6.938893903907E-18,-0.710898209975,0.703294913286
    ));
#7113 = ADVANCED_FACE('',(#7114),#7125,.F.);
#7114 = FACE_BOUND('',#7115,.T.);
#7115 = EDGE_LOOP('',(#7116,#7117,#7123,#7124));
#7116 = ORIENTED_EDGE('',*,*,#4884,.T.);
#7117 = ORIENTED_EDGE('',*,*,#7118,.F.);
#7118 = EDGE_CURVE('',#4931,#4877,#7119,.T.);
#7119 = LINE('',#7120,#7121);
#7120 = CARTESIAN_POINT('',(-3.1,1.8,2.8));
#7121 = VECTOR('',#7122,1.);
#7122 = DIRECTION('',(0.,-0.,1.));
#7123 = ORIENTED_EDGE('',*,*,#4930,.T.);
#7124 = ORIENTED_EDGE('',*,*,#4908,.T.);
#7125 = PLANE('',#7126);
#7126 = AXIS2_PLACEMENT_3D('',#7127,#7128,#7129);
#7127 = CARTESIAN_POINT('',(-3.1,1.8,-2.5));
#7128 = DIRECTION('',(1.,0.,-2.891205793295E-15));
#7129 = DIRECTION('',(-2.891205793295E-15,0.,-1.));
#7130 = ADVANCED_FACE('',(#7131),#7142,.F.);
#7131 = FACE_BOUND('',#7132,.T.);
#7132 = EDGE_LOOP('',(#7133,#7134,#7140,#7141));
#7133 = ORIENTED_EDGE('',*,*,#5181,.T.);
#7134 = ORIENTED_EDGE('',*,*,#7135,.F.);
#7135 = EDGE_CURVE('',#5228,#5174,#7136,.T.);
#7136 = LINE('',#7137,#7138);
#7137 = CARTESIAN_POINT('',(-3.1,1.8,2.8));
#7138 = VECTOR('',#7139,1.);
#7139 = DIRECTION('',(0.,-0.,1.));
#7140 = ORIENTED_EDGE('',*,*,#5227,.T.);
#7141 = ORIENTED_EDGE('',*,*,#5205,.T.);
#7142 = PLANE('',#7143);
#7143 = AXIS2_PLACEMENT_3D('',#7144,#7145,#7146);
#7144 = CARTESIAN_POINT('',(-3.1,1.8,1.9));
#7145 = DIRECTION('',(1.,-0.,0.));
#7146 = DIRECTION('',(0.,0.,-1.));
#7147 = ADVANCED_FACE('',(#7148),#7154,.T.);
#7148 = FACE_BOUND('',#7149,.T.);
#7149 = EDGE_LOOP('',(#7150,#7151,#7152,#7153));
#7150 = ORIENTED_EDGE('',*,*,#5364,.T.);
#7151 = ORIENTED_EDGE('',*,*,#5381,.T.);
#7152 = ORIENTED_EDGE('',*,*,#5308,.F.);
#7153 = ORIENTED_EDGE('',*,*,#5339,.F.);
#7154 = PLANE('',#7155);
#7155 = AXIS2_PLACEMENT_3D('',#7156,#7157,#7158);
#7156 = CARTESIAN_POINT('',(3.512456704643,0.4,1.05));
#7157 = DIRECTION('',(0.,-1.,2.67071722341E-17));
#7158 = DIRECTION('',(0.,-2.67071722341E-17,-1.));
#7159 = ADVANCED_FACE('',(#7160),#7166,.T.);
#7160 = FACE_BOUND('',#7161,.T.);
#7161 = EDGE_LOOP('',(#7162,#7163,#7164,#7165));
#7162 = ORIENTED_EDGE('',*,*,#5460,.T.);
#7163 = ORIENTED_EDGE('',*,*,#5477,.T.);
#7164 = ORIENTED_EDGE('',*,*,#5404,.F.);
#7165 = ORIENTED_EDGE('',*,*,#5435,.F.);
#7166 = PLANE('',#7167);
#7167 = AXIS2_PLACEMENT_3D('',#7168,#7169,#7170);
#7168 = CARTESIAN_POINT('',(3.512456704643,0.4,1.05));
#7169 = DIRECTION('',(0.,-1.,2.67071722341E-17));
#7170 = DIRECTION('',(0.,-2.67071722341E-17,-1.));
#7171 = ADVANCED_FACE('',(#7172),#7178,.T.);
#7172 = FACE_BOUND('',#7173,.T.);
#7173 = EDGE_LOOP('',(#7174,#7175,#7176,#7177));
#7174 = ORIENTED_EDGE('',*,*,#5532,.F.);
#7175 = ORIENTED_EDGE('',*,*,#5547,.T.);
#7176 = ORIENTED_EDGE('',*,*,#5571,.T.);
#7177 = ORIENTED_EDGE('',*,*,#5501,.F.);
#7178 = PLANE('',#7179);
#7179 = AXIS2_PLACEMENT_3D('',#7180,#7181,#7182);
#7180 = CARTESIAN_POINT('',(-1.85,0.4,-2.8));
#7181 = DIRECTION('',(0.,-1.,2.67071722341E-17));
#7182 = DIRECTION('',(0.,-2.67071722341E-17,-1.));
#7183 = ADVANCED_FACE('',(#7184),#7190,.T.);
#7184 = FACE_BOUND('',#7185,.T.);
#7185 = EDGE_LOOP('',(#7186,#7187,#7188,#7189));
#7186 = ORIENTED_EDGE('',*,*,#5597,.F.);
#7187 = ORIENTED_EDGE('',*,*,#5619,.T.);
#7188 = ORIENTED_EDGE('',*,*,#5643,.T.);
#7189 = ORIENTED_EDGE('',*,*,#5667,.T.);
#7190 = PLANE('',#7191);
#7191 = AXIS2_PLACEMENT_3D('',#7192,#7193,#7194);
#7192 = CARTESIAN_POINT('',(-1.85,0.4,-2.8));
#7193 = DIRECTION('',(0.,-1.,2.67071722341E-17));
#7194 = DIRECTION('',(0.,-2.67071722341E-17,-1.));
#7195 = ADVANCED_FACE('',(#7196),#7202,.T.);
#7196 = FACE_BOUND('',#7197,.T.);
#7197 = EDGE_LOOP('',(#7198,#7199,#7200,#7201));
#7198 = ORIENTED_EDGE('',*,*,#5693,.F.);
#7199 = ORIENTED_EDGE('',*,*,#5715,.T.);
#7200 = ORIENTED_EDGE('',*,*,#5739,.T.);
#7201 = ORIENTED_EDGE('',*,*,#5765,.F.);
#7202 = PLANE('',#7203);
#7203 = AXIS2_PLACEMENT_3D('',#7204,#7205,#7206);
#7204 = CARTESIAN_POINT('',(-1.85,0.4,-2.8));
#7205 = DIRECTION('',(0.,-1.,2.67071722341E-17));
#7206 = DIRECTION('',(0.,-2.67071722341E-17,-1.));
#7207 = ADVANCED_FACE('',(#7208),#7214,.T.);
#7208 = FACE_BOUND('',#7209,.T.);
#7209 = EDGE_LOOP('',(#7210,#7211,#7212,#7213));
#7210 = ORIENTED_EDGE('',*,*,#5835,.T.);
#7211 = ORIENTED_EDGE('',*,*,#5859,.T.);
#7212 = ORIENTED_EDGE('',*,*,#5780,.T.);
#7213 = ORIENTED_EDGE('',*,*,#5820,.F.);
#7214 = PLANE('',#7215);
#7215 = AXIS2_PLACEMENT_3D('',#7216,#7217,#7218);
#7216 = CARTESIAN_POINT('',(-1.85,0.4,-2.8));
#7217 = DIRECTION('',(0.,-1.,2.67071722341E-17));
#7218 = DIRECTION('',(0.,-2.67071722341E-17,-1.));
#7219 = ADVANCED_FACE('',(#7220),#7224,.F.);
#7220 = FACE_BOUND('',#7221,.T.);
#7221 = EDGE_LOOP('',(#7222,#7223));
#7222 = ORIENTED_EDGE('',*,*,#5878,.T.);
#7223 = ORIENTED_EDGE('',*,*,#1044,.T.);
#7224 = PLANE('',#7225);
#7225 = AXIS2_PLACEMENT_3D('',#7226,#7227,#7228);
#7226 = CARTESIAN_POINT('',(1.65,0.24,-2.207193531638));
#7227 = DIRECTION('',(8.21365282186E-18,1.,-0.));
#7228 = DIRECTION('',(-1.,8.21365282186E-18,0.));
#7229 = ADVANCED_FACE('',(#7230),#7263,.T.);
#7230 = FACE_BOUND('',#7231,.T.);
#7231 = EDGE_LOOP('',(#7232,#7240,#7248,#7254,#7255,#7261,#7262));
#7232 = ORIENTED_EDGE('',*,*,#7233,.T.);
#7233 = EDGE_CURVE('',#6080,#7234,#7236,.T.);
#7234 = VERTEX_POINT('',#7235);
#7235 = CARTESIAN_POINT('',(-1.4,1.19,2.808570668676));
#7236 = LINE('',#7237,#7238);
#7237 = CARTESIAN_POINT('',(-1.4,1.551862865526,2.80182848014));
#7238 = VECTOR('',#7239,1.);
#7239 = DIRECTION('',(-0.,0.999826471545,-1.862865526314E-02));
#7240 = ORIENTED_EDGE('',*,*,#7241,.F.);
#7241 = EDGE_CURVE('',#7242,#7234,#7244,.T.);
#7242 = VERTEX_POINT('',#7243);
#7243 = CARTESIAN_POINT('',(-1.4,1.19,2.958596702462));
#7244 = LINE('',#7245,#7246);
#7245 = CARTESIAN_POINT('',(-1.4,1.19,-2.999623222475));
#7246 = VECTOR('',#7247,1.);
#7247 = DIRECTION('',(0.,-0.,-1.));
#7248 = ORIENTED_EDGE('',*,*,#7249,.T.);
#7249 = EDGE_CURVE('',#7242,#5982,#7250,.T.);
#7250 = LINE('',#7251,#7252);
#7251 = CARTESIAN_POINT('',(-1.4,1.8,2.947231250522));
#7252 = VECTOR('',#7253,1.);
#7253 = DIRECTION('',(-0.,-0.999826471545,1.862865526314E-02));
#7254 = ORIENTED_EDGE('',*,*,#5981,.T.);
#7255 = ORIENTED_EDGE('',*,*,#7256,.T.);
#7256 = EDGE_CURVE('',#5974,#6041,#7257,.T.);
#7257 = LINE('',#7258,#7259);
#7258 = CARTESIAN_POINT('',(-1.4,0.560625031587,2.999623222475));
#7259 = VECTOR('',#7260,1.);
#7260 = DIRECTION('',(0.,-7.083354391148E-02,-0.997488149833));
#7261 = ORIENTED_EDGE('',*,*,#6064,.T.);
#7262 = ORIENTED_EDGE('',*,*,#6087,.F.);
#7263 = PLANE('',#7264);
#7264 = AXIS2_PLACEMENT_3D('',#7265,#7266,#7267);
#7265 = CARTESIAN_POINT('',(-1.4,0.55,-2.999623222475));
#7266 = DIRECTION('',(1.,-0.,0.));
#7267 = DIRECTION('',(0.,0.,-1.));
#7268 = ADVANCED_FACE('',(#7269),#7314,.F.);
#7269 = FACE_BOUND('',#7270,.T.);
#7270 = EDGE_LOOP('',(#7271,#7272,#7281,#7289,#7297,#7305,#7312,#7313));
#7271 = ORIENTED_EDGE('',*,*,#5973,.T.);
#7272 = ORIENTED_EDGE('',*,*,#7273,.T.);
#7273 = EDGE_CURVE('',#5966,#7274,#7276,.T.);
#7274 = VERTEX_POINT('',#7275);
#7275 = CARTESIAN_POINT('',(-1.766485034027,0.56042845493,2.996855001727
    ));
#7276 = CIRCLE('',#7277,0.2);
#7277 = AXIS2_PLACEMENT_3D('',#7278,#7279,#7280);
#7278 = CARTESIAN_POINT('',(-1.733283001604,0.546458322804,
    2.800125592508));
#7279 = DIRECTION('',(0.,-0.997488149833,7.083354391148E-02));
#7280 = DIRECTION('',(0.,7.083354391148E-02,0.997488149833));
#7281 = ORIENTED_EDGE('',*,*,#7282,.T.);
#7282 = EDGE_CURVE('',#7274,#7283,#7285,.T.);
#7283 = VERTEX_POINT('',#7284);
#7284 = CARTESIAN_POINT('',(-2.201387595807,0.555242436412,
    2.923824743313));
#7285 = LINE('',#7286,#7287);
#7286 = CARTESIAN_POINT('',(-1.75,0.560625031587,2.999623222475));
#7287 = VECTOR('',#7288,1.);
#7288 = DIRECTION('',(-0.986124041932,-1.175908810768E-02,
    -0.165593169458));
#7289 = ORIENTED_EDGE('',*,*,#7290,.T.);
#7290 = EDGE_CURVE('',#7283,#7291,#7293,.T.);
#7291 = VERTEX_POINT('',#7292);
#7292 = CARTESIAN_POINT('',(-2.176831603997,0.544910224044,
    2.778325043174));
#7293 = LINE('',#7294,#7295);
#7294 = CARTESIAN_POINT('',(-2.176831603997,0.544910224044,
    2.778325043174));
#7295 = VECTOR('',#7296,1.);
#7296 = DIRECTION('',(0.166010162112,-6.985066062633E-02,-0.983647046092
    ));
#7297 = ORIENTED_EDGE('',*,*,#7298,.T.);
#7298 = EDGE_CURVE('',#7291,#7299,#7301,.T.);
#7299 = VERTEX_POINT('',#7300);
#7300 = CARTESIAN_POINT('',(-1.754121258507,0.549950855836,
    2.849307944813));
#7301 = LINE('',#7302,#7303);
#7302 = CARTESIAN_POINT('',(-1.75,0.55,2.85));
#7303 = VECTOR('',#7304,1.);
#7304 = DIRECTION('',(0.986124041932,1.175908810768E-02,0.165593169458)
  );
#7305 = ORIENTED_EDGE('',*,*,#7306,.T.);
#7306 = EDGE_CURVE('',#7299,#6039,#7307,.T.);
#7307 = CIRCLE('',#7308,5.E-02);
#7308 = AXIS2_PLACEMENT_3D('',#7309,#7310,#7311);
#7309 = CARTESIAN_POINT('',(-1.745820750401,0.546458322804,
    2.800125592508));
#7310 = DIRECTION('',(0.,0.997488149833,-7.083354391148E-02));
#7311 = DIRECTION('',(0.,7.083354391148E-02,0.997488149833));
#7312 = ORIENTED_EDGE('',*,*,#6038,.T.);
#7313 = ORIENTED_EDGE('',*,*,#7256,.F.);
#7314 = PLANE('',#7315);
#7315 = AXIS2_PLACEMENT_3D('',#7316,#7317,#7318);
#7316 = CARTESIAN_POINT('',(1.725,0.560625031587,2.999623222475));
#7317 = DIRECTION('',(0.,0.997488149833,-7.083354391148E-02));
#7318 = DIRECTION('',(0.,7.083354391148E-02,0.997488149833));
#7319 = ADVANCED_FACE('',(#7320),#7353,.T.);
#7320 = FACE_BOUND('',#7321,.T.);
#7321 = EDGE_LOOP('',(#7322,#7328,#7329,#7337,#7345,#7351,#7352));
#7322 = ORIENTED_EDGE('',*,*,#7323,.T.);
#7323 = EDGE_CURVE('',#6271,#6183,#7324,.T.);
#7324 = LINE('',#7325,#7326);
#7325 = CARTESIAN_POINT('',(1.4,0.55,2.85));
#7326 = VECTOR('',#7327,1.);
#7327 = DIRECTION('',(0.,7.083354391148E-02,0.997488149833));
#7328 = ORIENTED_EDGE('',*,*,#6213,.T.);
#7329 = ORIENTED_EDGE('',*,*,#7330,.T.);
#7330 = EDGE_CURVE('',#6206,#7331,#7333,.T.);
#7331 = VERTEX_POINT('',#7332);
#7332 = CARTESIAN_POINT('',(1.4,1.19,2.958596702462));
#7333 = LINE('',#7334,#7335);
#7334 = CARTESIAN_POINT('',(1.4,1.8,2.947231250522));
#7335 = VECTOR('',#7336,1.);
#7336 = DIRECTION('',(0.,0.999826471545,-1.862865526314E-02));
#7337 = ORIENTED_EDGE('',*,*,#7338,.F.);
#7338 = EDGE_CURVE('',#7339,#7331,#7341,.T.);
#7339 = VERTEX_POINT('',#7340);
#7340 = CARTESIAN_POINT('',(1.4,1.19,2.808570668676));
#7341 = LINE('',#7342,#7343);
#7342 = CARTESIAN_POINT('',(1.4,1.19,-2.999623222475));
#7343 = VECTOR('',#7344,1.);
#7344 = DIRECTION('',(-0.,0.,1.));
#7345 = ORIENTED_EDGE('',*,*,#7346,.T.);
#7346 = EDGE_CURVE('',#7339,#6304,#7347,.T.);
#7347 = LINE('',#7348,#7349);
#7348 = CARTESIAN_POINT('',(1.4,1.551862865526,2.80182848014));
#7349 = VECTOR('',#7350,1.);
#7350 = DIRECTION('',(0.,-0.999826471545,1.862865526314E-02));
#7351 = ORIENTED_EDGE('',*,*,#6303,.F.);
#7352 = ORIENTED_EDGE('',*,*,#6278,.T.);
#7353 = PLANE('',#7354);
#7354 = AXIS2_PLACEMENT_3D('',#7355,#7356,#7357);
#7355 = CARTESIAN_POINT('',(1.4,0.55,-2.999623222475));
#7356 = DIRECTION('',(-1.,0.,0.));
#7357 = DIRECTION('',(0.,0.,1.));
#7358 = ADVANCED_FACE('',(#7359),#7404,.F.);
#7359 = FACE_BOUND('',#7360,.T.);
#7360 = EDGE_LOOP('',(#7361,#7371,#7378,#7379,#7380,#7381,#7390,#7398));
#7361 = ORIENTED_EDGE('',*,*,#7362,.T.);
#7362 = EDGE_CURVE('',#7363,#7365,#7367,.T.);
#7363 = VERTEX_POINT('',#7364);
#7364 = CARTESIAN_POINT('',(2.201387595807,0.555242436412,2.923824743313
    ));
#7365 = VERTEX_POINT('',#7366);
#7366 = CARTESIAN_POINT('',(1.766485034027,0.56042845493,2.996855001727)
  );
#7367 = LINE('',#7368,#7369);
#7368 = CARTESIAN_POINT('',(1.75,0.560625031587,2.999623222475));
#7369 = VECTOR('',#7370,1.);
#7370 = DIRECTION('',(-0.986124041932,1.175908810768E-02,0.165593169458)
  );
#7371 = ORIENTED_EDGE('',*,*,#7372,.T.);
#7372 = EDGE_CURVE('',#7365,#6181,#7373,.T.);
#7373 = CIRCLE('',#7374,0.2);
#7374 = AXIS2_PLACEMENT_3D('',#7375,#7376,#7377);
#7375 = CARTESIAN_POINT('',(1.733283001604,0.546458322804,2.800125592508
    ));
#7376 = DIRECTION('',(0.,-0.997488149833,7.083354391148E-02));
#7377 = DIRECTION('',(0.,7.083354391148E-02,0.997488149833));
#7378 = ORIENTED_EDGE('',*,*,#6180,.T.);
#7379 = ORIENTED_EDGE('',*,*,#7323,.F.);
#7380 = ORIENTED_EDGE('',*,*,#6270,.T.);
#7381 = ORIENTED_EDGE('',*,*,#7382,.T.);
#7382 = EDGE_CURVE('',#6263,#7383,#7385,.T.);
#7383 = VERTEX_POINT('',#7384);
#7384 = CARTESIAN_POINT('',(1.754121258507,0.549950855836,2.849307944813
    ));
#7385 = CIRCLE('',#7386,5.E-02);
#7386 = AXIS2_PLACEMENT_3D('',#7387,#7388,#7389);
#7387 = CARTESIAN_POINT('',(1.745820750401,0.546458322804,2.800125592508
    ));
#7388 = DIRECTION('',(0.,0.997488149833,-7.083354391148E-02));
#7389 = DIRECTION('',(0.,7.083354391148E-02,0.997488149833));
#7390 = ORIENTED_EDGE('',*,*,#7391,.T.);
#7391 = EDGE_CURVE('',#7383,#7392,#7394,.T.);
#7392 = VERTEX_POINT('',#7393);
#7393 = CARTESIAN_POINT('',(2.176831603997,0.544910224044,2.778325043174
    ));
#7394 = LINE('',#7395,#7396);
#7395 = CARTESIAN_POINT('',(1.75,0.55,2.85));
#7396 = VECTOR('',#7397,1.);
#7397 = DIRECTION('',(0.986124041932,-1.175908810768E-02,-0.165593169458
    ));
#7398 = ORIENTED_EDGE('',*,*,#7399,.T.);
#7399 = EDGE_CURVE('',#7392,#7363,#7400,.T.);
#7400 = LINE('',#7401,#7402);
#7401 = CARTESIAN_POINT('',(2.201387595807,0.555242436412,2.923824743313
    ));
#7402 = VECTOR('',#7403,1.);
#7403 = DIRECTION('',(0.166010162112,6.985066062633E-02,0.983647046092)
  );
#7404 = PLANE('',#7405);
#7405 = AXIS2_PLACEMENT_3D('',#7406,#7407,#7408);
#7406 = CARTESIAN_POINT('',(1.725,0.560625031587,2.999623222475));
#7407 = DIRECTION('',(0.,0.997488149833,-7.083354391148E-02));
#7408 = DIRECTION('',(0.,7.083354391148E-02,0.997488149833));
#7409 = ADVANCED_FACE('',(#7410),#7421,.T.);
#7410 = FACE_BOUND('',#7411,.T.);
#7411 = EDGE_LOOP('',(#7412,#7413,#7414,#7420));
#7412 = ORIENTED_EDGE('',*,*,#6415,.F.);
#7413 = ORIENTED_EDGE('',*,*,#6390,.T.);
#7414 = ORIENTED_EDGE('',*,*,#7415,.T.);
#7415 = EDGE_CURVE('',#6383,#6438,#7416,.T.);
#7416 = LINE('',#7417,#7418);
#7417 = CARTESIAN_POINT('',(3.25,1.321879589401,-2.076184765183));
#7418 = VECTOR('',#7419,1.);
#7419 = DIRECTION('',(-0.,0.,1.));
#7420 = ORIENTED_EDGE('',*,*,#6437,.T.);
#7421 = PLANE('',#7422);
#7422 = AXIS2_PLACEMENT_3D('',#7423,#7424,#7425);
#7423 = CARTESIAN_POINT('',(3.10160430071,1.3,-2.076184765183));
#7424 = DIRECTION('',(0.145863929338,-0.989304661931,0.));
#7425 = DIRECTION('',(0.989304661931,0.145863929338,0.));
#7426 = ADVANCED_FACE('',(#7427),#7453,.T.);
#7427 = FACE_BOUND('',#7428,.T.);
#7428 = EDGE_LOOP('',(#7429,#7430,#7431,#7432,#7440,#7446,#7447));
#7429 = ORIENTED_EDGE('',*,*,#6698,.T.);
#7430 = ORIENTED_EDGE('',*,*,#6649,.F.);
#7431 = ORIENTED_EDGE('',*,*,#6633,.T.);
#7432 = ORIENTED_EDGE('',*,*,#7433,.T.);
#7433 = EDGE_CURVE('',#6626,#7434,#7436,.T.);
#7434 = VERTEX_POINT('',#7435);
#7435 = CARTESIAN_POINT('',(1.4,1.19,-2.958596702462));
#7436 = LINE('',#7437,#7438);
#7437 = CARTESIAN_POINT('',(1.4,1.19,-2.999623222475));
#7438 = VECTOR('',#7439,1.);
#7439 = DIRECTION('',(-0.,-0.,-1.));
#7440 = ORIENTED_EDGE('',*,*,#7441,.T.);
#7441 = EDGE_CURVE('',#7434,#6764,#7442,.T.);
#7442 = LINE('',#7443,#7444);
#7443 = CARTESIAN_POINT('',(1.4,1.8,-2.947231250522));
#7444 = VECTOR('',#7445,1.);
#7445 = DIRECTION('',(0.,-0.999826471545,-1.862865526314E-02));
#7446 = ORIENTED_EDGE('',*,*,#6763,.T.);
#7447 = ORIENTED_EDGE('',*,*,#7448,.T.);
#7448 = EDGE_CURVE('',#6756,#6675,#7449,.T.);
#7449 = LINE('',#7450,#7451);
#7450 = CARTESIAN_POINT('',(1.4,0.560625031587,-2.999623222475));
#7451 = VECTOR('',#7452,1.);
#7452 = DIRECTION('',(0.,-7.083354391071E-02,0.997488149833));
#7453 = PLANE('',#7454);
#7454 = AXIS2_PLACEMENT_3D('',#7455,#7456,#7457);
#7455 = CARTESIAN_POINT('',(1.4,0.55,-2.999623222475));
#7456 = DIRECTION('',(-1.,0.,0.));
#7457 = DIRECTION('',(0.,0.,1.));
#7458 = ADVANCED_FACE('',(#7459),#7485,.T.);
#7459 = FACE_BOUND('',#7460,.T.);
#7460 = EDGE_LOOP('',(#7461,#7469,#7475,#7476,#7477,#7478,#7484));
#7461 = ORIENTED_EDGE('',*,*,#7462,.T.);
#7462 = EDGE_CURVE('',#6951,#7463,#7465,.T.);
#7463 = VERTEX_POINT('',#7464);
#7464 = CARTESIAN_POINT('',(-1.4,1.19,-2.958596702462));
#7465 = LINE('',#7466,#7467);
#7466 = CARTESIAN_POINT('',(-1.4,1.8,-2.947231250522));
#7467 = VECTOR('',#7468,1.);
#7468 = DIRECTION('',(-0.,0.999826471545,1.862865526314E-02));
#7469 = ORIENTED_EDGE('',*,*,#7470,.T.);
#7470 = EDGE_CURVE('',#7463,#6618,#7471,.T.);
#7471 = LINE('',#7472,#7473);
#7472 = CARTESIAN_POINT('',(-1.4,1.19,-2.999623222475));
#7473 = VECTOR('',#7474,1.);
#7474 = DIRECTION('',(-0.,-0.,1.));
#7475 = ORIENTED_EDGE('',*,*,#6617,.T.);
#7476 = ORIENTED_EDGE('',*,*,#6842,.F.);
#7477 = ORIENTED_EDGE('',*,*,#6882,.T.);
#7478 = ORIENTED_EDGE('',*,*,#7479,.T.);
#7479 = EDGE_CURVE('',#6875,#6935,#7480,.T.);
#7480 = LINE('',#7481,#7482);
#7481 = CARTESIAN_POINT('',(-1.4,0.55,-2.85));
#7482 = VECTOR('',#7483,1.);
#7483 = DIRECTION('',(0.,7.083354391071E-02,-0.997488149833));
#7484 = ORIENTED_EDGE('',*,*,#6958,.T.);
#7485 = PLANE('',#7486);
#7486 = AXIS2_PLACEMENT_3D('',#7487,#7488,#7489);
#7487 = CARTESIAN_POINT('',(-1.4,0.55,-2.999623222475));
#7488 = DIRECTION('',(1.,-0.,0.));
#7489 = DIRECTION('',(0.,0.,-1.));
#7490 = ADVANCED_FACE('',(#7491),#7502,.T.);
#7491 = FACE_BOUND('',#7492,.T.);
#7492 = EDGE_LOOP('',(#7493,#7499,#7500,#7501));
#7493 = ORIENTED_EDGE('',*,*,#7494,.T.);
#7494 = EDGE_CURVE('',#7463,#7434,#7495,.T.);
#7495 = LINE('',#7496,#7497);
#7496 = CARTESIAN_POINT('',(1.4,1.19,-2.958596702462));
#7497 = VECTOR('',#7498,1.);
#7498 = DIRECTION('',(1.,0.,0.));
#7499 = ORIENTED_EDGE('',*,*,#7433,.F.);
#7500 = ORIENTED_EDGE('',*,*,#6625,.T.);
#7501 = ORIENTED_EDGE('',*,*,#7470,.F.);
#7502 = PLANE('',#7503);
#7503 = AXIS2_PLACEMENT_3D('',#7504,#7505,#7506);
#7504 = CARTESIAN_POINT('',(1.4,1.19,-2.999623222475));
#7505 = DIRECTION('',(0.,-1.,0.));
#7506 = DIRECTION('',(0.,-0.,-1.));
#7507 = ADVANCED_FACE('',(#7508),#7553,.F.);
#7508 = FACE_BOUND('',#7509,.T.);
#7509 = EDGE_LOOP('',(#7510,#7511,#7520,#7528,#7536,#7544,#7551,#7552));
#7510 = ORIENTED_EDGE('',*,*,#6755,.T.);
#7511 = ORIENTED_EDGE('',*,*,#7512,.T.);
#7512 = EDGE_CURVE('',#6748,#7513,#7515,.T.);
#7513 = VERTEX_POINT('',#7514);
#7514 = CARTESIAN_POINT('',(1.766485034027,0.56042845493,-2.996855001727
    ));
#7515 = CIRCLE('',#7516,0.2);
#7516 = AXIS2_PLACEMENT_3D('',#7517,#7518,#7519);
#7517 = CARTESIAN_POINT('',(1.733283001604,0.546458322804,
    -2.800125592508));
#7518 = DIRECTION('',(0.,-0.997488149833,-7.083354391148E-02));
#7519 = DIRECTION('',(7.589415207399E-15,-7.083354391148E-02,
    0.997488149833));
#7520 = ORIENTED_EDGE('',*,*,#7521,.T.);
#7521 = EDGE_CURVE('',#7513,#7522,#7524,.T.);
#7522 = VERTEX_POINT('',#7523);
#7523 = CARTESIAN_POINT('',(2.201387595807,0.555242436412,
    -2.923824743313));
#7524 = LINE('',#7525,#7526);
#7525 = CARTESIAN_POINT('',(1.75,0.560625031587,-2.999623222475));
#7526 = VECTOR('',#7527,1.);
#7527 = DIRECTION('',(0.986124041932,-1.175908810768E-02,0.165593169458)
  );
#7528 = ORIENTED_EDGE('',*,*,#7529,.T.);
#7529 = EDGE_CURVE('',#7522,#7530,#7532,.T.);
#7530 = VERTEX_POINT('',#7531);
#7531 = CARTESIAN_POINT('',(2.176831603997,0.544910224044,
    -2.778325043174));
#7532 = LINE('',#7533,#7534);
#7533 = CARTESIAN_POINT('',(2.176831603997,0.544910224044,
    -2.778325043174));
#7534 = VECTOR('',#7535,1.);
#7535 = DIRECTION('',(-0.166010162112,-6.985066062633E-02,0.983647046092
    ));
#7536 = ORIENTED_EDGE('',*,*,#7537,.T.);
#7537 = EDGE_CURVE('',#7530,#7538,#7540,.T.);
#7538 = VERTEX_POINT('',#7539);
#7539 = CARTESIAN_POINT('',(1.754121258507,0.549950855836,
    -2.849307944813));
#7540 = LINE('',#7541,#7542);
#7541 = CARTESIAN_POINT('',(1.75,0.55,-2.85));
#7542 = VECTOR('',#7543,1.);
#7543 = DIRECTION('',(-0.986124041932,1.175908810768E-02,-0.165593169458
    ));
#7544 = ORIENTED_EDGE('',*,*,#7545,.T.);
#7545 = EDGE_CURVE('',#7538,#6673,#7546,.T.);
#7546 = CIRCLE('',#7547,5.E-02);
#7547 = AXIS2_PLACEMENT_3D('',#7548,#7549,#7550);
#7548 = CARTESIAN_POINT('',(1.745820750401,0.546458322804,
    -2.800125592508));
#7549 = DIRECTION('',(-0.,0.997488149833,7.083354391148E-02));
#7550 = DIRECTION('',(0.,-7.083354391148E-02,0.997488149833));
#7551 = ORIENTED_EDGE('',*,*,#6672,.T.);
#7552 = ORIENTED_EDGE('',*,*,#7448,.F.);
#7553 = PLANE('',#7554);
#7554 = AXIS2_PLACEMENT_3D('',#7555,#7556,#7557);
#7555 = CARTESIAN_POINT('',(1.725,0.560625031587,-2.999623222475));
#7556 = DIRECTION('',(-0.,0.997488149833,7.083354391148E-02));
#7557 = DIRECTION('',(0.,-7.083354391148E-02,0.997488149833));
#7558 = ADVANCED_FACE('',(#7559),#7604,.F.);
#7559 = FACE_BOUND('',#7560,.T.);
#7560 = EDGE_LOOP('',(#7561,#7571,#7578,#7579,#7580,#7581,#7590,#7598));
#7561 = ORIENTED_EDGE('',*,*,#7562,.T.);
#7562 = EDGE_CURVE('',#7563,#7565,#7567,.T.);
#7563 = VERTEX_POINT('',#7564);
#7564 = CARTESIAN_POINT('',(-2.201387595807,0.555242436412,
    -2.923824743313));
#7565 = VERTEX_POINT('',#7566);
#7566 = CARTESIAN_POINT('',(-1.766485034027,0.56042845493,
    -2.996855001727));
#7567 = LINE('',#7568,#7569);
#7568 = CARTESIAN_POINT('',(-1.75,0.560625031587,-2.999623222475));
#7569 = VECTOR('',#7570,1.);
#7570 = DIRECTION('',(0.986124041932,1.175908810768E-02,-0.165593169458)
  );
#7571 = ORIENTED_EDGE('',*,*,#7572,.T.);
#7572 = EDGE_CURVE('',#7565,#6933,#7573,.T.);
#7573 = CIRCLE('',#7574,0.2);
#7574 = AXIS2_PLACEMENT_3D('',#7575,#7576,#7577);
#7575 = CARTESIAN_POINT('',(-1.733283001604,0.546458322804,
    -2.800125592508));
#7576 = DIRECTION('',(-9.860761315263E-32,-0.997488149833,
    -7.083354391148E-02));
#7577 = DIRECTION('',(8.673617379884E-15,-7.083354391148E-02,
    0.997488149833));
#7578 = ORIENTED_EDGE('',*,*,#6932,.T.);
#7579 = ORIENTED_EDGE('',*,*,#7479,.F.);
#7580 = ORIENTED_EDGE('',*,*,#6874,.T.);
#7581 = ORIENTED_EDGE('',*,*,#7582,.T.);
#7582 = EDGE_CURVE('',#6867,#7583,#7585,.T.);
#7583 = VERTEX_POINT('',#7584);
#7584 = CARTESIAN_POINT('',(-1.754121258507,0.549950855836,
    -2.849307944813));
#7585 = CIRCLE('',#7586,5.E-02);
#7586 = AXIS2_PLACEMENT_3D('',#7587,#7588,#7589);
#7587 = CARTESIAN_POINT('',(-1.745820750401,0.546458322804,
    -2.800125592508));
#7588 = DIRECTION('',(-0.,0.997488149833,7.083354391148E-02));
#7589 = DIRECTION('',(0.,-7.083354391148E-02,0.997488149833));
#7590 = ORIENTED_EDGE('',*,*,#7591,.T.);
#7591 = EDGE_CURVE('',#7583,#7592,#7594,.T.);
#7592 = VERTEX_POINT('',#7593);
#7593 = CARTESIAN_POINT('',(-2.176831603997,0.544910224044,
    -2.778325043174));
#7594 = LINE('',#7595,#7596);
#7595 = CARTESIAN_POINT('',(-1.75,0.55,-2.85));
#7596 = VECTOR('',#7597,1.);
#7597 = DIRECTION('',(-0.986124041932,-1.175908810768E-02,0.165593169458
    ));
#7598 = ORIENTED_EDGE('',*,*,#7599,.T.);
#7599 = EDGE_CURVE('',#7592,#7563,#7600,.T.);
#7600 = LINE('',#7601,#7602);
#7601 = CARTESIAN_POINT('',(-2.201387595807,0.555242436412,
    -2.923824743313));
#7602 = VECTOR('',#7603,1.);
#7603 = DIRECTION('',(-0.166010162112,6.985066062633E-02,-0.983647046092
    ));
#7604 = PLANE('',#7605);
#7605 = AXIS2_PLACEMENT_3D('',#7606,#7607,#7608);
#7606 = CARTESIAN_POINT('',(1.725,0.560625031587,-2.999623222475));
#7607 = DIRECTION('',(-0.,0.997488149833,7.083354391148E-02));
#7608 = DIRECTION('',(0.,-7.083354391148E-02,0.997488149833));
#7609 = ADVANCED_FACE('',(#7610),#7621,.T.);
#7610 = FACE_BOUND('',#7611,.T.);
#7611 = EDGE_LOOP('',(#7612,#7613,#7614,#7620));
#7612 = ORIENTED_EDGE('',*,*,#7061,.F.);
#7613 = ORIENTED_EDGE('',*,*,#7018,.T.);
#7614 = ORIENTED_EDGE('',*,*,#7615,.T.);
#7615 = EDGE_CURVE('',#7021,#7087,#7616,.T.);
#7616 = LINE('',#7617,#7618);
#7617 = CARTESIAN_POINT('',(-3.25,1.321879589401,-2.076184765183));
#7618 = VECTOR('',#7619,1.);
#7619 = DIRECTION('',(-0.,-0.,-1.));
#7620 = ORIENTED_EDGE('',*,*,#7086,.T.);
#7621 = PLANE('',#7622);
#7622 = AXIS2_PLACEMENT_3D('',#7623,#7624,#7625);
#7623 = CARTESIAN_POINT('',(-3.10160430071,1.3,-2.076184765183));
#7624 = DIRECTION('',(-0.145863929338,-0.989304661931,0.));
#7625 = DIRECTION('',(0.989304661931,-0.145863929338,0.));
#7626 = ADVANCED_FACE('',(#7627),#7638,.T.);
#7627 = FACE_BOUND('',#7628,.T.);
#7628 = EDGE_LOOP('',(#7629,#7630,#7631,#7637));
#7629 = ORIENTED_EDGE('',*,*,#7415,.F.);
#7630 = ORIENTED_EDGE('',*,*,#6382,.T.);
#7631 = ORIENTED_EDGE('',*,*,#7632,.T.);
#7632 = EDGE_CURVE('',#6374,#6446,#7633,.T.);
#7633 = LINE('',#7634,#7635);
#7634 = CARTESIAN_POINT('',(3.2109891549,1.586465982335,-2.076184765183)
  );
#7635 = VECTOR('',#7636,1.);
#7636 = DIRECTION('',(0.,0.,1.));
#7637 = ORIENTED_EDGE('',*,*,#6445,.T.);
#7638 = PLANE('',#7639);
#7639 = AXIS2_PLACEMENT_3D('',#7640,#7641,#7642);
#7640 = CARTESIAN_POINT('',(3.25,1.321879589401,-2.076184765183));
#7641 = DIRECTION('',(0.989304661931,0.145863929338,-0.));
#7642 = DIRECTION('',(-0.145863929338,0.989304661931,0.));
#7643 = ADVANCED_FACE('',(#7644),#7659,.F.);
#7644 = FACE_BOUND('',#7645,.T.);
#7645 = EDGE_LOOP('',(#7646,#7647,#7648,#7649,#7650,#7656,#7657,#7658));
#7646 = ORIENTED_EDGE('',*,*,#7494,.F.);
#7647 = ORIENTED_EDGE('',*,*,#7462,.F.);
#7648 = ORIENTED_EDGE('',*,*,#6950,.F.);
#7649 = ORIENTED_EDGE('',*,*,#4604,.F.);
#7650 = ORIENTED_EDGE('',*,*,#7651,.F.);
#7651 = EDGE_CURVE('',#4391,#4596,#7652,.T.);
#7652 = LINE('',#7653,#7654);
#7653 = CARTESIAN_POINT('',(1.725,1.554657163816,-2.951802450872));
#7654 = VECTOR('',#7655,1.);
#7655 = DIRECTION('',(-1.,-0.,-0.));
#7656 = ORIENTED_EDGE('',*,*,#4390,.F.);
#7657 = ORIENTED_EDGE('',*,*,#6771,.F.);
#7658 = ORIENTED_EDGE('',*,*,#7441,.F.);
#7659 = PLANE('',#7660);
#7660 = AXIS2_PLACEMENT_3D('',#7661,#7662,#7663);
#7661 = CARTESIAN_POINT('',(1.725,1.8,-2.947231250522));
#7662 = DIRECTION('',(0.,-1.862865526314E-02,0.999826471545));
#7663 = DIRECTION('',(0.,-0.999826471545,-1.862865526314E-02));
#7664 = ADVANCED_FACE('',(#7665),#7676,.T.);
#7665 = FACE_BOUND('',#7666,.T.);
#7666 = EDGE_LOOP('',(#7667,#7668,#7669,#7675));
#7667 = ORIENTED_EDGE('',*,*,#7615,.F.);
#7668 = ORIENTED_EDGE('',*,*,#7045,.T.);
#7669 = ORIENTED_EDGE('',*,*,#7670,.T.);
#7670 = EDGE_CURVE('',#7037,#7095,#7671,.T.);
#7671 = LINE('',#7672,#7673);
#7672 = CARTESIAN_POINT('',(-3.2109891549,1.586465982335,-2.076184765183
    ));
#7673 = VECTOR('',#7674,1.);
#7674 = DIRECTION('',(-0.,-0.,-1.));
#7675 = ORIENTED_EDGE('',*,*,#7094,.T.);
#7676 = PLANE('',#7677);
#7677 = AXIS2_PLACEMENT_3D('',#7678,#7679,#7680);
#7678 = CARTESIAN_POINT('',(-3.25,1.321879589401,-2.076184765183));
#7679 = DIRECTION('',(-0.989304661931,0.145863929338,0.));
#7680 = DIRECTION('',(-0.145863929338,-0.989304661931,0.));
#7681 = ADVANCED_FACE('',(#7682),#7697,.T.);
#7682 = FACE_BOUND('',#7683,.T.);
#7683 = EDGE_LOOP('',(#7684,#7690,#7691,#7692,#7693,#7694,#7695,#7696));
#7684 = ORIENTED_EDGE('',*,*,#7685,.T.);
#7685 = EDGE_CURVE('',#4234,#3704,#7686,.T.);
#7686 = LINE('',#7687,#7688);
#7687 = CARTESIAN_POINT('',(2.963662989418,1.8,-1.826752213202));
#7688 = VECTOR('',#7689,1.);
#7689 = DIRECTION('',(0.,0.,1.));
#7690 = ORIENTED_EDGE('',*,*,#3712,.T.);
#7691 = ORIENTED_EDGE('',*,*,#3686,.T.);
#7692 = ORIENTED_EDGE('',*,*,#6453,.T.);
#7693 = ORIENTED_EDGE('',*,*,#7632,.F.);
#7694 = ORIENTED_EDGE('',*,*,#6373,.T.);
#7695 = ORIENTED_EDGE('',*,*,#4257,.T.);
#7696 = ORIENTED_EDGE('',*,*,#4233,.T.);
#7697 = CYLINDRICAL_SURFACE('',#7698,0.25);
#7698 = AXIS2_PLACEMENT_3D('',#7699,#7700,#7701);
#7699 = CARTESIAN_POINT('',(2.963662989418,1.55,-1.826752213202));
#7700 = DIRECTION('',(0.,0.,1.));
#7701 = DIRECTION('',(1.,0.,-0.));
#7702 = ADVANCED_FACE('',(#7703),#7716,.T.);
#7703 = FACE_BOUND('',#7704,.T.);
#7704 = EDGE_LOOP('',(#7705,#7706,#7712,#7713,#7714,#7715));
#7705 = ORIENTED_EDGE('',*,*,#4561,.T.);
#7706 = ORIENTED_EDGE('',*,*,#7707,.T.);
#7707 = EDGE_CURVE('',#4562,#4415,#7708,.T.);
#7708 = LINE('',#7709,#7710);
#7709 = CARTESIAN_POINT('',(2.075244797381,1.8,-2.701845832985));
#7710 = VECTOR('',#7711,1.);
#7711 = DIRECTION('',(1.,0.,0.));
#7712 = ORIENTED_EDGE('',*,*,#4414,.T.);
#7713 = ORIENTED_EDGE('',*,*,#4398,.T.);
#7714 = ORIENTED_EDGE('',*,*,#7651,.T.);
#7715 = ORIENTED_EDGE('',*,*,#4595,.T.);
#7716 = CYLINDRICAL_SURFACE('',#7717,0.25);
#7717 = AXIS2_PLACEMENT_3D('',#7718,#7719,#7720);
#7718 = CARTESIAN_POINT('',(2.075244797381,1.55,-2.701845832985));
#7719 = DIRECTION('',(-1.,-0.,-0.));
#7720 = DIRECTION('',(-0.,0.,1.));
#7721 = ADVANCED_FACE('',(#7722),#7737,.T.);
#7722 = FACE_BOUND('',#7723,.T.);
#7723 = EDGE_LOOP('',(#7724,#7730,#7731,#7732,#7733,#7734,#7735,#7736));
#7724 = ORIENTED_EDGE('',*,*,#7725,.T.);
#7725 = EDGE_CURVE('',#5252,#4852,#7726,.T.);
#7726 = LINE('',#7727,#7728);
#7727 = CARTESIAN_POINT('',(-2.963662989418,1.8,-1.826752213202));
#7728 = VECTOR('',#7729,1.);
#7729 = DIRECTION('',(-0.,-0.,-1.));
#7730 = ORIENTED_EDGE('',*,*,#4860,.T.);
#7731 = ORIENTED_EDGE('',*,*,#4834,.T.);
#7732 = ORIENTED_EDGE('',*,*,#7102,.T.);
#7733 = ORIENTED_EDGE('',*,*,#7670,.F.);
#7734 = ORIENTED_EDGE('',*,*,#7036,.T.);
#7735 = ORIENTED_EDGE('',*,*,#5275,.T.);
#7736 = ORIENTED_EDGE('',*,*,#5259,.T.);
#7737 = CYLINDRICAL_SURFACE('',#7738,0.25);
#7738 = AXIS2_PLACEMENT_3D('',#7739,#7740,#7741);
#7739 = CARTESIAN_POINT('',(-2.963662989418,1.55,-1.826752213202));
#7740 = DIRECTION('',(0.,0.,1.));
#7741 = DIRECTION('',(1.,0.,-0.));
#7742 = ADVANCED_FACE('',(#7743,#7786),#7796,.T.);
#7743 = FACE_BOUND('',#7744,.T.);
#7744 = EDGE_LOOP('',(#7745,#7746,#7747,#7748,#7749,#7755,#7756,#7757,
    #7758,#7759,#7760,#7761,#7762,#7763,#7764,#7765,#7766,#7767,#7768,
    #7769,#7770,#7771,#7772,#7773,#7774,#7775,#7776,#7777,#7778,#7779,
    #7780,#7781,#7782,#7783,#7784,#7785));
#7745 = ORIENTED_EDGE('',*,*,#5173,.T.);
#7746 = ORIENTED_EDGE('',*,*,#2646,.T.);
#7747 = ORIENTED_EDGE('',*,*,#1634,.T.);
#7748 = ORIENTED_EDGE('',*,*,#3166,.T.);
#7749 = ORIENTED_EDGE('',*,*,#7750,.T.);
#7750 = EDGE_CURVE('',#3158,#3406,#7751,.T.);
#7751 = LINE('',#7752,#7753);
#7752 = CARTESIAN_POINT('',(-3.1,1.8,2.701845832985));
#7753 = VECTOR('',#7754,1.);
#7754 = DIRECTION('',(1.,0.,-0.));
#7755 = ORIENTED_EDGE('',*,*,#3405,.T.);
#7756 = ORIENTED_EDGE('',*,*,#1783,.T.);
#7757 = ORIENTED_EDGE('',*,*,#1953,.T.);
#7758 = ORIENTED_EDGE('',*,*,#3790,.T.);
#7759 = ORIENTED_EDGE('',*,*,#6472,.T.);
#7760 = ORIENTED_EDGE('',*,*,#3728,.T.);
#7761 = ORIENTED_EDGE('',*,*,#1921,.T.);
#7762 = ORIENTED_EDGE('',*,*,#3703,.T.);
#7763 = ORIENTED_EDGE('',*,*,#7685,.F.);
#7764 = ORIENTED_EDGE('',*,*,#4243,.T.);
#7765 = ORIENTED_EDGE('',*,*,#2134,.T.);
#7766 = ORIENTED_EDGE('',*,*,#4217,.T.);
#7767 = ORIENTED_EDGE('',*,*,#6582,.T.);
#7768 = ORIENTED_EDGE('',*,*,#4155,.T.);
#7769 = ORIENTED_EDGE('',*,*,#2102,.T.);
#7770 = ORIENTED_EDGE('',*,*,#2272,.T.);
#7771 = ORIENTED_EDGE('',*,*,#4423,.T.);
#7772 = ORIENTED_EDGE('',*,*,#7707,.F.);
#7773 = ORIENTED_EDGE('',*,*,#4571,.T.);
#7774 = ORIENTED_EDGE('',*,*,#2343,.T.);
#7775 = ORIENTED_EDGE('',*,*,#2513,.T.);
#7776 = ORIENTED_EDGE('',*,*,#4938,.T.);
#7777 = ORIENTED_EDGE('',*,*,#7118,.T.);
#7778 = ORIENTED_EDGE('',*,*,#4876,.T.);
#7779 = ORIENTED_EDGE('',*,*,#2481,.T.);
#7780 = ORIENTED_EDGE('',*,*,#4851,.T.);
#7781 = ORIENTED_EDGE('',*,*,#7725,.F.);
#7782 = ORIENTED_EDGE('',*,*,#5251,.T.);
#7783 = ORIENTED_EDGE('',*,*,#2678,.T.);
#7784 = ORIENTED_EDGE('',*,*,#5235,.T.);
#7785 = ORIENTED_EDGE('',*,*,#7135,.T.);
#7786 = FACE_BOUND('',#7787,.T.);
#7787 = EDGE_LOOP('',(#7788,#7789));
#7788 = ORIENTED_EDGE('',*,*,#1069,.T.);
#7789 = ORIENTED_EDGE('',*,*,#7790,.T.);
#7790 = EDGE_CURVE('',#1070,#1062,#7791,.T.);
#7791 = CIRCLE('',#7792,1.9);
#7792 = AXIS2_PLACEMENT_3D('',#7793,#7794,#7795);
#7793 = CARTESIAN_POINT('',(-9.905539167793E-18,1.8,0.));
#7794 = DIRECTION('',(0.,-1.,0.));
#7795 = DIRECTION('',(0.,0.,1.));
#7796 = PLANE('',#7797);
#7797 = AXIS2_PLACEMENT_3D('',#7798,#7799,#7800);
#7798 = CARTESIAN_POINT('',(-3.1,1.8,2.8));
#7799 = DIRECTION('',(0.,1.,0.));
#7800 = DIRECTION('',(0.,-0.,1.));
#7801 = ADVANCED_FACE('',(#7802),#7815,.T.);
#7802 = FACE_BOUND('',#7803,.T.);
#7803 = EDGE_LOOP('',(#7804,#7805,#7811,#7812,#7813,#7814));
#7804 = ORIENTED_EDGE('',*,*,#3093,.T.);
#7805 = ORIENTED_EDGE('',*,*,#7806,.T.);
#7806 = EDGE_CURVE('',#3086,#3431,#7807,.T.);
#7807 = LINE('',#7808,#7809);
#7808 = CARTESIAN_POINT('',(2.075244797381,1.554657163816,2.951802450872
    ));
#7809 = VECTOR('',#7810,1.);
#7810 = DIRECTION('',(1.,0.,0.));
#7811 = ORIENTED_EDGE('',*,*,#3430,.T.);
#7812 = ORIENTED_EDGE('',*,*,#3413,.T.);
#7813 = ORIENTED_EDGE('',*,*,#7750,.F.);
#7814 = ORIENTED_EDGE('',*,*,#3157,.T.);
#7815 = CYLINDRICAL_SURFACE('',#7816,0.25);
#7816 = AXIS2_PLACEMENT_3D('',#7817,#7818,#7819);
#7817 = CARTESIAN_POINT('',(2.075244797381,1.55,2.701845832985));
#7818 = DIRECTION('',(-1.,-0.,-0.));
#7819 = DIRECTION('',(-0.,0.,1.));
#7820 = ADVANCED_FACE('',(#7821),#7833,.F.);
#7821 = FACE_BOUND('',#7822,.F.);
#7822 = EDGE_LOOP('',(#7823,#7824,#7825,#7832));
#7823 = ORIENTED_EDGE('',*,*,#7790,.T.);
#7824 = ORIENTED_EDGE('',*,*,#1059,.F.);
#7825 = ORIENTED_EDGE('',*,*,#7826,.T.);
#7826 = EDGE_CURVE('',#1060,#1079,#7827,.T.);
#7827 = CIRCLE('',#7828,1.9);
#7828 = AXIS2_PLACEMENT_3D('',#7829,#7830,#7831);
#7829 = CARTESIAN_POINT('',(-9.905539167793E-18,1.65,0.));
#7830 = DIRECTION('',(0.,1.,0.));
#7831 = DIRECTION('',(0.,-0.,1.));
#7832 = ORIENTED_EDGE('',*,*,#1078,.T.);
#7833 = CYLINDRICAL_SURFACE('',#7834,1.9);
#7834 = AXIS2_PLACEMENT_3D('',#7835,#7836,#7837);
#7835 = CARTESIAN_POINT('',(-9.905539167793E-18,1.65,0.));
#7836 = DIRECTION('',(0.,1.,0.));
#7837 = DIRECTION('',(0.,-0.,1.));
#7838 = ADVANCED_FACE('',(#7839),#7854,.F.);
#7839 = FACE_BOUND('',#7840,.T.);
#7840 = EDGE_LOOP('',(#7841,#7842,#7843,#7844,#7845,#7846,#7847,#7853));
#7841 = ORIENTED_EDGE('',*,*,#6205,.F.);
#7842 = ORIENTED_EDGE('',*,*,#3439,.F.);
#7843 = ORIENTED_EDGE('',*,*,#7806,.F.);
#7844 = ORIENTED_EDGE('',*,*,#3083,.F.);
#7845 = ORIENTED_EDGE('',*,*,#5989,.F.);
#7846 = ORIENTED_EDGE('',*,*,#7249,.F.);
#7847 = ORIENTED_EDGE('',*,*,#7848,.F.);
#7848 = EDGE_CURVE('',#7331,#7242,#7849,.T.);
#7849 = LINE('',#7850,#7851);
#7850 = CARTESIAN_POINT('',(1.725,1.19,2.958596702462));
#7851 = VECTOR('',#7852,1.);
#7852 = DIRECTION('',(-1.,-0.,-0.));
#7853 = ORIENTED_EDGE('',*,*,#7330,.F.);
#7854 = PLANE('',#7855);
#7855 = AXIS2_PLACEMENT_3D('',#7856,#7857,#7858);
#7856 = CARTESIAN_POINT('',(1.725,1.8,2.947231250522));
#7857 = DIRECTION('',(0.,-1.862865526314E-02,-0.999826471545));
#7858 = DIRECTION('',(0.,0.999826471545,-1.862865526314E-02));
#7859 = ADVANCED_FACE('',(#7860,#7870),#7874,.T.);
#7860 = FACE_BOUND('',#7861,.T.);
#7861 = EDGE_LOOP('',(#7862,#7863));
#7862 = ORIENTED_EDGE('',*,*,#1116,.T.);
#7863 = ORIENTED_EDGE('',*,*,#7864,.T.);
#7864 = EDGE_CURVE('',#1109,#1117,#7865,.T.);
#7865 = CIRCLE('',#7866,1.5);
#7866 = AXIS2_PLACEMENT_3D('',#7867,#7868,#7869);
#7867 = CARTESIAN_POINT('',(8.098555247946E-17,1.65,-1.836909530734E-17)
  );
#7868 = DIRECTION('',(-2.313872927984E-16,-1.,0.));
#7869 = DIRECTION('',(1.,-2.313872927984E-16,0.));
#7870 = FACE_BOUND('',#7871,.T.);
#7871 = EDGE_LOOP('',(#7872,#7873));
#7872 = ORIENTED_EDGE('',*,*,#7826,.T.);
#7873 = ORIENTED_EDGE('',*,*,#1086,.T.);
#7874 = PLANE('',#7875);
#7875 = AXIS2_PLACEMENT_3D('',#7876,#7877,#7878);
#7876 = CARTESIAN_POINT('',(-3.1,1.65,2.8));
#7877 = DIRECTION('',(0.,1.,0.));
#7878 = DIRECTION('',(0.,-0.,1.));
#7879 = ADVANCED_FACE('',(#7880),#7891,.T.);
#7880 = FACE_BOUND('',#7881,.T.);
#7881 = EDGE_LOOP('',(#7882,#7888,#7889,#7890));
#7882 = ORIENTED_EDGE('',*,*,#7883,.T.);
#7883 = EDGE_CURVE('',#7234,#7339,#7884,.T.);
#7884 = LINE('',#7885,#7886);
#7885 = CARTESIAN_POINT('',(1.4,1.19,2.808570668676));
#7886 = VECTOR('',#7887,1.);
#7887 = DIRECTION('',(1.,0.,0.));
#7888 = ORIENTED_EDGE('',*,*,#7338,.T.);
#7889 = ORIENTED_EDGE('',*,*,#7848,.T.);
#7890 = ORIENTED_EDGE('',*,*,#7241,.T.);
#7891 = PLANE('',#7892);
#7892 = AXIS2_PLACEMENT_3D('',#7893,#7894,#7895);
#7893 = CARTESIAN_POINT('',(1.4,1.19,-2.999623222475));
#7894 = DIRECTION('',(0.,-1.,0.));
#7895 = DIRECTION('',(0.,-0.,-1.));
#7896 = ADVANCED_FACE('',(#7897),#7903,.T.);
#7897 = FACE_BOUND('',#7898,.T.);
#7898 = EDGE_LOOP('',(#7899,#7900,#7901,#7902));
#7899 = ORIENTED_EDGE('',*,*,#1108,.F.);
#7900 = ORIENTED_EDGE('',*,*,#919,.T.);
#7901 = ORIENTED_EDGE('',*,*,#1125,.T.);
#7902 = ORIENTED_EDGE('',*,*,#7864,.F.);
#7903 = CYLINDRICAL_SURFACE('',#7904,1.5);
#7904 = AXIS2_PLACEMENT_3D('',#7905,#7906,#7907);
#7905 = CARTESIAN_POINT('',(0.,1.3,-1.836909530734E-17));
#7906 = DIRECTION('',(-2.313872927984E-16,-1.,-0.));
#7907 = DIRECTION('',(1.,-2.313872927984E-16,0.));
#7908 = ADVANCED_FACE('',(#7909),#7924,.F.);
#7909 = FACE_BOUND('',#7910,.T.);
#7910 = EDGE_LOOP('',(#7911,#7912,#7913,#7914,#7915,#7921,#7922,#7923));
#7911 = ORIENTED_EDGE('',*,*,#7883,.F.);
#7912 = ORIENTED_EDGE('',*,*,#7233,.F.);
#7913 = ORIENTED_EDGE('',*,*,#6079,.F.);
#7914 = ORIENTED_EDGE('',*,*,#3110,.F.);
#7915 = ORIENTED_EDGE('',*,*,#7916,.F.);
#7916 = EDGE_CURVE('',#3481,#3102,#7917,.T.);
#7917 = LINE('',#7918,#7919);
#7918 = CARTESIAN_POINT('',(1.725,1.551862865526,2.80182848014));
#7919 = VECTOR('',#7920,1.);
#7920 = DIRECTION('',(-1.,-0.,-0.));
#7921 = ORIENTED_EDGE('',*,*,#3480,.F.);
#7922 = ORIENTED_EDGE('',*,*,#6312,.F.);
#7923 = ORIENTED_EDGE('',*,*,#7346,.F.);
#7924 = PLANE('',#7925);
#7925 = AXIS2_PLACEMENT_3D('',#7926,#7927,#7928);
#7926 = CARTESIAN_POINT('',(1.725,1.551862865526,2.80182848014));
#7927 = DIRECTION('',(-0.,1.862865526314E-02,0.999826471545));
#7928 = DIRECTION('',(0.,-0.999826471545,1.862865526314E-02));
#7929 = ADVANCED_FACE('',(#7930),#7942,.T.);
#7930 = FACE_BOUND('',#7931,.T.);
#7931 = EDGE_LOOP('',(#7932,#7933,#7934,#7935));
#7932 = ORIENTED_EDGE('',*,*,#930,.F.);
#7933 = ORIENTED_EDGE('',*,*,#1101,.F.);
#7934 = ORIENTED_EDGE('',*,*,#948,.T.);
#7935 = ORIENTED_EDGE('',*,*,#7936,.T.);
#7936 = EDGE_CURVE('',#940,#931,#7937,.T.);
#7937 = ( BOUNDED_CURVE() B_SPLINE_CURVE(3,(#7938,#7939,#7940,#7941),
.UNSPECIFIED.,.F.,.F.) B_SPLINE_CURVE_WITH_KNOTS((4,4),(0.,1.),
.PIECEWISE_BEZIER_KNOTS.) CURVE() GEOMETRIC_REPRESENTATION_ITEM() 
RATIONAL_B_SPLINE_CURVE((1.,0.333333333333,0.333333333333,1.)) 
REPRESENTATION_ITEM('') );
#7938 = CARTESIAN_POINT('',(1.4,2.5,-1.836909530734E-17));
#7939 = CARTESIAN_POINT('',(1.4,2.5,2.8));
#7940 = CARTESIAN_POINT('',(-1.4,2.5,2.8));
#7941 = CARTESIAN_POINT('',(-1.4,2.5,1.555307501716E-16));
#7942 = ( BOUNDED_SURFACE() B_SPLINE_SURFACE(3,3,(
    (#7943,#7944,#7945,#7946)
    ,(#7947,#7948,#7949,#7950)
    ,(#7951,#7952,#7953,#7954)
    ,(#7955,#7956,#7957,#7958
)),.UNSPECIFIED.,.F.,.F.,.F.) B_SPLINE_SURFACE_WITH_KNOTS((4,4),(4,4),(
    0.,1.),(0.,1.),.PIECEWISE_BEZIER_KNOTS.) 
GEOMETRIC_REPRESENTATION_ITEM() RATIONAL_B_SPLINE_SURFACE((
    (1.,0.333333333333,0.333333333333,1.)
    ,(0.804737854124,0.268245951375,0.268245951375,0.804737854124)
    ,(0.804737854124,0.268245951375,0.268245951375,0.804737854124)
,(1.,0.333333333333,0.333333333333,1.
))) REPRESENTATION_ITEM('') SURFACE() );
#7943 = CARTESIAN_POINT('',(1.5,2.4,-1.836909530734E-17));
#7944 = CARTESIAN_POINT('',(1.5,2.4,3.));
#7945 = CARTESIAN_POINT('',(-1.5,2.4,3.));
#7946 = CARTESIAN_POINT('',(-1.5,2.4,1.653279245648E-16));
#7947 = CARTESIAN_POINT('',(1.5,2.458578643763,-1.836909530734E-17));
#7948 = CARTESIAN_POINT('',(1.5,2.458578643763,3.));
#7949 = CARTESIAN_POINT('',(-1.5,2.458578643763,3.));
#7950 = CARTESIAN_POINT('',(-1.5,2.458578643763,1.653279245648E-16));
#7951 = CARTESIAN_POINT('',(1.458578643763,2.5,-1.836909530734E-17));
#7952 = CARTESIAN_POINT('',(1.458578643763,2.5,2.917157287525));
#7953 = CARTESIAN_POINT('',(-1.458578643763,2.5,2.917157287525));
#7954 = CARTESIAN_POINT('',(-1.458578643763,2.5,1.602552714315E-16));
#7955 = CARTESIAN_POINT('',(1.4,2.5,-1.836909530734E-17));
#7956 = CARTESIAN_POINT('',(1.4,2.5,2.8));
#7957 = CARTESIAN_POINT('',(-1.4,2.5,2.8));
#7958 = CARTESIAN_POINT('',(-1.4,2.5,1.530814565733E-16));
#7959 = ADVANCED_FACE('',(#7960),#7970,.F.);
#7960 = FACE_BOUND('',#7961,.F.);
#7961 = EDGE_LOOP('',(#7962,#7963,#7964,#7965,#7966,#7967,#7968,#7969));
#7962 = ORIENTED_EDGE('',*,*,#3292,.T.);
#7963 = ORIENTED_EDGE('',*,*,#3308,.T.);
#7964 = ORIENTED_EDGE('',*,*,#3266,.T.);
#7965 = ORIENTED_EDGE('',*,*,#1689,.T.);
#7966 = ORIENTED_EDGE('',*,*,#3101,.T.);
#7967 = ORIENTED_EDGE('',*,*,#7916,.F.);
#7968 = ORIENTED_EDGE('',*,*,#3488,.T.);
#7969 = ORIENTED_EDGE('',*,*,#1807,.T.);
#7970 = CYLINDRICAL_SURFACE('',#7971,0.1);
#7971 = AXIS2_PLACEMENT_3D('',#7972,#7973,#7974);
#7972 = CARTESIAN_POINT('',(1.725,1.55,2.701845832985));
#7973 = DIRECTION('',(-1.,-0.,-0.));
#7974 = DIRECTION('',(-0.,0.,1.));
#7975 = ADVANCED_FACE('',(#7976),#7980,.F.);
#7976 = FACE_BOUND('',#7977,.T.);
#7977 = EDGE_LOOP('',(#7978,#7979));
#7978 = ORIENTED_EDGE('',*,*,#939,.F.);
#7979 = ORIENTED_EDGE('',*,*,#7936,.F.);
#7980 = PLANE('',#7981);
#7981 = AXIS2_PLACEMENT_3D('',#7982,#7983,#7984);
#7982 = CARTESIAN_POINT('',(1.306059164595E-17,2.5,-1.836909530734E-17)
  );
#7983 = DIRECTION('',(-2.313872927984E-16,-1.,0.));
#7984 = DIRECTION('',(1.,-2.313872927984E-16,0.));
#7985 = ADVANCED_FACE('',(#7986),#8003,.T.);
#7986 = FACE_BOUND('',#7987,.T.);
#7987 = EDGE_LOOP('',(#7988,#7989,#7997));
#7988 = ORIENTED_EDGE('',*,*,#1584,.T.);
#7989 = ORIENTED_EDGE('',*,*,#7990,.T.);
#7990 = EDGE_CURVE('',#1585,#7991,#7993,.T.);
#7991 = VERTEX_POINT('',#7992);
#7992 = CARTESIAN_POINT('',(-1.75,0.997362154301,2.796895888685));
#7993 = LINE('',#7994,#7995);
#7994 = CARTESIAN_POINT('',(-2.389062911928,0.997362154301,
    2.796895888685));
#7995 = VECTOR('',#7996,1.);
#7996 = DIRECTION('',(1.,0.,0.));
#7997 = ORIENTED_EDGE('',*,*,#7998,.T.);
#7998 = EDGE_CURVE('',#7991,#1577,#7999,.T.);
#7999 = LINE('',#8000,#8001);
#8000 = CARTESIAN_POINT('',(-1.75,1.021479141376,3.136514768214));
#8001 = VECTOR('',#8002,1.);
#8002 = DIRECTION('',(6.368779147833E-16,7.083354391148E-02,
    0.997488149833));
#8003 = PLANE('',#8004);
#8004 = AXIS2_PLACEMENT_3D('',#8005,#8006,#8007);
#8005 = CARTESIAN_POINT('',(0.,0.794741583518,-5.643612193675E-02));
#8006 = DIRECTION('',(0.,-0.997488149833,7.083354391148E-02));
#8007 = DIRECTION('',(0.,-7.083354391148E-02,-0.997488149833));
#8008 = ADVANCED_FACE('',(#8009),#8019,.F.);
#8009 = FACE_BOUND('',#8010,.T.);
#8010 = EDGE_LOOP('',(#8011,#8017,#8018));
#8011 = ORIENTED_EDGE('',*,*,#8012,.F.);
#8012 = EDGE_CURVE('',#7991,#1594,#8013,.T.);
#8013 = LINE('',#8014,#8015);
#8014 = CARTESIAN_POINT('',(-1.75,0.997362154301,2.796895888685));
#8015 = VECTOR('',#8016,1.);
#8016 = DIRECTION('',(-0.,-0.997488149833,7.083354391148E-02));
#8017 = ORIENTED_EDGE('',*,*,#7990,.F.);
#8018 = ORIENTED_EDGE('',*,*,#1593,.F.);
#8019 = PLANE('',#8020);
#8020 = AXIS2_PLACEMENT_3D('',#8021,#8022,#8023);
#8021 = CARTESIAN_POINT('',(-2.389062911928,0.997362154301,
    2.796895888685));
#8022 = DIRECTION('',(0.,-7.083354391148E-02,-0.997488149833));
#8023 = DIRECTION('',(0.,0.997488149833,-7.083354391148E-02));
#8024 = ADVANCED_FACE('',(#8025),#8030,.F.);
#8025 = FACE_BOUND('',#8026,.T.);
#8026 = EDGE_LOOP('',(#8027,#8028,#8029));
#8027 = ORIENTED_EDGE('',*,*,#1673,.F.);
#8028 = ORIENTED_EDGE('',*,*,#7998,.F.);
#8029 = ORIENTED_EDGE('',*,*,#8012,.T.);
#8030 = PLANE('',#8031);
#8031 = AXIS2_PLACEMENT_3D('',#8032,#8033,#8034);
#8032 = CARTESIAN_POINT('',(-1.75,1.021479141376,3.136514768214));
#8033 = DIRECTION('',(1.,-4.511231974306E-17,-6.352781728866E-16));
#8034 = DIRECTION('',(-6.352781728866E-16,0.,-1.));
#8035 = ADVANCED_FACE('',(#8036),#8070,.T.);
#8036 = FACE_BOUND('',#8037,.T.);
#8037 = EDGE_LOOP('',(#8038,#8048,#8054,#8055,#8064));
#8038 = ORIENTED_EDGE('',*,*,#8039,.T.);
#8039 = EDGE_CURVE('',#8040,#8042,#8044,.T.);
#8040 = VERTEX_POINT('',#8041);
#8041 = CARTESIAN_POINT('',(2.3,0.982986432029,2.876807002485));
#8042 = VERTEX_POINT('',#8043);
#8043 = CARTESIAN_POINT('',(1.766485034027,0.989348359358,2.966396577845
    ));
#8044 = LINE('',#8045,#8046);
#8045 = CARTESIAN_POINT('',(1.75,0.989544936015,2.969164798593));
#8046 = VECTOR('',#8047,1.);
#8047 = DIRECTION('',(-0.986124041932,1.175908810768E-02,0.165593169458)
  );
#8048 = ORIENTED_EDGE('',*,*,#8049,.T.);
#8049 = EDGE_CURVE('',#8042,#7365,#8050,.T.);
#8050 = LINE('',#8051,#8052);
#8051 = CARTESIAN_POINT('',(1.766485034027,0.56042845493,2.996855001727)
  );
#8052 = VECTOR('',#8053,1.);
#8053 = DIRECTION('',(-6.357713397555E-15,-0.997488149833,
    7.083354391148E-02));
#8054 = ORIENTED_EDGE('',*,*,#7362,.F.);
#8055 = ORIENTED_EDGE('',*,*,#8056,.T.);
#8056 = EDGE_CURVE('',#7363,#8057,#8059,.T.);
#8057 = VERTEX_POINT('',#8058);
#8058 = CARTESIAN_POINT('',(2.3,0.653815342584,2.900182071976));
#8059 = CIRCLE('',#8060,1.E-01);
#8060 = AXIS2_PLACEMENT_3D('',#8061,#8062,#8063);
#8061 = CARTESIAN_POINT('',(2.201387595807,0.654991251395,2.916741388922
    ));
#8062 = DIRECTION('',(0.166010162112,6.985066062633E-02,0.983647046092)
  );
#8063 = DIRECTION('',(0.986055526549,-2.602085213965E-17,-0.166416641481
    ));
#8064 = ORIENTED_EDGE('',*,*,#8065,.F.);
#8065 = EDGE_CURVE('',#8040,#8057,#8066,.T.);
#8066 = LINE('',#8067,#8068);
#8067 = CARTESIAN_POINT('',(2.3,0.982986432029,2.876807002485));
#8068 = VECTOR('',#8069,1.);
#8069 = DIRECTION('',(0.,-0.997488149833,7.083354391148E-02));
#8070 = PLANE('',#8071);
#8071 = AXIS2_PLACEMENT_3D('',#8072,#8073,#8074);
#8072 = CARTESIAN_POINT('',(1.75,0.989544936015,2.969164798593));
#8073 = DIRECTION('',(0.166010162112,6.985066062633E-02,0.983647046092)
  );
#8074 = DIRECTION('',(0.986055526549,-1.734723475977E-18,-0.166416641481
    ));
#8075 = ADVANCED_FACE('',(#8076),#8101,.T.);
#8076 = FACE_BOUND('',#8077,.T.);
#8077 = EDGE_LOOP('',(#8078,#8079,#8087,#8095));
#8078 = ORIENTED_EDGE('',*,*,#8065,.T.);
#8079 = ORIENTED_EDGE('',*,*,#8080,.T.);
#8080 = EDGE_CURVE('',#8057,#8081,#8083,.T.);
#8081 = VERTEX_POINT('',#8082);
#8082 = CARTESIAN_POINT('',(2.275444008191,0.643483130216,2.754682371837
    ));
#8083 = LINE('',#8084,#8085);
#8084 = CARTESIAN_POINT('',(2.275444008191,0.643483130216,2.754682371837
    ));
#8085 = VECTOR('',#8086,1.);
#8086 = DIRECTION('',(-0.166010162112,-6.985066062633E-02,
    -0.983647046092));
#8087 = ORIENTED_EDGE('',*,*,#8088,.F.);
#8088 = EDGE_CURVE('',#8089,#8081,#8091,.T.);
#8089 = VERTEX_POINT('',#8090);
#8090 = CARTESIAN_POINT('',(2.275444008191,0.972654219661,2.731307302346
    ));
#8091 = LINE('',#8092,#8093);
#8092 = CARTESIAN_POINT('',(2.275444008191,0.972654219661,2.731307302346
    ));
#8093 = VECTOR('',#8094,1.);
#8094 = DIRECTION('',(0.,-0.997488149833,7.083354391148E-02));
#8095 = ORIENTED_EDGE('',*,*,#8096,.T.);
#8096 = EDGE_CURVE('',#8089,#8040,#8097,.T.);
#8097 = LINE('',#8098,#8099);
#8098 = CARTESIAN_POINT('',(2.275444008191,0.972654219661,2.731307302346
    ));
#8099 = VECTOR('',#8100,1.);
#8100 = DIRECTION('',(0.166010162112,6.985066062633E-02,0.983647046092)
  );
#8101 = PLANE('',#8102);
#8102 = AXIS2_PLACEMENT_3D('',#8103,#8104,#8105);
#8103 = CARTESIAN_POINT('',(2.275444008191,0.972654219661,2.731307302346
    ));
#8104 = DIRECTION('',(0.986124041932,-1.175908810768E-02,-0.165593169458
    ));
#8105 = DIRECTION('',(-0.165604619439,-6.505213034913E-19,
    -0.986192227723));
#8106 = ADVANCED_FACE('',(#8107),#8130,.T.);
#8107 = FACE_BOUND('',#8108,.T.);
#8108 = EDGE_LOOP('',(#8109,#8110,#8116,#8122,#8123));
#8109 = ORIENTED_EDGE('',*,*,#7391,.F.);
#8110 = ORIENTED_EDGE('',*,*,#8111,.T.);
#8111 = EDGE_CURVE('',#7383,#6238,#8112,.T.);
#8112 = LINE('',#8113,#8114);
#8113 = CARTESIAN_POINT('',(1.754121258507,0.978870760264,2.818849520931
    ));
#8114 = VECTOR('',#8115,1.);
#8115 = DIRECTION('',(-3.009176100492E-15,0.997488149833,
    -7.083354391148E-02));
#8116 = ORIENTED_EDGE('',*,*,#8117,.T.);
#8117 = EDGE_CURVE('',#6238,#8089,#8118,.T.);
#8118 = LINE('',#8119,#8120);
#8119 = CARTESIAN_POINT('',(1.75,0.978919904428,2.819541576118));
#8120 = VECTOR('',#8121,1.);
#8121 = DIRECTION('',(0.986124041932,-1.175908810768E-02,-0.165593169458
    ));
#8122 = ORIENTED_EDGE('',*,*,#8088,.T.);
#8123 = ORIENTED_EDGE('',*,*,#8124,.T.);
#8124 = EDGE_CURVE('',#8081,#7392,#8125,.T.);
#8125 = CIRCLE('',#8126,1.E-01);
#8126 = AXIS2_PLACEMENT_3D('',#8127,#8128,#8129);
#8127 = CARTESIAN_POINT('',(2.176831603997,0.644659039027,2.771241688783
    ));
#8128 = DIRECTION('',(-0.166010162112,-6.985066062633E-02,
    -0.983647046092));
#8129 = DIRECTION('',(-0.986055526549,-3.122502256758E-17,0.166416641481
    ));
#8130 = PLANE('',#8131);
#8131 = AXIS2_PLACEMENT_3D('',#8132,#8133,#8134);
#8132 = CARTESIAN_POINT('',(1.75,0.978919904428,2.819541576118));
#8133 = DIRECTION('',(-0.166010162112,-6.985066062633E-02,
    -0.983647046092));
#8134 = DIRECTION('',(-0.986055526549,0.,0.166416641481));
#8135 = ADVANCED_FACE('',(#8136),#8149,.F.);
#8136 = FACE_BOUND('',#8137,.F.);
#8137 = EDGE_LOOP('',(#8138,#8139,#8140,#8141,#8148));
#8138 = ORIENTED_EDGE('',*,*,#8117,.T.);
#8139 = ORIENTED_EDGE('',*,*,#8096,.T.);
#8140 = ORIENTED_EDGE('',*,*,#8039,.T.);
#8141 = ORIENTED_EDGE('',*,*,#8142,.F.);
#8142 = EDGE_CURVE('',#6229,#8042,#8143,.T.);
#8143 = CIRCLE('',#8144,0.2);
#8144 = AXIS2_PLACEMENT_3D('',#8145,#8146,#8147);
#8145 = CARTESIAN_POINT('',(1.733283001604,0.975378227233,2.769667168626
    ));
#8146 = DIRECTION('',(-1.829498458918E-16,0.997488149833,
    -7.083354391148E-02));
#8147 = DIRECTION('',(4.622231866529E-32,-7.083354391148E-02,
    -0.997488149833));
#8148 = ORIENTED_EDGE('',*,*,#6237,.T.);
#8149 = PLANE('',#8150);
#8150 = AXIS2_PLACEMENT_3D('',#8151,#8152,#8153);
#8151 = CARTESIAN_POINT('',(-6.34365568736E-17,0.774791820522,
    -5.501945105852E-02));
#8152 = DIRECTION('',(1.829498458918E-16,-0.997488149833,
    7.083354391148E-02));
#8153 = DIRECTION('',(0.,-7.083354391148E-02,-0.997488149833));
#8154 = ADVANCED_FACE('',(#8155),#8189,.T.);
#8155 = FACE_BOUND('',#8156,.T.);
#8156 = EDGE_LOOP('',(#8157,#8158,#8166,#8174,#8182));
#8157 = ORIENTED_EDGE('',*,*,#7282,.F.);
#8158 = ORIENTED_EDGE('',*,*,#8159,.T.);
#8159 = EDGE_CURVE('',#7274,#8160,#8162,.T.);
#8160 = VERTEX_POINT('',#8161);
#8161 = CARTESIAN_POINT('',(-1.766485034027,0.989348359358,
    2.966396577845));
#8162 = LINE('',#8163,#8164);
#8163 = CARTESIAN_POINT('',(-1.766485034027,0.989803423343,2.96636426288
    ));
#8164 = VECTOR('',#8165,1.);
#8165 = DIRECTION('',(-6.357713397555E-15,0.997488149833,
    -7.083354391148E-02));
#8166 = ORIENTED_EDGE('',*,*,#8167,.T.);
#8167 = EDGE_CURVE('',#8160,#8168,#8170,.T.);
#8168 = VERTEX_POINT('',#8169);
#8169 = CARTESIAN_POINT('',(-2.3,0.982986432029,2.876807002485));
#8170 = LINE('',#8171,#8172);
#8171 = CARTESIAN_POINT('',(-1.75,0.989544936015,2.969164798593));
#8172 = VECTOR('',#8173,1.);
#8173 = DIRECTION('',(-0.986124041932,-1.175908810768E-02,
    -0.165593169458));
#8174 = ORIENTED_EDGE('',*,*,#8175,.T.);
#8175 = EDGE_CURVE('',#8168,#8176,#8178,.T.);
#8176 = VERTEX_POINT('',#8177);
#8177 = CARTESIAN_POINT('',(-2.3,0.653815342584,2.900182071976));
#8178 = LINE('',#8179,#8180);
#8179 = CARTESIAN_POINT('',(-2.3,0.982986432029,2.876807002485));
#8180 = VECTOR('',#8181,1.);
#8181 = DIRECTION('',(0.,-0.997488149833,7.083354391148E-02));
#8182 = ORIENTED_EDGE('',*,*,#8183,.T.);
#8183 = EDGE_CURVE('',#8176,#7283,#8184,.T.);
#8184 = CIRCLE('',#8185,1.E-01);
#8185 = AXIS2_PLACEMENT_3D('',#8186,#8187,#8188);
#8186 = CARTESIAN_POINT('',(-2.201387595807,0.654991251395,
    2.916741388922));
#8187 = DIRECTION('',(-0.166010162112,6.985066062633E-02,0.983647046092)
  );
#8188 = DIRECTION('',(0.986055526549,2.602085213965E-17,0.166416641481)
  );
#8189 = PLANE('',#8190);
#8190 = AXIS2_PLACEMENT_3D('',#8191,#8192,#8193);
#8191 = CARTESIAN_POINT('',(-1.75,0.989544936015,2.969164798593));
#8192 = DIRECTION('',(-0.166010162112,6.985066062633E-02,0.983647046092)
  );
#8193 = DIRECTION('',(0.986055526549,1.734723475977E-18,0.166416641481)
  );
#8194 = ADVANCED_FACE('',(#8195),#8227,.T.);
#8195 = FACE_BOUND('',#8196,.T.);
#8196 = EDGE_LOOP('',(#8197,#8205,#8211,#8212,#8221));
#8197 = ORIENTED_EDGE('',*,*,#8198,.T.);
#8198 = EDGE_CURVE('',#8199,#6005,#8201,.T.);
#8199 = VERTEX_POINT('',#8200);
#8200 = CARTESIAN_POINT('',(-2.275444008191,0.972654219661,
    2.731307302346));
#8201 = LINE('',#8202,#8203);
#8202 = CARTESIAN_POINT('',(-1.75,0.978919904428,2.819541576118));
#8203 = VECTOR('',#8204,1.);
#8204 = DIRECTION('',(0.986124041932,1.175908810768E-02,0.165593169458)
  );
#8205 = ORIENTED_EDGE('',*,*,#8206,.T.);
#8206 = EDGE_CURVE('',#6005,#7299,#8207,.T.);
#8207 = LINE('',#8208,#8209);
#8208 = CARTESIAN_POINT('',(-1.754121258507,0.978870760264,
    2.818849520931));
#8209 = VECTOR('',#8210,1.);
#8210 = DIRECTION('',(-3.009176100492E-15,-0.997488149833,
    7.083354391148E-02));
#8211 = ORIENTED_EDGE('',*,*,#7298,.F.);
#8212 = ORIENTED_EDGE('',*,*,#8213,.T.);
#8213 = EDGE_CURVE('',#7291,#8214,#8216,.T.);
#8214 = VERTEX_POINT('',#8215);
#8215 = CARTESIAN_POINT('',(-2.275444008191,0.643483130216,
    2.754682371837));
#8216 = CIRCLE('',#8217,1.E-01);
#8217 = AXIS2_PLACEMENT_3D('',#8218,#8219,#8220);
#8218 = CARTESIAN_POINT('',(-2.176831603997,0.644659039027,
    2.771241688783));
#8219 = DIRECTION('',(0.166010162112,-6.985066062633E-02,-0.983647046092
    ));
#8220 = DIRECTION('',(-0.986055526549,3.122502256758E-17,-0.166416641481
    ));
#8221 = ORIENTED_EDGE('',*,*,#8222,.F.);
#8222 = EDGE_CURVE('',#8199,#8214,#8223,.T.);
#8223 = LINE('',#8224,#8225);
#8224 = CARTESIAN_POINT('',(-2.275444008191,0.972654219661,
    2.731307302346));
#8225 = VECTOR('',#8226,1.);
#8226 = DIRECTION('',(0.,-0.997488149833,7.083354391148E-02));
#8227 = PLANE('',#8228);
#8228 = AXIS2_PLACEMENT_3D('',#8229,#8230,#8231);
#8229 = CARTESIAN_POINT('',(-1.75,0.978919904428,2.819541576118));
#8230 = DIRECTION('',(0.166010162112,-6.985066062633E-02,-0.983647046092
    ));
#8231 = DIRECTION('',(-0.986055526549,0.,-0.166416641481));
#8232 = ADVANCED_FACE('',(#8233),#8249,.T.);
#8233 = FACE_BOUND('',#8234,.T.);
#8234 = EDGE_LOOP('',(#8235,#8236,#8242,#8243));
#8235 = ORIENTED_EDGE('',*,*,#8222,.T.);
#8236 = ORIENTED_EDGE('',*,*,#8237,.T.);
#8237 = EDGE_CURVE('',#8214,#8176,#8238,.T.);
#8238 = LINE('',#8239,#8240);
#8239 = CARTESIAN_POINT('',(-2.3,0.653815342584,2.900182071976));
#8240 = VECTOR('',#8241,1.);
#8241 = DIRECTION('',(-0.166010162112,6.985066062633E-02,0.983647046092)
  );
#8242 = ORIENTED_EDGE('',*,*,#8175,.F.);
#8243 = ORIENTED_EDGE('',*,*,#8244,.T.);
#8244 = EDGE_CURVE('',#8168,#8199,#8245,.T.);
#8245 = LINE('',#8246,#8247);
#8246 = CARTESIAN_POINT('',(-2.275444008191,0.972654219661,
    2.731307302346));
#8247 = VECTOR('',#8248,1.);
#8248 = DIRECTION('',(0.166010162112,-6.985066062633E-02,-0.983647046092
    ));
#8249 = PLANE('',#8250);
#8250 = AXIS2_PLACEMENT_3D('',#8251,#8252,#8253);
#8251 = CARTESIAN_POINT('',(-2.275444008191,0.972654219661,
    2.731307302346));
#8252 = DIRECTION('',(-0.986124041932,-1.175908810768E-02,
    -0.165593169458));
#8253 = DIRECTION('',(-0.165604619439,6.505213034913E-19,0.986192227723)
  );
#8254 = ADVANCED_FACE('',(#8255),#8268,.T.);
#8255 = FACE_BOUND('',#8256,.T.);
#8256 = EDGE_LOOP('',(#8257,#8258,#8265,#8266,#8267));
#8257 = ORIENTED_EDGE('',*,*,#8167,.F.);
#8258 = ORIENTED_EDGE('',*,*,#8259,.T.);
#8259 = EDGE_CURVE('',#8160,#6007,#8260,.T.);
#8260 = CIRCLE('',#8261,0.2);
#8261 = AXIS2_PLACEMENT_3D('',#8262,#8263,#8264);
#8262 = CARTESIAN_POINT('',(-1.733283001604,0.975378227233,
    2.769667168626));
#8263 = DIRECTION('',(-2.775557561563E-17,0.997488149833,
    -7.083354391148E-02));
#8264 = DIRECTION('',(-8.474091755304E-33,7.083354391148E-02,
    0.997488149833));
#8265 = ORIENTED_EDGE('',*,*,#6004,.F.);
#8266 = ORIENTED_EDGE('',*,*,#8198,.F.);
#8267 = ORIENTED_EDGE('',*,*,#8244,.F.);
#8268 = PLANE('',#8269);
#8269 = AXIS2_PLACEMENT_3D('',#8270,#8271,#8272);
#8270 = CARTESIAN_POINT('',(-9.624048287758E-18,0.774791820522,
    -5.501945105852E-02));
#8271 = DIRECTION('',(-2.775557561563E-17,0.997488149833,
    -7.083354391148E-02));
#8272 = DIRECTION('',(0.,7.083354391148E-02,0.997488149833));
#8273 = ADVANCED_FACE('',(#8274),#8280,.T.);
#8274 = FACE_BOUND('',#8275,.T.);
#8275 = EDGE_LOOP('',(#8276,#8277,#8278,#8279));
#8276 = ORIENTED_EDGE('',*,*,#8124,.F.);
#8277 = ORIENTED_EDGE('',*,*,#8080,.F.);
#8278 = ORIENTED_EDGE('',*,*,#8056,.F.);
#8279 = ORIENTED_EDGE('',*,*,#7399,.F.);
#8280 = CYLINDRICAL_SURFACE('',#8281,1.E-01);
#8281 = AXIS2_PLACEMENT_3D('',#8282,#8283,#8284);
#8282 = CARTESIAN_POINT('',(2.200698611459,0.654701353408,2.912659003782
    ));
#8283 = DIRECTION('',(-0.166010162112,-6.985066062633E-02,
    -0.983647046092));
#8284 = DIRECTION('',(-0.986055526549,4.51028103754E-17,0.166416641481)
  );
#8285 = ADVANCED_FACE('',(#8286),#8292,.T.);
#8286 = FACE_BOUND('',#8287,.T.);
#8287 = EDGE_LOOP('',(#8288,#8289,#8290,#8291));
#8288 = ORIENTED_EDGE('',*,*,#8183,.F.);
#8289 = ORIENTED_EDGE('',*,*,#8237,.F.);
#8290 = ORIENTED_EDGE('',*,*,#8213,.F.);
#8291 = ORIENTED_EDGE('',*,*,#7290,.F.);
#8292 = CYLINDRICAL_SURFACE('',#8293,1.E-01);
#8293 = AXIS2_PLACEMENT_3D('',#8294,#8295,#8296);
#8294 = CARTESIAN_POINT('',(-2.10561877142,0.614695431153,2.349289854523
    ));
#8295 = DIRECTION('',(-0.166010162112,6.985066062633E-02,0.983647046092)
  );
#8296 = DIRECTION('',(0.986055526549,4.51028103754E-17,0.166416641481));
#8297 = ADVANCED_FACE('',(#8298),#8305,.T.);
#8298 = FACE_BOUND('',#8299,.T.);
#8299 = EDGE_LOOP('',(#8300,#8301,#8302,#8303,#8304));
#8300 = ORIENTED_EDGE('',*,*,#8259,.F.);
#8301 = ORIENTED_EDGE('',*,*,#8159,.F.);
#8302 = ORIENTED_EDGE('',*,*,#7273,.F.);
#8303 = ORIENTED_EDGE('',*,*,#5965,.F.);
#8304 = ORIENTED_EDGE('',*,*,#6015,.F.);
#8305 = CYLINDRICAL_SURFACE('',#8306,0.2);
#8306 = AXIS2_PLACEMENT_3D('',#8307,#8308,#8309);
#8307 = CARTESIAN_POINT('',(-1.733283001604,1.105833291218,
    2.760403304685));
#8308 = DIRECTION('',(-6.353297051086E-15,0.997488149833,
    -7.083354391148E-02));
#8309 = DIRECTION('',(2.070759876205E-30,7.083354391148E-02,
    0.997488149833));
#8310 = ADVANCED_FACE('',(#8311),#8318,.T.);
#8311 = FACE_BOUND('',#8312,.T.);
#8312 = EDGE_LOOP('',(#8313,#8314,#8315,#8316,#8317));
#8313 = ORIENTED_EDGE('',*,*,#7372,.F.);
#8314 = ORIENTED_EDGE('',*,*,#8049,.F.);
#8315 = ORIENTED_EDGE('',*,*,#8142,.F.);
#8316 = ORIENTED_EDGE('',*,*,#6228,.F.);
#8317 = ORIENTED_EDGE('',*,*,#6190,.F.);
#8318 = CYLINDRICAL_SURFACE('',#8319,0.2);
#8319 = AXIS2_PLACEMENT_3D('',#8320,#8321,#8322);
#8320 = CARTESIAN_POINT('',(1.733283001604,1.105833291218,2.760403304685
    ));
#8321 = DIRECTION('',(-6.353297051086E-15,-0.997488149833,
    7.083354391148E-02));
#8322 = DIRECTION('',(2.070759876205E-30,-7.083354391148E-02,
    -0.997488149833));
#8323 = ADVANCED_FACE('',(#8324),#8329,.F.);
#8324 = FACE_BOUND('',#8325,.F.);
#8325 = EDGE_LOOP('',(#8326,#8327,#8328));
#8326 = ORIENTED_EDGE('',*,*,#6048,.T.);
#8327 = ORIENTED_EDGE('',*,*,#8206,.T.);
#8328 = ORIENTED_EDGE('',*,*,#7306,.T.);
#8329 = CYLINDRICAL_SURFACE('',#8330,5.E-02);
#8330 = AXIS2_PLACEMENT_3D('',#8331,#8332,#8333);
#8331 = CARTESIAN_POINT('',(-1.745820750401,0.546458322804,
    2.800125592508));
#8332 = DIRECTION('',(3.009456497883E-15,0.997488149833,
    -7.083354391148E-02));
#8333 = DIRECTION('',(1.306550874272E-30,7.083354391148E-02,
    0.997488149833));
#8334 = ADVANCED_FACE('',(#8335),#8340,.F.);
#8335 = FACE_BOUND('',#8336,.F.);
#8336 = EDGE_LOOP('',(#8337,#8338,#8339));
#8337 = ORIENTED_EDGE('',*,*,#7382,.T.);
#8338 = ORIENTED_EDGE('',*,*,#8111,.T.);
#8339 = ORIENTED_EDGE('',*,*,#6262,.T.);
#8340 = CYLINDRICAL_SURFACE('',#8341,5.E-02);
#8341 = AXIS2_PLACEMENT_3D('',#8342,#8343,#8344);
#8342 = CARTESIAN_POINT('',(1.745820750401,0.546458322804,2.800125592508
    ));
#8343 = DIRECTION('',(3.009456497883E-15,-0.997488149833,
    7.083354391148E-02));
#8344 = DIRECTION('',(1.306550874272E-30,-7.083354391148E-02,
    -0.997488149833));
#8345 = ADVANCED_FACE('',(#8346),#8378,.T.);
#8346 = FACE_BOUND('',#8347,.T.);
#8347 = EDGE_LOOP('',(#8348,#8356,#8362,#8363,#8372));
#8348 = ORIENTED_EDGE('',*,*,#8349,.T.);
#8349 = EDGE_CURVE('',#8350,#6683,#8352,.T.);
#8350 = VERTEX_POINT('',#8351);
#8351 = CARTESIAN_POINT('',(2.275444008191,0.972654219661,
    -2.731307302346));
#8352 = LINE('',#8353,#8354);
#8353 = CARTESIAN_POINT('',(1.75,0.978919904428,-2.819541576118));
#8354 = VECTOR('',#8355,1.);
#8355 = DIRECTION('',(-0.986124041932,1.175908810768E-02,-0.165593169458
    ));
#8356 = ORIENTED_EDGE('',*,*,#8357,.T.);
#8357 = EDGE_CURVE('',#6683,#7538,#8358,.T.);
#8358 = LINE('',#8359,#8360);
#8359 = CARTESIAN_POINT('',(1.754121258507,0.978870760264,
    -2.818849520931));
#8360 = VECTOR('',#8361,1.);
#8361 = DIRECTION('',(3.00974523082E-15,-0.997488149833,
    -7.083354391148E-02));
#8362 = ORIENTED_EDGE('',*,*,#7537,.F.);
#8363 = ORIENTED_EDGE('',*,*,#8364,.T.);
#8364 = EDGE_CURVE('',#7530,#8365,#8367,.T.);
#8365 = VERTEX_POINT('',#8366);
#8366 = CARTESIAN_POINT('',(2.275444008191,0.643483130216,
    -2.754682371837));
#8367 = CIRCLE('',#8368,1.E-01);
#8368 = AXIS2_PLACEMENT_3D('',#8369,#8370,#8371);
#8369 = CARTESIAN_POINT('',(2.176831603997,0.644659039027,
    -2.771241688783));
#8370 = DIRECTION('',(-0.166010162112,-6.985066062633E-02,0.983647046092
    ));
#8371 = DIRECTION('',(0.986055526549,1.561251128379E-16,0.166416641481)
  );
#8372 = ORIENTED_EDGE('',*,*,#8373,.F.);
#8373 = EDGE_CURVE('',#8350,#8365,#8374,.T.);
#8374 = LINE('',#8375,#8376);
#8375 = CARTESIAN_POINT('',(2.275444008191,0.972654219661,
    -2.731307302346));
#8376 = VECTOR('',#8377,1.);
#8377 = DIRECTION('',(0.,-0.997488149833,-7.083354391148E-02));
#8378 = PLANE('',#8379);
#8379 = AXIS2_PLACEMENT_3D('',#8380,#8381,#8382);
#8380 = CARTESIAN_POINT('',(1.75,0.978919904428,-2.819541576118));
#8381 = DIRECTION('',(-0.166010162112,-6.985066062633E-02,0.983647046092
    ));
#8382 = DIRECTION('',(0.986055526549,3.469446951954E-18,0.166416641481)
  );
#8383 = ADVANCED_FACE('',(#8384),#8409,.T.);
#8384 = FACE_BOUND('',#8385,.T.);
#8385 = EDGE_LOOP('',(#8386,#8387,#8395,#8403));
#8386 = ORIENTED_EDGE('',*,*,#8373,.T.);
#8387 = ORIENTED_EDGE('',*,*,#8388,.T.);
#8388 = EDGE_CURVE('',#8365,#8389,#8391,.T.);
#8389 = VERTEX_POINT('',#8390);
#8390 = CARTESIAN_POINT('',(2.3,0.653815342584,-2.900182071976));
#8391 = LINE('',#8392,#8393);
#8392 = CARTESIAN_POINT('',(2.3,0.653815342584,-2.900182071976));
#8393 = VECTOR('',#8394,1.);
#8394 = DIRECTION('',(0.166010162112,6.985066062633E-02,-0.983647046092)
  );
#8395 = ORIENTED_EDGE('',*,*,#8396,.F.);
#8396 = EDGE_CURVE('',#8397,#8389,#8399,.T.);
#8397 = VERTEX_POINT('',#8398);
#8398 = CARTESIAN_POINT('',(2.3,0.982986432029,-2.876807002485));
#8399 = LINE('',#8400,#8401);
#8400 = CARTESIAN_POINT('',(2.3,0.982986432029,-2.876807002485));
#8401 = VECTOR('',#8402,1.);
#8402 = DIRECTION('',(0.,-0.997488149833,-7.083354391148E-02));
#8403 = ORIENTED_EDGE('',*,*,#8404,.T.);
#8404 = EDGE_CURVE('',#8397,#8350,#8405,.T.);
#8405 = LINE('',#8406,#8407);
#8406 = CARTESIAN_POINT('',(2.275444008191,0.972654219661,
    -2.731307302346));
#8407 = VECTOR('',#8408,1.);
#8408 = DIRECTION('',(-0.166010162112,-6.985066062633E-02,0.983647046092
    ));
#8409 = PLANE('',#8410);
#8410 = AXIS2_PLACEMENT_3D('',#8411,#8412,#8413);
#8411 = CARTESIAN_POINT('',(2.275444008191,0.972654219661,
    -2.731307302346));
#8412 = DIRECTION('',(0.986124041932,-1.175908810768E-02,0.165593169458)
  );
#8413 = DIRECTION('',(0.165604619439,2.168404344971E-19,-0.986192227723)
  );
#8414 = ADVANCED_FACE('',(#8415),#8440,.T.);
#8415 = FACE_BOUND('',#8416,.T.);
#8416 = EDGE_LOOP('',(#8417,#8418,#8426,#8432,#8433));
#8417 = ORIENTED_EDGE('',*,*,#7521,.F.);
#8418 = ORIENTED_EDGE('',*,*,#8419,.T.);
#8419 = EDGE_CURVE('',#7513,#8420,#8422,.T.);
#8420 = VERTEX_POINT('',#8421);
#8421 = CARTESIAN_POINT('',(1.766485034027,0.989348359358,
    -2.966396577845));
#8422 = LINE('',#8423,#8424);
#8423 = CARTESIAN_POINT('',(1.766485034027,0.989803423343,-2.96636426288
    ));
#8424 = VECTOR('',#8425,1.);
#8425 = DIRECTION('',(6.26929064218E-15,0.997488149833,
    7.083354391148E-02));
#8426 = ORIENTED_EDGE('',*,*,#8427,.T.);
#8427 = EDGE_CURVE('',#8420,#8397,#8428,.T.);
#8428 = LINE('',#8429,#8430);
#8429 = CARTESIAN_POINT('',(1.75,0.989544936015,-2.969164798593));
#8430 = VECTOR('',#8431,1.);
#8431 = DIRECTION('',(0.986124041932,-1.175908810768E-02,0.165593169458)
  );
#8432 = ORIENTED_EDGE('',*,*,#8396,.T.);
#8433 = ORIENTED_EDGE('',*,*,#8434,.T.);
#8434 = EDGE_CURVE('',#8389,#7522,#8435,.T.);
#8435 = CIRCLE('',#8436,0.1);
#8436 = AXIS2_PLACEMENT_3D('',#8437,#8438,#8439);
#8437 = CARTESIAN_POINT('',(2.201387595807,0.654991251395,
    -2.916741388922));
#8438 = DIRECTION('',(0.166010162112,6.985066062633E-02,-0.983647046092)
  );
#8439 = DIRECTION('',(-0.986055526549,1.439820485061E-16,-0.166416641481
    ));
#8440 = PLANE('',#8441);
#8441 = AXIS2_PLACEMENT_3D('',#8442,#8443,#8444);
#8442 = CARTESIAN_POINT('',(1.75,0.989544936015,-2.969164798593));
#8443 = DIRECTION('',(0.166010162112,6.985066062633E-02,-0.983647046092)
  );
#8444 = DIRECTION('',(-0.986055526549,0.,-0.166416641481));
#8445 = ADVANCED_FACE('',(#8446),#8459,.F.);
#8446 = FACE_BOUND('',#8447,.F.);
#8447 = EDGE_LOOP('',(#8448,#8449,#8450,#8451,#8458));
#8448 = ORIENTED_EDGE('',*,*,#8404,.T.);
#8449 = ORIENTED_EDGE('',*,*,#8349,.T.);
#8450 = ORIENTED_EDGE('',*,*,#6712,.T.);
#8451 = ORIENTED_EDGE('',*,*,#8452,.F.);
#8452 = EDGE_CURVE('',#8420,#6713,#8453,.T.);
#8453 = CIRCLE('',#8454,0.2);
#8454 = AXIS2_PLACEMENT_3D('',#8455,#8456,#8457);
#8455 = CARTESIAN_POINT('',(1.733283001604,0.975378227233,
    -2.769667168626));
#8456 = DIRECTION('',(-8.092012414444E-17,0.997488149833,
    7.083354391148E-02));
#8457 = DIRECTION('',(2.710505431214E-14,7.083354391148E-02,
    -0.997488149833));
#8458 = ORIENTED_EDGE('',*,*,#8427,.T.);
#8459 = PLANE('',#8460);
#8460 = AXIS2_PLACEMENT_3D('',#8461,#8462,#8463);
#8461 = CARTESIAN_POINT('',(-2.805847707871E-17,0.774791820522,
    5.501945105852E-02));
#8462 = DIRECTION('',(8.092012414444E-17,-0.997488149833,
    -7.083354391148E-02));
#8463 = DIRECTION('',(0.,7.083354391148E-02,-0.997488149833));
#8464 = ADVANCED_FACE('',(#8465),#8497,.T.);
#8465 = FACE_BOUND('',#8466,.T.);
#8466 = EDGE_LOOP('',(#8467,#8468,#8474,#8482,#8490));
#8467 = ORIENTED_EDGE('',*,*,#7591,.F.);
#8468 = ORIENTED_EDGE('',*,*,#8469,.T.);
#8469 = EDGE_CURVE('',#7583,#6859,#8470,.T.);
#8470 = LINE('',#8471,#8472);
#8471 = CARTESIAN_POINT('',(-1.754121258507,0.978870760264,
    -2.818849520931));
#8472 = VECTOR('',#8473,1.);
#8473 = DIRECTION('',(3.008010507344E-15,0.997488149833,
    7.083354391148E-02));
#8474 = ORIENTED_EDGE('',*,*,#8475,.T.);
#8475 = EDGE_CURVE('',#6859,#8476,#8478,.T.);
#8476 = VERTEX_POINT('',#8477);
#8477 = CARTESIAN_POINT('',(-2.275444008191,0.972654219661,
    -2.731307302346));
#8478 = LINE('',#8479,#8480);
#8479 = CARTESIAN_POINT('',(-1.75,0.978919904428,-2.819541576118));
#8480 = VECTOR('',#8481,1.);
#8481 = DIRECTION('',(-0.986124041932,-1.175908810768E-02,0.165593169458
    ));
#8482 = ORIENTED_EDGE('',*,*,#8483,.T.);
#8483 = EDGE_CURVE('',#8476,#8484,#8486,.T.);
#8484 = VERTEX_POINT('',#8485);
#8485 = CARTESIAN_POINT('',(-2.275444008191,0.643483130216,
    -2.754682371837));
#8486 = LINE('',#8487,#8488);
#8487 = CARTESIAN_POINT('',(-2.275444008191,0.972654219661,
    -2.731307302346));
#8488 = VECTOR('',#8489,1.);
#8489 = DIRECTION('',(0.,-0.997488149833,-7.083354391148E-02));
#8490 = ORIENTED_EDGE('',*,*,#8491,.T.);
#8491 = EDGE_CURVE('',#8484,#7592,#8492,.T.);
#8492 = CIRCLE('',#8493,1.E-01);
#8493 = AXIS2_PLACEMENT_3D('',#8494,#8495,#8496);
#8494 = CARTESIAN_POINT('',(-2.176831603997,0.644659039027,
    -2.771241688783));
#8495 = DIRECTION('',(0.166010162112,-6.985066062633E-02,0.983647046092)
  );
#8496 = DIRECTION('',(0.986055526549,1.092875789865E-16,-0.166416641481)
  );
#8497 = PLANE('',#8498);
#8498 = AXIS2_PLACEMENT_3D('',#8499,#8500,#8501);
#8499 = CARTESIAN_POINT('',(-1.75,0.978919904428,-2.819541576118));
#8500 = DIRECTION('',(0.166010162112,-6.985066062633E-02,0.983647046092)
  );
#8501 = DIRECTION('',(0.986055526549,-1.734723475977E-18,-0.166416641481
    ));
#8502 = ADVANCED_FACE('',(#8503),#8537,.T.);
#8503 = FACE_BOUND('',#8504,.T.);
#8504 = EDGE_LOOP('',(#8505,#8515,#8521,#8522,#8531));
#8505 = ORIENTED_EDGE('',*,*,#8506,.T.);
#8506 = EDGE_CURVE('',#8507,#8509,#8511,.T.);
#8507 = VERTEX_POINT('',#8508);
#8508 = CARTESIAN_POINT('',(-2.3,0.982986432029,-2.876807002485));
#8509 = VERTEX_POINT('',#8510);
#8510 = CARTESIAN_POINT('',(-1.766485034027,0.989348359358,
    -2.966396577845));
#8511 = LINE('',#8512,#8513);
#8512 = CARTESIAN_POINT('',(-1.75,0.989544936015,-2.969164798593));
#8513 = VECTOR('',#8514,1.);
#8514 = DIRECTION('',(0.986124041932,1.175908810768E-02,-0.165593169458)
  );
#8515 = ORIENTED_EDGE('',*,*,#8516,.T.);
#8516 = EDGE_CURVE('',#8509,#7565,#8517,.T.);
#8517 = LINE('',#8518,#8519);
#8518 = CARTESIAN_POINT('',(-1.766485034027,0.56042845493,
    -2.996855001727));
#8519 = VECTOR('',#8520,1.);
#8520 = DIRECTION('',(6.356571875357E-15,-0.997488149833,
    -7.083354391148E-02));
#8521 = ORIENTED_EDGE('',*,*,#7562,.F.);
#8522 = ORIENTED_EDGE('',*,*,#8523,.T.);
#8523 = EDGE_CURVE('',#7563,#8524,#8526,.T.);
#8524 = VERTEX_POINT('',#8525);
#8525 = CARTESIAN_POINT('',(-2.3,0.653815342584,-2.900182071976));
#8526 = CIRCLE('',#8527,0.1);
#8527 = AXIS2_PLACEMENT_3D('',#8528,#8529,#8530);
#8528 = CARTESIAN_POINT('',(-2.201387595807,0.654991251395,
    -2.916741388922));
#8529 = DIRECTION('',(-0.166010162112,6.985066062633E-02,-0.983647046092
    ));
#8530 = DIRECTION('',(-0.986055526549,-1.058181320346E-16,0.166416641481
    ));
#8531 = ORIENTED_EDGE('',*,*,#8532,.F.);
#8532 = EDGE_CURVE('',#8507,#8524,#8533,.T.);
#8533 = LINE('',#8534,#8535);
#8534 = CARTESIAN_POINT('',(-2.3,0.982986432029,-2.876807002485));
#8535 = VECTOR('',#8536,1.);
#8536 = DIRECTION('',(0.,-0.997488149833,-7.083354391148E-02));
#8537 = PLANE('',#8538);
#8538 = AXIS2_PLACEMENT_3D('',#8539,#8540,#8541);
#8539 = CARTESIAN_POINT('',(-1.75,0.989544936015,-2.969164798593));
#8540 = DIRECTION('',(-0.166010162112,6.985066062633E-02,-0.983647046092
    ));
#8541 = DIRECTION('',(-0.986055526549,-1.734723475977E-18,0.166416641481
    ));
#8542 = ADVANCED_FACE('',(#8543),#8559,.T.);
#8543 = FACE_BOUND('',#8544,.T.);
#8544 = EDGE_LOOP('',(#8545,#8546,#8552,#8553));
#8545 = ORIENTED_EDGE('',*,*,#8532,.T.);
#8546 = ORIENTED_EDGE('',*,*,#8547,.T.);
#8547 = EDGE_CURVE('',#8524,#8484,#8548,.T.);
#8548 = LINE('',#8549,#8550);
#8549 = CARTESIAN_POINT('',(-2.275444008191,0.643483130216,
    -2.754682371837));
#8550 = VECTOR('',#8551,1.);
#8551 = DIRECTION('',(0.166010162112,-6.985066062633E-02,0.983647046092)
  );
#8552 = ORIENTED_EDGE('',*,*,#8483,.F.);
#8553 = ORIENTED_EDGE('',*,*,#8554,.T.);
#8554 = EDGE_CURVE('',#8476,#8507,#8555,.T.);
#8555 = LINE('',#8556,#8557);
#8556 = CARTESIAN_POINT('',(-2.275444008191,0.972654219661,
    -2.731307302346));
#8557 = VECTOR('',#8558,1.);
#8558 = DIRECTION('',(-0.166010162112,6.985066062633E-02,-0.983647046092
    ));
#8559 = PLANE('',#8560);
#8560 = AXIS2_PLACEMENT_3D('',#8561,#8562,#8563);
#8561 = CARTESIAN_POINT('',(-2.275444008191,0.972654219661,
    -2.731307302346));
#8562 = DIRECTION('',(-0.986124041932,-1.175908810768E-02,0.165593169458
    ));
#8563 = DIRECTION('',(0.165604619439,-2.168404344971E-19,0.986192227723)
  );
#8564 = ADVANCED_FACE('',(#8565),#8578,.F.);
#8565 = FACE_BOUND('',#8566,.F.);
#8566 = EDGE_LOOP('',(#8567,#8568,#8569,#8570,#8577));
#8567 = ORIENTED_EDGE('',*,*,#8475,.T.);
#8568 = ORIENTED_EDGE('',*,*,#8554,.T.);
#8569 = ORIENTED_EDGE('',*,*,#8506,.T.);
#8570 = ORIENTED_EDGE('',*,*,#8571,.F.);
#8571 = EDGE_CURVE('',#6907,#8509,#8572,.T.);
#8572 = CIRCLE('',#8573,0.2);
#8573 = AXIS2_PLACEMENT_3D('',#8574,#8575,#8576);
#8574 = CARTESIAN_POINT('',(-1.733283001604,0.975378227233,
    -2.769667168626));
#8575 = DIRECTION('',(1.908195823574E-17,0.997488149833,
    7.083354391148E-02));
#8576 = DIRECTION('',(5.777789833162E-33,7.083354391148E-02,
    -0.997488149833));
#8577 = ORIENTED_EDGE('',*,*,#6915,.T.);
#8578 = PLANE('',#8579);
#8579 = AXIS2_PLACEMENT_3D('',#8580,#8581,#8582);
#8580 = CARTESIAN_POINT('',(6.616533197834E-18,0.774791820522,
    5.501945105852E-02));
#8581 = DIRECTION('',(-1.908195823574E-17,-0.997488149833,
    -7.083354391148E-02));
#8582 = DIRECTION('',(0.,7.083354391148E-02,-0.997488149833));
#8583 = ADVANCED_FACE('',(#8584),#8590,.T.);
#8584 = FACE_BOUND('',#8585,.T.);
#8585 = EDGE_LOOP('',(#8586,#8587,#8588,#8589));
#8586 = ORIENTED_EDGE('',*,*,#8434,.F.);
#8587 = ORIENTED_EDGE('',*,*,#8388,.F.);
#8588 = ORIENTED_EDGE('',*,*,#8364,.F.);
#8589 = ORIENTED_EDGE('',*,*,#7529,.F.);
#8590 = CYLINDRICAL_SURFACE('',#8591,0.1);
#8591 = AXIS2_PLACEMENT_3D('',#8592,#8593,#8594);
#8592 = CARTESIAN_POINT('',(2.200698611459,0.654701353408,
    -2.912659003782));
#8593 = DIRECTION('',(0.166010162112,6.985066062633E-02,-0.983647046092)
  );
#8594 = DIRECTION('',(-0.986055526549,-7.632783294298E-17,
    -0.166416641481));
#8595 = ADVANCED_FACE('',(#8596),#8602,.T.);
#8596 = FACE_BOUND('',#8597,.T.);
#8597 = EDGE_LOOP('',(#8598,#8599,#8600,#8601));
#8598 = ORIENTED_EDGE('',*,*,#8491,.F.);
#8599 = ORIENTED_EDGE('',*,*,#8547,.F.);
#8600 = ORIENTED_EDGE('',*,*,#8523,.F.);
#8601 = ORIENTED_EDGE('',*,*,#7599,.F.);
#8602 = CYLINDRICAL_SURFACE('',#8603,0.1);
#8603 = AXIS2_PLACEMENT_3D('',#8604,#8605,#8606);
#8604 = CARTESIAN_POINT('',(-2.10561877142,0.614695431153,
    -2.349289854523));
#8605 = DIRECTION('',(0.166010162112,-6.985066062633E-02,0.983647046092)
  );
#8606 = DIRECTION('',(0.986055526549,-7.632783294298E-17,-0.166416641481
    ));
#8607 = ADVANCED_FACE('',(#8608),#8615,.T.);
#8608 = FACE_BOUND('',#8609,.T.);
#8609 = EDGE_LOOP('',(#8610,#8611,#8612,#8613,#8614));
#8610 = ORIENTED_EDGE('',*,*,#8452,.F.);
#8611 = ORIENTED_EDGE('',*,*,#8419,.F.);
#8612 = ORIENTED_EDGE('',*,*,#7512,.F.);
#8613 = ORIENTED_EDGE('',*,*,#6747,.F.);
#8614 = ORIENTED_EDGE('',*,*,#6721,.F.);
#8615 = CYLINDRICAL_SURFACE('',#8616,0.2);
#8616 = AXIS2_PLACEMENT_3D('',#8617,#8618,#8619);
#8617 = CARTESIAN_POINT('',(1.733283001604,1.105833291218,
    -2.760403304685));
#8618 = DIRECTION('',(6.26796631378E-15,0.997488149833,
    7.083354391148E-02));
#8619 = DIRECTION('',(1.922848456476E-30,-7.083354391148E-02,
    0.997488149833));
#8620 = ADVANCED_FACE('',(#8621),#8628,.T.);
#8621 = FACE_BOUND('',#8622,.T.);
#8622 = EDGE_LOOP('',(#8623,#8624,#8625,#8626,#8627));
#8623 = ORIENTED_EDGE('',*,*,#7572,.F.);
#8624 = ORIENTED_EDGE('',*,*,#8516,.F.);
#8625 = ORIENTED_EDGE('',*,*,#8571,.F.);
#8626 = ORIENTED_EDGE('',*,*,#6906,.F.);
#8627 = ORIENTED_EDGE('',*,*,#6942,.F.);
#8628 = CYLINDRICAL_SURFACE('',#8629,0.2);
#8629 = AXIS2_PLACEMENT_3D('',#8630,#8631,#8632);
#8630 = CARTESIAN_POINT('',(-1.733283001604,1.105833291218,
    -2.760403304685));
#8631 = DIRECTION('',(6.35156232761E-15,-0.997488149833,
    -7.083354391148E-02));
#8632 = DIRECTION('',(2.070759876205E-30,7.083354391148E-02,
    -0.997488149833));
#8633 = ADVANCED_FACE('',(#8634),#8639,.F.);
#8634 = FACE_BOUND('',#8635,.F.);
#8635 = EDGE_LOOP('',(#8636,#8637,#8638));
#8636 = ORIENTED_EDGE('',*,*,#6682,.T.);
#8637 = ORIENTED_EDGE('',*,*,#8357,.T.);
#8638 = ORIENTED_EDGE('',*,*,#7545,.T.);
#8639 = CYLINDRICAL_SURFACE('',#8640,5.E-02);
#8640 = AXIS2_PLACEMENT_3D('',#8641,#8642,#8643);
#8641 = CARTESIAN_POINT('',(1.745820750401,0.546458322804,
    -2.800125592508));
#8642 = DIRECTION('',(-3.009456497883E-15,0.997488149833,
    7.083354391148E-02));
#8643 = DIRECTION('',(1.306550874272E-30,-7.083354391148E-02,
    0.997488149833));
#8644 = ADVANCED_FACE('',(#8645),#8650,.F.);
#8645 = FACE_BOUND('',#8646,.F.);
#8646 = EDGE_LOOP('',(#8647,#8648,#8649));
#8647 = ORIENTED_EDGE('',*,*,#7582,.T.);
#8648 = ORIENTED_EDGE('',*,*,#8469,.T.);
#8649 = ORIENTED_EDGE('',*,*,#6866,.T.);
#8650 = CYLINDRICAL_SURFACE('',#8651,5.E-02);
#8651 = AXIS2_PLACEMENT_3D('',#8652,#8653,#8654);
#8652 = CARTESIAN_POINT('',(-1.745820750401,0.546458322804,
    -2.800125592508));
#8653 = DIRECTION('',(-3.009456497883E-15,-0.997488149833,
    -7.083354391148E-02));
#8654 = DIRECTION('',(1.355854680849E-30,7.083354391148E-02,
    -0.997488149833));
#8655 = ( GEOMETRIC_REPRESENTATION_CONTEXT(3) 
GLOBAL_UNCERTAINTY_ASSIGNED_CONTEXT((#8659)) 
GLOBAL_UNIT_ASSIGNED_CONTEXT((#8656,#8657,#8658)) REPRESENTATION_CONTEXT
('Context #1','3D Context with UNIT and UNCERTAINTY') );
#8656 = ( LENGTH_UNIT() NAMED_UNIT(*) SI_UNIT(.MILLI.,.METRE.) );
#8657 = ( NAMED_UNIT(*) PLANE_ANGLE_UNIT() SI_UNIT($,.RADIAN.) );
#8658 = ( NAMED_UNIT(*) SI_UNIT($,.STERADIAN.) SOLID_ANGLE_UNIT() );
#8659 = UNCERTAINTY_MEASURE_WITH_UNIT(LENGTH_MEASURE(5.E-05),#8656,
  'distance_accuracy_value','confusion accuracy');
#8660 = CONTEXT_DEPENDENT_SHAPE_REPRESENTATION(#8661,#8663);
#8661 = ( REPRESENTATION_RELATIONSHIP('','',#48,#10) 
REPRESENTATION_RELATIONSHIP_WITH_TRANSFORMATION(#8662) 
SHAPE_REPRESENTATION_RELATIONSHIP() );
#8662 = ITEM_DEFINED_TRANSFORMATION('','',#11,#15);
#8663 = PRODUCT_DEFINITION_SHAPE('Placement','Placement of an item',
  #8664);
#8664 = NEXT_ASSEMBLY_USAGE_OCCURRENCE('1','B1','',#5,#43,$);
#8665 = PRODUCT_RELATED_PRODUCT_CATEGORY('part',$,(#45));
#8666 = CONTEXT_DEPENDENT_SHAPE_REPRESENTATION(#8667,#8669);
#8667 = ( REPRESENTATION_RELATIONSHIP('','',#48,#10) 
REPRESENTATION_RELATIONSHIP_WITH_TRANSFORMATION(#8668) 
SHAPE_REPRESENTATION_RELATIONSHIP() );
#8668 = ITEM_DEFINED_TRANSFORMATION('','',#11,#19);
#8669 = PRODUCT_DEFINITION_SHAPE('Placement','Placement of an item',
  #8670);
#8670 = NEXT_ASSEMBLY_USAGE_OCCURRENCE('2','Y1','',#5,#43,$);
#8671 = CONTEXT_DEPENDENT_SHAPE_REPRESENTATION(#8672,#8674);
#8672 = ( REPRESENTATION_RELATIONSHIP('','',#48,#10) 
REPRESENTATION_RELATIONSHIP_WITH_TRANSFORMATION(#8673) 
SHAPE_REPRESENTATION_RELATIONSHIP() );
#8673 = ITEM_DEFINED_TRANSFORMATION('','',#11,#23);
#8674 = PRODUCT_DEFINITION_SHAPE('Placement','Placement of an item',
  #8675);
#8675 = NEXT_ASSEMBLY_USAGE_OCCURRENCE('3','A1','',#5,#43,$);
#8676 = CONTEXT_DEPENDENT_SHAPE_REPRESENTATION(#8677,#8679);
#8677 = ( REPRESENTATION_RELATIONSHIP('','',#48,#10) 
REPRESENTATION_RELATIONSHIP_WITH_TRANSFORMATION(#8678) 
SHAPE_REPRESENTATION_RELATIONSHIP() );
#8678 = ITEM_DEFINED_TRANSFORMATION('','',#11,#27);
#8679 = PRODUCT_DEFINITION_SHAPE('Placement','Placement of an item',
  #8680);
#8680 = NEXT_ASSEMBLY_USAGE_OCCURRENCE('4','X1','',#5,#43,$);
#8681 = SHAPE_DEFINITION_REPRESENTATION(#8682,#8688);
#8682 = PRODUCT_DEFINITION_SHAPE('','',#8683);
#8683 = PRODUCT_DEFINITION('design','',#8684,#8687);
#8684 = PRODUCT_DEFINITION_FORMATION('','',#8685);
#8685 = PRODUCT('GCU-ADU_PCB','GCU-ADU_PCB','',(#8686));
#8686 = PRODUCT_CONTEXT('',#2,'mechanical');
#8687 = PRODUCT_DEFINITION_CONTEXT('part definition',#2,'design');
#8688 = ADVANCED_BREP_SHAPE_REPRESENTATION('',(#11,#8689),#13033);
#8689 = MANIFOLD_SOLID_BREP('',#8690);
#8690 = CLOSED_SHELL('',(#8691,#8733,#8764,#8797,#8828,#8861,#8892,#8925
    ,#8956,#8989,#9020,#9053,#9084,#9115,#9148,#9179,#9212,#9243,#9276,
    #9307,#9340,#9371,#9404,#9435,#9468,#9499,#9532,#9563,#9594,#9627,
    #9658,#9691,#9722,#9753,#9786,#9817,#9850,#9881,#9914,#9945,#9978,
    #10009,#10042,#10073,#10106,#10128,#10170,#10201,#10234,#10265,
    #10298,#10329,#10362,#10384,#10426,#10457,#10490,#10521,#10554,
    #10585,#10618,#10640,#10682,#10713,#10746,#10777,#10810,#10841,
    #10874,#10896,#10938,#10969,#11002,#11033,#11066,#11097,#11130,
    #11152,#11194,#11225,#11258,#11289,#11322,#11353,#11386,#11408,
    #11450,#11481,#11514,#11545,#11578,#11609,#11642,#11664,#11706,
    #11737,#11770,#11801,#11834,#11865,#11898,#11920,#11962,#11993,
    #12026,#12057,#12090,#12121,#12154,#12176,#12209,#12251,#12282,
    #12315,#12346,#12379,#12410,#12443,#12465,#12507,#12538,#12571,
    #12602,#12635,#12666,#12699,#12721,#12877));
#8691 = ADVANCED_FACE('',(#8692),#8728,.T.);
#8692 = FACE_BOUND('',#8693,.T.);
#8693 = EDGE_LOOP('',(#8694,#8704,#8713,#8721));
#8694 = ORIENTED_EDGE('',*,*,#8695,.T.);
#8695 = EDGE_CURVE('',#8696,#8698,#8700,.T.);
#8696 = VERTEX_POINT('',#8697);
#8697 = CARTESIAN_POINT('',(105.884997,-48.91393,0.));
#8698 = VERTEX_POINT('',#8699);
#8699 = CARTESIAN_POINT('',(105.884997,-48.91393,0.21));
#8700 = LINE('',#8701,#8702);
#8701 = CARTESIAN_POINT('',(105.884997,-48.91393,0.));
#8702 = VECTOR('',#8703,1.);
#8703 = DIRECTION('',(0.,0.,1.));
#8704 = ORIENTED_EDGE('',*,*,#8705,.T.);
#8705 = EDGE_CURVE('',#8698,#8706,#8708,.T.);
#8706 = VERTEX_POINT('',#8707);
#8707 = CARTESIAN_POINT('',(107.884991,-50.913921,0.21));
#8708 = CIRCLE('',#8709,1.999996798756);
#8709 = AXIS2_PLACEMENT_3D('',#8710,#8711,#8712);
#8710 = CARTESIAN_POINT('',(105.88499420125,-50.91392679875,0.21));
#8711 = DIRECTION('',(0.,0.,-1.));
#8712 = DIRECTION('',(1.399376268082E-06,0.999999999999,0.));
#8713 = ORIENTED_EDGE('',*,*,#8714,.F.);
#8714 = EDGE_CURVE('',#8715,#8706,#8717,.T.);
#8715 = VERTEX_POINT('',#8716);
#8716 = CARTESIAN_POINT('',(107.884991,-50.913921,0.));
#8717 = LINE('',#8718,#8719);
#8718 = CARTESIAN_POINT('',(107.884991,-50.913921,0.));
#8719 = VECTOR('',#8720,1.);
#8720 = DIRECTION('',(0.,0.,1.));
#8721 = ORIENTED_EDGE('',*,*,#8722,.F.);
#8722 = EDGE_CURVE('',#8696,#8715,#8723,.T.);
#8723 = CIRCLE('',#8724,1.999996798756);
#8724 = AXIS2_PLACEMENT_3D('',#8725,#8726,#8727);
#8725 = CARTESIAN_POINT('',(105.88499420125,-50.91392679875,0.));
#8726 = DIRECTION('',(0.,0.,-1.));
#8727 = DIRECTION('',(1.399376268082E-06,0.999999999999,0.));
#8728 = CYLINDRICAL_SURFACE('',#8729,1.999996798756);
#8729 = AXIS2_PLACEMENT_3D('',#8730,#8731,#8732);
#8730 = CARTESIAN_POINT('',(105.88499420125,-50.91392679875,0.));
#8731 = DIRECTION('',(0.,0.,-1.));
#8732 = DIRECTION('',(1.399376268082E-06,0.999999999999,0.));
#8733 = ADVANCED_FACE('',(#8734),#8759,.T.);
#8734 = FACE_BOUND('',#8735,.T.);
#8735 = EDGE_LOOP('',(#8736,#8737,#8745,#8753));
#8736 = ORIENTED_EDGE('',*,*,#8714,.T.);
#8737 = ORIENTED_EDGE('',*,*,#8738,.T.);
#8738 = EDGE_CURVE('',#8706,#8739,#8741,.T.);
#8739 = VERTEX_POINT('',#8740);
#8740 = CARTESIAN_POINT('',(107.884991,-55.555621,0.21));
#8741 = LINE('',#8742,#8743);
#8742 = CARTESIAN_POINT('',(107.884991,-50.913921,0.21));
#8743 = VECTOR('',#8744,1.);
#8744 = DIRECTION('',(0.,-1.,0.));
#8745 = ORIENTED_EDGE('',*,*,#8746,.F.);
#8746 = EDGE_CURVE('',#8747,#8739,#8749,.T.);
#8747 = VERTEX_POINT('',#8748);
#8748 = CARTESIAN_POINT('',(107.884991,-55.555621,0.));
#8749 = LINE('',#8750,#8751);
#8750 = CARTESIAN_POINT('',(107.884991,-55.555621,0.));
#8751 = VECTOR('',#8752,1.);
#8752 = DIRECTION('',(0.,0.,1.));
#8753 = ORIENTED_EDGE('',*,*,#8754,.F.);
#8754 = EDGE_CURVE('',#8715,#8747,#8755,.T.);
#8755 = LINE('',#8756,#8757);
#8756 = CARTESIAN_POINT('',(107.884991,-50.913921,0.));
#8757 = VECTOR('',#8758,1.);
#8758 = DIRECTION('',(0.,-1.,0.));
#8759 = PLANE('',#8760);
#8760 = AXIS2_PLACEMENT_3D('',#8761,#8762,#8763);
#8761 = CARTESIAN_POINT('',(107.884991,-50.913921,0.));
#8762 = DIRECTION('',(1.,0.,-0.));
#8763 = DIRECTION('',(0.,-1.,0.));
#8764 = ADVANCED_FACE('',(#8765),#8792,.F.);
#8765 = FACE_BOUND('',#8766,.T.);
#8766 = EDGE_LOOP('',(#8767,#8768,#8777,#8785));
#8767 = ORIENTED_EDGE('',*,*,#8746,.T.);
#8768 = ORIENTED_EDGE('',*,*,#8769,.T.);
#8769 = EDGE_CURVE('',#8739,#8770,#8772,.T.);
#8770 = VERTEX_POINT('',#8771);
#8771 = CARTESIAN_POINT('',(108.884997,-56.555631,0.21));
#8772 = CIRCLE('',#8773,1.000002667183);
#8773 = AXIS2_PLACEMENT_3D('',#8774,#8775,#8776);
#8774 = CARTESIAN_POINT('',(108.88499366715,-55.55562833282,0.21));
#8775 = DIRECTION('',(0.,0.,1.));
#8776 = DIRECTION('',(-0.999999999973,7.332802571129E-06,0.));
#8777 = ORIENTED_EDGE('',*,*,#8778,.F.);
#8778 = EDGE_CURVE('',#8779,#8770,#8781,.T.);
#8779 = VERTEX_POINT('',#8780);
#8780 = CARTESIAN_POINT('',(108.884997,-56.555631,0.));
#8781 = LINE('',#8782,#8783);
#8782 = CARTESIAN_POINT('',(108.884997,-56.555631,0.));
#8783 = VECTOR('',#8784,1.);
#8784 = DIRECTION('',(0.,0.,1.));
#8785 = ORIENTED_EDGE('',*,*,#8786,.F.);
#8786 = EDGE_CURVE('',#8747,#8779,#8787,.T.);
#8787 = CIRCLE('',#8788,1.000002667183);
#8788 = AXIS2_PLACEMENT_3D('',#8789,#8790,#8791);
#8789 = CARTESIAN_POINT('',(108.88499366715,-55.55562833282,0.));
#8790 = DIRECTION('',(0.,0.,1.));
#8791 = DIRECTION('',(-0.999999999973,7.332802571129E-06,0.));
#8792 = CYLINDRICAL_SURFACE('',#8793,1.000002667183);
#8793 = AXIS2_PLACEMENT_3D('',#8794,#8795,#8796);
#8794 = CARTESIAN_POINT('',(108.88499366715,-55.55562833282,0.));
#8795 = DIRECTION('',(-0.,-0.,-1.));
#8796 = DIRECTION('',(-0.999999999973,7.332802571129E-06,0.));
#8797 = ADVANCED_FACE('',(#8798),#8823,.T.);
#8798 = FACE_BOUND('',#8799,.T.);
#8799 = EDGE_LOOP('',(#8800,#8801,#8809,#8817));
#8800 = ORIENTED_EDGE('',*,*,#8778,.T.);
#8801 = ORIENTED_EDGE('',*,*,#8802,.T.);
#8802 = EDGE_CURVE('',#8770,#8803,#8805,.T.);
#8803 = VERTEX_POINT('',#8804);
#8804 = CARTESIAN_POINT('',(112.076097,-56.555631,0.21));
#8805 = LINE('',#8806,#8807);
#8806 = CARTESIAN_POINT('',(108.884997,-56.555631,0.21));
#8807 = VECTOR('',#8808,1.);
#8808 = DIRECTION('',(1.,0.,0.));
#8809 = ORIENTED_EDGE('',*,*,#8810,.F.);
#8810 = EDGE_CURVE('',#8811,#8803,#8813,.T.);
#8811 = VERTEX_POINT('',#8812);
#8812 = CARTESIAN_POINT('',(112.076097,-56.555631,0.));
#8813 = LINE('',#8814,#8815);
#8814 = CARTESIAN_POINT('',(112.076097,-56.555631,0.));
#8815 = VECTOR('',#8816,1.);
#8816 = DIRECTION('',(0.,0.,1.));
#8817 = ORIENTED_EDGE('',*,*,#8818,.F.);
#8818 = EDGE_CURVE('',#8779,#8811,#8819,.T.);
#8819 = LINE('',#8820,#8821);
#8820 = CARTESIAN_POINT('',(108.884997,-56.555631,0.));
#8821 = VECTOR('',#8822,1.);
#8822 = DIRECTION('',(1.,0.,0.));
#8823 = PLANE('',#8824);
#8824 = AXIS2_PLACEMENT_3D('',#8825,#8826,#8827);
#8825 = CARTESIAN_POINT('',(108.884997,-56.555631,0.));
#8826 = DIRECTION('',(0.,1.,0.));
#8827 = DIRECTION('',(1.,0.,0.));
#8828 = ADVANCED_FACE('',(#8829),#8856,.T.);
#8829 = FACE_BOUND('',#8830,.T.);
#8830 = EDGE_LOOP('',(#8831,#8832,#8841,#8849));
#8831 = ORIENTED_EDGE('',*,*,#8810,.T.);
#8832 = ORIENTED_EDGE('',*,*,#8833,.T.);
#8833 = EDGE_CURVE('',#8803,#8834,#8836,.T.);
#8834 = VERTEX_POINT('',#8835);
#8835 = CARTESIAN_POINT('',(113.07606,-57.55962,0.21));
#8836 = CIRCLE('',#8837,0.999958720153);
#8837 = AXIS2_PLACEMENT_3D('',#8838,#8839,#8840);
#8838 = CARTESIAN_POINT('',(112.07610940179,-57.55558972007,0.21));
#8839 = DIRECTION('',(0.,0.,-1.));
#8840 = DIRECTION('',(-1.240230498001E-05,0.999999999923,0.));
#8841 = ORIENTED_EDGE('',*,*,#8842,.F.);
#8842 = EDGE_CURVE('',#8843,#8834,#8845,.T.);
#8843 = VERTEX_POINT('',#8844);
#8844 = CARTESIAN_POINT('',(113.07606,-57.55962,0.));
#8845 = LINE('',#8846,#8847);
#8846 = CARTESIAN_POINT('',(113.07606,-57.55962,0.));
#8847 = VECTOR('',#8848,1.);
#8848 = DIRECTION('',(0.,0.,1.));
#8849 = ORIENTED_EDGE('',*,*,#8850,.F.);
#8850 = EDGE_CURVE('',#8811,#8843,#8851,.T.);
#8851 = CIRCLE('',#8852,0.999958720153);
#8852 = AXIS2_PLACEMENT_3D('',#8853,#8854,#8855);
#8853 = CARTESIAN_POINT('',(112.07610940179,-57.55558972007,0.));
#8854 = DIRECTION('',(0.,0.,-1.));
#8855 = DIRECTION('',(-1.240230498001E-05,0.999999999923,0.));
#8856 = CYLINDRICAL_SURFACE('',#8857,0.999958720153);
#8857 = AXIS2_PLACEMENT_3D('',#8858,#8859,#8860);
#8858 = CARTESIAN_POINT('',(112.07610940179,-57.55558972007,0.));
#8859 = DIRECTION('',(0.,0.,-1.));
#8860 = DIRECTION('',(-1.240230498001E-05,0.999999999923,0.));
#8861 = ADVANCED_FACE('',(#8862),#8887,.T.);
#8862 = FACE_BOUND('',#8863,.T.);
#8863 = EDGE_LOOP('',(#8864,#8865,#8873,#8881));
#8864 = ORIENTED_EDGE('',*,*,#8842,.T.);
#8865 = ORIENTED_EDGE('',*,*,#8866,.T.);
#8866 = EDGE_CURVE('',#8834,#8867,#8869,.T.);
#8867 = VERTEX_POINT('',#8868);
#8868 = CARTESIAN_POINT('',(113.072819,-57.724541,0.21));
#8869 = LINE('',#8870,#8871);
#8870 = CARTESIAN_POINT('',(113.07606,-57.55962,0.21));
#8871 = VECTOR('',#8872,1.);
#8872 = DIRECTION('',(-1.964803968531E-02,-0.999806958636,0.));
#8873 = ORIENTED_EDGE('',*,*,#8874,.F.);
#8874 = EDGE_CURVE('',#8875,#8867,#8877,.T.);
#8875 = VERTEX_POINT('',#8876);
#8876 = CARTESIAN_POINT('',(113.072819,-57.724541,0.));
#8877 = LINE('',#8878,#8879);
#8878 = CARTESIAN_POINT('',(113.072819,-57.724541,0.));
#8879 = VECTOR('',#8880,1.);
#8880 = DIRECTION('',(0.,0.,1.));
#8881 = ORIENTED_EDGE('',*,*,#8882,.F.);
#8882 = EDGE_CURVE('',#8843,#8875,#8883,.T.);
#8883 = LINE('',#8884,#8885);
#8884 = CARTESIAN_POINT('',(113.07606,-57.55962,0.));
#8885 = VECTOR('',#8886,1.);
#8886 = DIRECTION('',(-1.964803968531E-02,-0.999806958636,0.));
#8887 = PLANE('',#8888);
#8888 = AXIS2_PLACEMENT_3D('',#8889,#8890,#8891);
#8889 = CARTESIAN_POINT('',(113.07606,-57.55962,0.));
#8890 = DIRECTION('',(0.999806958636,-1.964803968531E-02,0.));
#8891 = DIRECTION('',(-1.964803968531E-02,-0.999806958636,0.));
#8892 = ADVANCED_FACE('',(#8893),#8920,.F.);
#8893 = FACE_BOUND('',#8894,.T.);
#8894 = EDGE_LOOP('',(#8895,#8896,#8905,#8913));
#8895 = ORIENTED_EDGE('',*,*,#8874,.T.);
#8896 = ORIENTED_EDGE('',*,*,#8897,.T.);
#8897 = EDGE_CURVE('',#8867,#8898,#8900,.T.);
#8898 = VERTEX_POINT('',#8899);
#8899 = CARTESIAN_POINT('',(114.072838,-58.720826,0.21));
#8900 = CIRCLE('',#8901,1.000025749229);
#8901 = AXIS2_PLACEMENT_3D('',#8902,#8903,#8904);
#8902 = CARTESIAN_POINT('',(114.07283775278,-57.72080025077,0.21));
#8903 = DIRECTION('',(0.,0.,1.));
#8904 = DIRECTION('',(-0.999993003733,-3.740652909926E-03,0.));
#8905 = ORIENTED_EDGE('',*,*,#8906,.F.);
#8906 = EDGE_CURVE('',#8907,#8898,#8909,.T.);
#8907 = VERTEX_POINT('',#8908);
#8908 = CARTESIAN_POINT('',(114.072838,-58.720826,0.));
#8909 = LINE('',#8910,#8911);
#8910 = CARTESIAN_POINT('',(114.072838,-58.720826,0.));
#8911 = VECTOR('',#8912,1.);
#8912 = DIRECTION('',(0.,0.,1.));
#8913 = ORIENTED_EDGE('',*,*,#8914,.F.);
#8914 = EDGE_CURVE('',#8875,#8907,#8915,.T.);
#8915 = CIRCLE('',#8916,1.000025749229);
#8916 = AXIS2_PLACEMENT_3D('',#8917,#8918,#8919);
#8917 = CARTESIAN_POINT('',(114.07283775278,-57.72080025077,0.));
#8918 = DIRECTION('',(0.,0.,1.));
#8919 = DIRECTION('',(-0.999993003733,-3.740652909926E-03,0.));
#8920 = CYLINDRICAL_SURFACE('',#8921,1.000025749229);
#8921 = AXIS2_PLACEMENT_3D('',#8922,#8923,#8924);
#8922 = CARTESIAN_POINT('',(114.07283775278,-57.72080025077,0.));
#8923 = DIRECTION('',(-0.,-0.,-1.));
#8924 = DIRECTION('',(-0.999993003733,-3.740652909926E-03,0.));
#8925 = ADVANCED_FACE('',(#8926),#8951,.T.);
#8926 = FACE_BOUND('',#8927,.T.);
#8927 = EDGE_LOOP('',(#8928,#8929,#8937,#8945));
#8928 = ORIENTED_EDGE('',*,*,#8906,.T.);
#8929 = ORIENTED_EDGE('',*,*,#8930,.T.);
#8930 = EDGE_CURVE('',#8898,#8931,#8933,.T.);
#8931 = VERTEX_POINT('',#8932);
#8932 = CARTESIAN_POINT('',(120.765638,-58.720826,0.21));
#8933 = LINE('',#8934,#8935);
#8934 = CARTESIAN_POINT('',(114.072838,-58.720826,0.21));
#8935 = VECTOR('',#8936,1.);
#8936 = DIRECTION('',(1.,0.,0.));
#8937 = ORIENTED_EDGE('',*,*,#8938,.F.);
#8938 = EDGE_CURVE('',#8939,#8931,#8941,.T.);
#8939 = VERTEX_POINT('',#8940);
#8940 = CARTESIAN_POINT('',(120.765638,-58.720826,0.));
#8941 = LINE('',#8942,#8943);
#8942 = CARTESIAN_POINT('',(120.765638,-58.720826,0.));
#8943 = VECTOR('',#8944,1.);
#8944 = DIRECTION('',(0.,0.,1.));
#8945 = ORIENTED_EDGE('',*,*,#8946,.F.);
#8946 = EDGE_CURVE('',#8907,#8939,#8947,.T.);
#8947 = LINE('',#8948,#8949);
#8948 = CARTESIAN_POINT('',(114.072838,-58.720826,0.));
#8949 = VECTOR('',#8950,1.);
#8950 = DIRECTION('',(1.,0.,0.));
#8951 = PLANE('',#8952);
#8952 = AXIS2_PLACEMENT_3D('',#8953,#8954,#8955);
#8953 = CARTESIAN_POINT('',(114.072838,-58.720826,0.));
#8954 = DIRECTION('',(0.,1.,0.));
#8955 = DIRECTION('',(1.,0.,0.));
#8956 = ADVANCED_FACE('',(#8957),#8984,.T.);
#8957 = FACE_BOUND('',#8958,.T.);
#8958 = EDGE_LOOP('',(#8959,#8960,#8969,#8977));
#8959 = ORIENTED_EDGE('',*,*,#8938,.T.);
#8960 = ORIENTED_EDGE('',*,*,#8961,.T.);
#8961 = EDGE_CURVE('',#8931,#8962,#8964,.T.);
#8962 = VERTEX_POINT('',#8963);
#8963 = CARTESIAN_POINT('',(121.487437,-59.02869,0.21));
#8964 = CIRCLE('',#8965,0.99998403859);
#8965 = AXIS2_PLACEMENT_3D('',#8966,#8967,#8968);
#8966 = CARTESIAN_POINT('',(120.7656767,-59.72081003784,0.21));
#8967 = DIRECTION('',(0.,0.,-1.));
#8968 = DIRECTION('',(-3.870061962533E-05,0.999999999251,0.));
#8969 = ORIENTED_EDGE('',*,*,#8970,.F.);
#8970 = EDGE_CURVE('',#8971,#8962,#8973,.T.);
#8971 = VERTEX_POINT('',#8972);
#8972 = CARTESIAN_POINT('',(121.487437,-59.02869,0.));
#8973 = LINE('',#8974,#8975);
#8974 = CARTESIAN_POINT('',(121.487437,-59.02869,0.));
#8975 = VECTOR('',#8976,1.);
#8976 = DIRECTION('',(0.,0.,1.));
#8977 = ORIENTED_EDGE('',*,*,#8978,.F.);
#8978 = EDGE_CURVE('',#8939,#8971,#8979,.T.);
#8979 = CIRCLE('',#8980,0.99998403859);
#8980 = AXIS2_PLACEMENT_3D('',#8981,#8982,#8983);
#8981 = CARTESIAN_POINT('',(120.7656767,-59.72081003784,0.));
#8982 = DIRECTION('',(0.,0.,-1.));
#8983 = DIRECTION('',(-3.870061962533E-05,0.999999999251,0.));
#8984 = CYLINDRICAL_SURFACE('',#8985,0.99998403859);
#8985 = AXIS2_PLACEMENT_3D('',#8986,#8987,#8988);
#8986 = CARTESIAN_POINT('',(120.7656767,-59.72081003784,0.));
#8987 = DIRECTION('',(0.,0.,-1.));
#8988 = DIRECTION('',(-3.870061962533E-05,0.999999999251,0.));
#8989 = ADVANCED_FACE('',(#8990),#9015,.T.);
#8990 = FACE_BOUND('',#8991,.T.);
#8991 = EDGE_LOOP('',(#8992,#8993,#9001,#9009));
#8992 = ORIENTED_EDGE('',*,*,#8970,.T.);
#8993 = ORIENTED_EDGE('',*,*,#8994,.T.);
#8994 = EDGE_CURVE('',#8962,#8995,#8997,.T.);
#8995 = VERTEX_POINT('',#8996);
#8996 = CARTESIAN_POINT('',(124.305939,-61.934587,0.21));
#8997 = LINE('',#8998,#8999);
#8998 = CARTESIAN_POINT('',(121.487437,-59.02869,0.21));
#8999 = VECTOR('',#9000,1.);
#9000 = DIRECTION('',(0.696230172285,-0.71781860327,0.));
#9001 = ORIENTED_EDGE('',*,*,#9002,.F.);
#9002 = EDGE_CURVE('',#9003,#8995,#9005,.T.);
#9003 = VERTEX_POINT('',#9004);
#9004 = CARTESIAN_POINT('',(124.305939,-61.934587,0.));
#9005 = LINE('',#9006,#9007);
#9006 = CARTESIAN_POINT('',(124.305939,-61.934587,0.));
#9007 = VECTOR('',#9008,1.);
#9008 = DIRECTION('',(0.,0.,1.));
#9009 = ORIENTED_EDGE('',*,*,#9010,.F.);
#9010 = EDGE_CURVE('',#8971,#9003,#9011,.T.);
#9011 = LINE('',#9012,#9013);
#9012 = CARTESIAN_POINT('',(121.487437,-59.02869,0.));
#9013 = VECTOR('',#9014,1.);
#9014 = DIRECTION('',(0.696230172285,-0.71781860327,0.));
#9015 = PLANE('',#9016);
#9016 = AXIS2_PLACEMENT_3D('',#9017,#9018,#9019);
#9017 = CARTESIAN_POINT('',(121.487437,-59.02869,0.));
#9018 = DIRECTION('',(0.71781860327,0.696230172285,-0.));
#9019 = DIRECTION('',(0.696230172285,-0.71781860327,0.));
#9020 = ADVANCED_FACE('',(#9021),#9048,.T.);
#9021 = FACE_BOUND('',#9022,.T.);
#9022 = EDGE_LOOP('',(#9023,#9024,#9033,#9041));
#9023 = ORIENTED_EDGE('',*,*,#9002,.T.);
#9024 = ORIENTED_EDGE('',*,*,#9025,.T.);
#9025 = EDGE_CURVE('',#8995,#9026,#9028,.T.);
#9026 = VERTEX_POINT('',#9027);
#9027 = CARTESIAN_POINT('',(124.588072,-62.641679,0.21));
#9028 = CIRCLE('',#9029,1.000472866724);
#9029 = AXIS2_PLACEMENT_3D('',#9030,#9031,#9032);
#9030 = CARTESIAN_POINT('',(123.58765594209,-62.63101747447,0.21));
#9031 = DIRECTION('',(0.,0.,-1.));
#9032 = DIRECTION('',(0.717943566288,0.696101311323,0.));
#9033 = ORIENTED_EDGE('',*,*,#9034,.F.);
#9034 = EDGE_CURVE('',#9035,#9026,#9037,.T.);
#9035 = VERTEX_POINT('',#9036);
#9036 = CARTESIAN_POINT('',(124.588072,-62.641679,0.));
#9037 = LINE('',#9038,#9039);
#9038 = CARTESIAN_POINT('',(124.588072,-62.641679,0.));
#9039 = VECTOR('',#9040,1.);
#9040 = DIRECTION('',(0.,0.,1.));
#9041 = ORIENTED_EDGE('',*,*,#9042,.F.);
#9042 = EDGE_CURVE('',#9003,#9035,#9043,.T.);
#9043 = CIRCLE('',#9044,1.000472866724);
#9044 = AXIS2_PLACEMENT_3D('',#9045,#9046,#9047);
#9045 = CARTESIAN_POINT('',(123.58765594209,-62.63101747447,0.));
#9046 = DIRECTION('',(0.,0.,-1.));
#9047 = DIRECTION('',(0.717943566288,0.696101311323,0.));
#9048 = CYLINDRICAL_SURFACE('',#9049,1.000472866724);
#9049 = AXIS2_PLACEMENT_3D('',#9050,#9051,#9052);
#9050 = CARTESIAN_POINT('',(123.58765594209,-62.63101747447,0.));
#9051 = DIRECTION('',(0.,0.,-1.));
#9052 = DIRECTION('',(0.717943566288,0.696101311323,0.));
#9053 = ADVANCED_FACE('',(#9054),#9079,.T.);
#9054 = FACE_BOUND('',#9055,.T.);
#9055 = EDGE_LOOP('',(#9056,#9057,#9065,#9073));
#9056 = ORIENTED_EDGE('',*,*,#9034,.T.);
#9057 = ORIENTED_EDGE('',*,*,#9058,.T.);
#9058 = EDGE_CURVE('',#9026,#9059,#9061,.T.);
#9059 = VERTEX_POINT('',#9060);
#9060 = CARTESIAN_POINT('',(124.591331,-62.977865,0.21));
#9061 = LINE('',#9062,#9063);
#9062 = CARTESIAN_POINT('',(124.588072,-62.641679,0.21));
#9063 = VECTOR('',#9064,1.);
#9064 = DIRECTION('',(9.69358295568E-03,-0.999953016121,0.));
#9065 = ORIENTED_EDGE('',*,*,#9066,.F.);
#9066 = EDGE_CURVE('',#9067,#9059,#9069,.T.);
#9067 = VERTEX_POINT('',#9068);
#9068 = CARTESIAN_POINT('',(124.591331,-62.977865,0.));
#9069 = LINE('',#9070,#9071);
#9070 = CARTESIAN_POINT('',(124.591331,-62.977865,0.));
#9071 = VECTOR('',#9072,1.);
#9072 = DIRECTION('',(0.,0.,1.));
#9073 = ORIENTED_EDGE('',*,*,#9074,.F.);
#9074 = EDGE_CURVE('',#9035,#9067,#9075,.T.);
#9075 = LINE('',#9076,#9077);
#9076 = CARTESIAN_POINT('',(124.588072,-62.641679,0.));
#9077 = VECTOR('',#9078,1.);
#9078 = DIRECTION('',(9.69358295568E-03,-0.999953016121,0.));
#9079 = PLANE('',#9080);
#9080 = AXIS2_PLACEMENT_3D('',#9081,#9082,#9083);
#9081 = CARTESIAN_POINT('',(124.588072,-62.641679,0.));
#9082 = DIRECTION('',(0.999953016121,9.69358295568E-03,-0.));
#9083 = DIRECTION('',(9.69358295568E-03,-0.999953016121,0.));
#9084 = ADVANCED_FACE('',(#9085),#9110,.T.);
#9085 = FACE_BOUND('',#9086,.T.);
#9086 = EDGE_LOOP('',(#9087,#9088,#9096,#9104));
#9087 = ORIENTED_EDGE('',*,*,#9066,.T.);
#9088 = ORIENTED_EDGE('',*,*,#9089,.T.);
#9089 = EDGE_CURVE('',#9059,#9090,#9092,.T.);
#9090 = VERTEX_POINT('',#9091);
#9091 = CARTESIAN_POINT('',(124.591331,-73.081561,0.21));
#9092 = LINE('',#9093,#9094);
#9093 = CARTESIAN_POINT('',(124.591331,-62.977865,0.21));
#9094 = VECTOR('',#9095,1.);
#9095 = DIRECTION('',(0.,-1.,0.));
#9096 = ORIENTED_EDGE('',*,*,#9097,.F.);
#9097 = EDGE_CURVE('',#9098,#9090,#9100,.T.);
#9098 = VERTEX_POINT('',#9099);
#9099 = CARTESIAN_POINT('',(124.591331,-73.081561,0.));
#9100 = LINE('',#9101,#9102);
#9101 = CARTESIAN_POINT('',(124.591331,-73.081561,0.));
#9102 = VECTOR('',#9103,1.);
#9103 = DIRECTION('',(0.,0.,1.));
#9104 = ORIENTED_EDGE('',*,*,#9105,.F.);
#9105 = EDGE_CURVE('',#9067,#9098,#9106,.T.);
#9106 = LINE('',#9107,#9108);
#9107 = CARTESIAN_POINT('',(124.591331,-62.977865,0.));
#9108 = VECTOR('',#9109,1.);
#9109 = DIRECTION('',(0.,-1.,0.));
#9110 = PLANE('',#9111);
#9111 = AXIS2_PLACEMENT_3D('',#9112,#9113,#9114);
#9112 = CARTESIAN_POINT('',(124.591331,-62.977865,0.));
#9113 = DIRECTION('',(1.,0.,-0.));
#9114 = DIRECTION('',(0.,-1.,0.));
#9115 = ADVANCED_FACE('',(#9116),#9143,.T.);
#9116 = FACE_BOUND('',#9117,.T.);
#9117 = EDGE_LOOP('',(#9118,#9119,#9128,#9136));
#9118 = ORIENTED_EDGE('',*,*,#9097,.T.);
#9119 = ORIENTED_EDGE('',*,*,#9120,.T.);
#9120 = EDGE_CURVE('',#9090,#9121,#9123,.T.);
#9121 = VERTEX_POINT('',#9122);
#9122 = CARTESIAN_POINT('',(121.591397,-76.081496,0.21));
#9123 = CIRCLE('',#9124,2.999934595821);
#9124 = AXIS2_PLACEMENT_3D('',#9125,#9126,#9127);
#9125 = CARTESIAN_POINT('',(121.59139640417,-73.08156140417,0.21));
#9126 = DIRECTION('',(0.,0.,-1.));
#9127 = DIRECTION('',(1.,1.347291348883E-07,0.));
#9128 = ORIENTED_EDGE('',*,*,#9129,.F.);
#9129 = EDGE_CURVE('',#9130,#9121,#9132,.T.);
#9130 = VERTEX_POINT('',#9131);
#9131 = CARTESIAN_POINT('',(121.591397,-76.081496,0.));
#9132 = LINE('',#9133,#9134);
#9133 = CARTESIAN_POINT('',(121.591397,-76.081496,0.));
#9134 = VECTOR('',#9135,1.);
#9135 = DIRECTION('',(0.,0.,1.));
#9136 = ORIENTED_EDGE('',*,*,#9137,.F.);
#9137 = EDGE_CURVE('',#9098,#9130,#9138,.T.);
#9138 = CIRCLE('',#9139,2.999934595821);
#9139 = AXIS2_PLACEMENT_3D('',#9140,#9141,#9142);
#9140 = CARTESIAN_POINT('',(121.59139640417,-73.08156140417,0.));
#9141 = DIRECTION('',(0.,0.,-1.));
#9142 = DIRECTION('',(1.,1.347291348883E-07,0.));
#9143 = CYLINDRICAL_SURFACE('',#9144,2.999934595821);
#9144 = AXIS2_PLACEMENT_3D('',#9145,#9146,#9147);
#9145 = CARTESIAN_POINT('',(121.59139640417,-73.08156140417,0.));
#9146 = DIRECTION('',(0.,0.,-1.));
#9147 = DIRECTION('',(1.,1.347291348883E-07,0.));
#9148 = ADVANCED_FACE('',(#9149),#9174,.T.);
#9149 = FACE_BOUND('',#9150,.T.);
#9150 = EDGE_LOOP('',(#9151,#9152,#9160,#9168));
#9151 = ORIENTED_EDGE('',*,*,#9129,.T.);
#9152 = ORIENTED_EDGE('',*,*,#9153,.T.);
#9153 = EDGE_CURVE('',#9121,#9154,#9156,.T.);
#9154 = VERTEX_POINT('',#9155);
#9155 = CARTESIAN_POINT('',(107.926597,-76.081503,0.21));
#9156 = LINE('',#9157,#9158);
#9157 = CARTESIAN_POINT('',(121.591397,-76.081496,0.21));
#9158 = VECTOR('',#9159,1.);
#9159 = DIRECTION('',(-1.,-5.122650896125E-07,0.));
#9160 = ORIENTED_EDGE('',*,*,#9161,.F.);
#9161 = EDGE_CURVE('',#9162,#9154,#9164,.T.);
#9162 = VERTEX_POINT('',#9163);
#9163 = CARTESIAN_POINT('',(107.926597,-76.081503,0.));
#9164 = LINE('',#9165,#9166);
#9165 = CARTESIAN_POINT('',(107.926597,-76.081503,0.));
#9166 = VECTOR('',#9167,1.);
#9167 = DIRECTION('',(0.,0.,1.));
#9168 = ORIENTED_EDGE('',*,*,#9169,.F.);
#9169 = EDGE_CURVE('',#9130,#9162,#9170,.T.);
#9170 = LINE('',#9171,#9172);
#9171 = CARTESIAN_POINT('',(121.591397,-76.081496,0.));
#9172 = VECTOR('',#9173,1.);
#9173 = DIRECTION('',(-1.,-5.122650896125E-07,0.));
#9174 = PLANE('',#9175);
#9175 = AXIS2_PLACEMENT_3D('',#9176,#9177,#9178);
#9176 = CARTESIAN_POINT('',(121.591397,-76.081496,0.));
#9177 = DIRECTION('',(5.122650896125E-07,-1.,0.));
#9178 = DIRECTION('',(-1.,-5.122650896125E-07,0.));
#9179 = ADVANCED_FACE('',(#9180),#9207,.F.);
#9180 = FACE_BOUND('',#9181,.T.);
#9181 = EDGE_LOOP('',(#9182,#9183,#9192,#9200));
#9182 = ORIENTED_EDGE('',*,*,#9161,.T.);
#9183 = ORIENTED_EDGE('',*,*,#9184,.T.);
#9184 = EDGE_CURVE('',#9154,#9185,#9187,.T.);
#9185 = VERTEX_POINT('',#9186);
#9186 = CARTESIAN_POINT('',(106.865924,-76.520848,0.21));
#9187 = CIRCLE('',#9188,1.500018302215);
#9188 = AXIS2_PLACEMENT_3D('',#9189,#9190,#9191);
#9189 = CARTESIAN_POINT('',(107.92659692458,-77.58152130221,0.21));
#9190 = DIRECTION('',(0.,0.,1.));
#9191 = DIRECTION('',(5.027594103449E-08,1.,-0.));
#9192 = ORIENTED_EDGE('',*,*,#9193,.F.);
#9193 = EDGE_CURVE('',#9194,#9185,#9196,.T.);
#9194 = VERTEX_POINT('',#9195);
#9195 = CARTESIAN_POINT('',(106.865924,-76.520848,0.));
#9196 = LINE('',#9197,#9198);
#9197 = CARTESIAN_POINT('',(106.865924,-76.520848,0.));
#9198 = VECTOR('',#9199,1.);
#9199 = DIRECTION('',(0.,0.,1.));
#9200 = ORIENTED_EDGE('',*,*,#9201,.F.);
#9201 = EDGE_CURVE('',#9162,#9194,#9202,.T.);
#9202 = CIRCLE('',#9203,1.500018302215);
#9203 = AXIS2_PLACEMENT_3D('',#9204,#9205,#9206);
#9204 = CARTESIAN_POINT('',(107.92659692458,-77.58152130221,0.));
#9205 = DIRECTION('',(0.,0.,1.));
#9206 = DIRECTION('',(5.027594103449E-08,1.,-0.));
#9207 = CYLINDRICAL_SURFACE('',#9208,1.500018302215);
#9208 = AXIS2_PLACEMENT_3D('',#9209,#9210,#9211);
#9209 = CARTESIAN_POINT('',(107.92659692458,-77.58152130221,0.));
#9210 = DIRECTION('',(-0.,-0.,-1.));
#9211 = DIRECTION('',(5.027594103449E-08,1.,-0.));
#9212 = ADVANCED_FACE('',(#9213),#9238,.T.);
#9213 = FACE_BOUND('',#9214,.T.);
#9214 = EDGE_LOOP('',(#9215,#9216,#9224,#9232));
#9215 = ORIENTED_EDGE('',*,*,#9193,.T.);
#9216 = ORIENTED_EDGE('',*,*,#9217,.T.);
#9217 = EDGE_CURVE('',#9185,#9218,#9220,.T.);
#9218 = VERTEX_POINT('',#9219);
#9219 = CARTESIAN_POINT('',(102.686824,-80.699948,0.21));
#9220 = LINE('',#9221,#9222);
#9221 = CARTESIAN_POINT('',(106.865924,-76.520848,0.21));
#9222 = VECTOR('',#9223,1.);
#9223 = DIRECTION('',(-0.707106781187,-0.707106781187,0.));
#9224 = ORIENTED_EDGE('',*,*,#9225,.F.);
#9225 = EDGE_CURVE('',#9226,#9218,#9228,.T.);
#9226 = VERTEX_POINT('',#9227);
#9227 = CARTESIAN_POINT('',(102.686824,-80.699948,0.));
#9228 = LINE('',#9229,#9230);
#9229 = CARTESIAN_POINT('',(102.686824,-80.699948,0.));
#9230 = VECTOR('',#9231,1.);
#9231 = DIRECTION('',(0.,0.,1.));
#9232 = ORIENTED_EDGE('',*,*,#9233,.F.);
#9233 = EDGE_CURVE('',#9194,#9226,#9234,.T.);
#9234 = LINE('',#9235,#9236);
#9235 = CARTESIAN_POINT('',(106.865924,-76.520848,0.));
#9236 = VECTOR('',#9237,1.);
#9237 = DIRECTION('',(-0.707106781187,-0.707106781187,0.));
#9238 = PLANE('',#9239);
#9239 = AXIS2_PLACEMENT_3D('',#9240,#9241,#9242);
#9240 = CARTESIAN_POINT('',(106.865924,-76.520848,0.));
#9241 = DIRECTION('',(0.707106781187,-0.707106781187,0.));
#9242 = DIRECTION('',(-0.707106781187,-0.707106781187,0.));
#9243 = ADVANCED_FACE('',(#9244),#9271,.T.);
#9244 = FACE_BOUND('',#9245,.T.);
#9245 = EDGE_LOOP('',(#9246,#9247,#9256,#9264));
#9246 = ORIENTED_EDGE('',*,*,#9225,.T.);
#9247 = ORIENTED_EDGE('',*,*,#9248,.T.);
#9248 = EDGE_CURVE('',#9218,#9249,#9251,.T.);
#9249 = VERTEX_POINT('',#9250);
#9250 = CARTESIAN_POINT('',(101.263116,-81.285758,0.21));
#9251 = CIRCLE('',#9252,2.000411825564);
#9252 = AXIS2_PLACEMENT_3D('',#9253,#9254,#9255);
#9253 = CARTESIAN_POINT('',(101.27239477594,-79.28536769404,0.21));
#9254 = DIRECTION('',(0.,0.,-1.));
#9255 = DIRECTION('',(0.707069017477,-0.707144542879,0.));
#9256 = ORIENTED_EDGE('',*,*,#9257,.F.);
#9257 = EDGE_CURVE('',#9258,#9249,#9260,.T.);
#9258 = VERTEX_POINT('',#9259);
#9259 = CARTESIAN_POINT('',(101.263116,-81.285758,0.));
#9260 = LINE('',#9261,#9262);
#9261 = CARTESIAN_POINT('',(101.263116,-81.285758,0.));
#9262 = VECTOR('',#9263,1.);
#9263 = DIRECTION('',(0.,0.,1.));
#9264 = ORIENTED_EDGE('',*,*,#9265,.F.);
#9265 = EDGE_CURVE('',#9226,#9258,#9266,.T.);
#9266 = CIRCLE('',#9267,2.000411825564);
#9267 = AXIS2_PLACEMENT_3D('',#9268,#9269,#9270);
#9268 = CARTESIAN_POINT('',(101.27239477594,-79.28536769404,0.));
#9269 = DIRECTION('',(0.,0.,-1.));
#9270 = DIRECTION('',(0.707069017477,-0.707144542879,0.));
#9271 = CYLINDRICAL_SURFACE('',#9272,2.000411825564);
#9272 = AXIS2_PLACEMENT_3D('',#9273,#9274,#9275);
#9273 = CARTESIAN_POINT('',(101.27239477594,-79.28536769404,0.));
#9274 = DIRECTION('',(0.,0.,-1.));
#9275 = DIRECTION('',(0.707069017477,-0.707144542879,0.));
#9276 = ADVANCED_FACE('',(#9277),#9302,.T.);
#9277 = FACE_BOUND('',#9278,.T.);
#9278 = EDGE_LOOP('',(#9279,#9280,#9288,#9296));
#9279 = ORIENTED_EDGE('',*,*,#9257,.T.);
#9280 = ORIENTED_EDGE('',*,*,#9281,.T.);
#9281 = EDGE_CURVE('',#9249,#9282,#9284,.T.);
#9282 = VERTEX_POINT('',#9283);
#9283 = CARTESIAN_POINT('',(91.348697,-81.285758,0.21));
#9284 = LINE('',#9285,#9286);
#9285 = CARTESIAN_POINT('',(101.263116,-81.285758,0.21));
#9286 = VECTOR('',#9287,1.);
#9287 = DIRECTION('',(-1.,0.,0.));
#9288 = ORIENTED_EDGE('',*,*,#9289,.F.);
#9289 = EDGE_CURVE('',#9290,#9282,#9292,.T.);
#9290 = VERTEX_POINT('',#9291);
#9291 = CARTESIAN_POINT('',(91.348697,-81.285758,0.));
#9292 = LINE('',#9293,#9294);
#9293 = CARTESIAN_POINT('',(91.348697,-81.285758,0.));
#9294 = VECTOR('',#9295,1.);
#9295 = DIRECTION('',(0.,0.,1.));
#9296 = ORIENTED_EDGE('',*,*,#9297,.F.);
#9297 = EDGE_CURVE('',#9258,#9290,#9298,.T.);
#9298 = LINE('',#9299,#9300);
#9299 = CARTESIAN_POINT('',(101.263116,-81.285758,0.));
#9300 = VECTOR('',#9301,1.);
#9301 = DIRECTION('',(-1.,0.,0.));
#9302 = PLANE('',#9303);
#9303 = AXIS2_PLACEMENT_3D('',#9304,#9305,#9306);
#9304 = CARTESIAN_POINT('',(101.263116,-81.285758,0.));
#9305 = DIRECTION('',(0.,-1.,0.));
#9306 = DIRECTION('',(-1.,0.,0.));
#9307 = ADVANCED_FACE('',(#9308),#9335,.T.);
#9308 = FACE_BOUND('',#9309,.T.);
#9309 = EDGE_LOOP('',(#9310,#9311,#9320,#9328));
#9310 = ORIENTED_EDGE('',*,*,#9289,.T.);
#9311 = ORIENTED_EDGE('',*,*,#9312,.T.);
#9312 = EDGE_CURVE('',#9282,#9313,#9315,.T.);
#9313 = VERTEX_POINT('',#9314);
#9314 = CARTESIAN_POINT('',(90.84866,-80.785721,0.21));
#9315 = CIRCLE('',#9316,0.500035475712);
#9316 = AXIS2_PLACEMENT_3D('',#9317,#9318,#9319);
#9317 = CARTESIAN_POINT('',(91.34869547571,-80.78572252429,0.21));
#9318 = DIRECTION('',(0.,0.,-1.));
#9319 = DIRECTION('',(3.048363570374E-06,-0.999999999995,0.));
#9320 = ORIENTED_EDGE('',*,*,#9321,.F.);
#9321 = EDGE_CURVE('',#9322,#9313,#9324,.T.);
#9322 = VERTEX_POINT('',#9323);
#9323 = CARTESIAN_POINT('',(90.84866,-80.785721,0.));
#9324 = LINE('',#9325,#9326);
#9325 = CARTESIAN_POINT('',(90.84866,-80.785721,0.));
#9326 = VECTOR('',#9327,1.);
#9327 = DIRECTION('',(0.,0.,1.));
#9328 = ORIENTED_EDGE('',*,*,#9329,.F.);
#9329 = EDGE_CURVE('',#9290,#9322,#9330,.T.);
#9330 = CIRCLE('',#9331,0.500035475712);
#9331 = AXIS2_PLACEMENT_3D('',#9332,#9333,#9334);
#9332 = CARTESIAN_POINT('',(91.34869547571,-80.78572252429,0.));
#9333 = DIRECTION('',(0.,0.,-1.));
#9334 = DIRECTION('',(3.048363570374E-06,-0.999999999995,0.));
#9335 = CYLINDRICAL_SURFACE('',#9336,0.500035475712);
#9336 = AXIS2_PLACEMENT_3D('',#9337,#9338,#9339);
#9337 = CARTESIAN_POINT('',(91.34869547571,-80.78572252429,0.));
#9338 = DIRECTION('',(0.,0.,-1.));
#9339 = DIRECTION('',(3.048363570374E-06,-0.999999999995,0.));
#9340 = ADVANCED_FACE('',(#9341),#9366,.T.);
#9341 = FACE_BOUND('',#9342,.T.);
#9342 = EDGE_LOOP('',(#9343,#9344,#9352,#9360));
#9343 = ORIENTED_EDGE('',*,*,#9321,.T.);
#9344 = ORIENTED_EDGE('',*,*,#9345,.T.);
#9345 = EDGE_CURVE('',#9313,#9346,#9348,.T.);
#9346 = VERTEX_POINT('',#9347);
#9347 = CARTESIAN_POINT('',(90.84675,-79.138575,0.21));
#9348 = LINE('',#9349,#9350);
#9349 = CARTESIAN_POINT('',(90.84866,-80.785721,0.21));
#9350 = VECTOR('',#9351,1.);
#9351 = DIRECTION('',(-1.159580702546E-03,0.999999327686,0.));
#9352 = ORIENTED_EDGE('',*,*,#9353,.F.);
#9353 = EDGE_CURVE('',#9354,#9346,#9356,.T.);
#9354 = VERTEX_POINT('',#9355);
#9355 = CARTESIAN_POINT('',(90.84675,-79.138575,0.));
#9356 = LINE('',#9357,#9358);
#9357 = CARTESIAN_POINT('',(90.84675,-79.138575,0.));
#9358 = VECTOR('',#9359,1.);
#9359 = DIRECTION('',(0.,0.,1.));
#9360 = ORIENTED_EDGE('',*,*,#9361,.F.);
#9361 = EDGE_CURVE('',#9322,#9354,#9362,.T.);
#9362 = LINE('',#9363,#9364);
#9363 = CARTESIAN_POINT('',(90.84866,-80.785721,0.));
#9364 = VECTOR('',#9365,1.);
#9365 = DIRECTION('',(-1.159580702546E-03,0.999999327686,0.));
#9366 = PLANE('',#9367);
#9367 = AXIS2_PLACEMENT_3D('',#9368,#9369,#9370);
#9368 = CARTESIAN_POINT('',(90.84866,-80.785721,0.));
#9369 = DIRECTION('',(-0.999999327686,-1.159580702546E-03,0.));
#9370 = DIRECTION('',(-1.159580702546E-03,0.999999327686,0.));
#9371 = ADVANCED_FACE('',(#9372),#9399,.F.);
#9372 = FACE_BOUND('',#9373,.T.);
#9373 = EDGE_LOOP('',(#9374,#9375,#9384,#9392));
#9374 = ORIENTED_EDGE('',*,*,#9353,.T.);
#9375 = ORIENTED_EDGE('',*,*,#9376,.T.);
#9376 = EDGE_CURVE('',#9346,#9377,#9379,.T.);
#9377 = VERTEX_POINT('',#9378);
#9378 = CARTESIAN_POINT('',(90.346775,-78.643161,0.21));
#9379 = CIRCLE('',#9380,0.499995474007);
#9380 = AXIS2_PLACEMENT_3D('',#9381,#9382,#9383);
#9381 = CARTESIAN_POINT('',(90.346775516528,-79.143156474,0.21));
#9382 = DIRECTION('',(0.,0.,1.));
#9383 = DIRECTION('',(0.999958018551,9.16303095666E-03,-0.));
#9384 = ORIENTED_EDGE('',*,*,#9385,.F.);
#9385 = EDGE_CURVE('',#9386,#9377,#9388,.T.);
#9386 = VERTEX_POINT('',#9387);
#9387 = CARTESIAN_POINT('',(90.346775,-78.643161,0.));
#9388 = LINE('',#9389,#9390);
#9389 = CARTESIAN_POINT('',(90.346775,-78.643161,0.));
#9390 = VECTOR('',#9391,1.);
#9391 = DIRECTION('',(0.,0.,1.));
#9392 = ORIENTED_EDGE('',*,*,#9393,.F.);
#9393 = EDGE_CURVE('',#9354,#9386,#9394,.T.);
#9394 = CIRCLE('',#9395,0.499995474007);
#9395 = AXIS2_PLACEMENT_3D('',#9396,#9397,#9398);
#9396 = CARTESIAN_POINT('',(90.346775516528,-79.143156474,0.));
#9397 = DIRECTION('',(0.,0.,1.));
#9398 = DIRECTION('',(0.999958018551,9.16303095666E-03,-0.));
#9399 = CYLINDRICAL_SURFACE('',#9400,0.499995474007);
#9400 = AXIS2_PLACEMENT_3D('',#9401,#9402,#9403);
#9401 = CARTESIAN_POINT('',(90.346775516528,-79.143156474,0.));
#9402 = DIRECTION('',(-0.,-0.,-1.));
#9403 = DIRECTION('',(0.999958018551,9.16303095666E-03,-0.));
#9404 = ADVANCED_FACE('',(#9405),#9430,.T.);
#9405 = FACE_BOUND('',#9406,.T.);
#9406 = EDGE_LOOP('',(#9407,#9408,#9416,#9424));
#9407 = ORIENTED_EDGE('',*,*,#9385,.T.);
#9408 = ORIENTED_EDGE('',*,*,#9409,.T.);
#9409 = EDGE_CURVE('',#9377,#9410,#9412,.T.);
#9410 = VERTEX_POINT('',#9411);
#9411 = CARTESIAN_POINT('',(88.84139,-78.643161,0.21));
#9412 = LINE('',#9413,#9414);
#9413 = CARTESIAN_POINT('',(90.346775,-78.643161,0.21));
#9414 = VECTOR('',#9415,1.);
#9415 = DIRECTION('',(-1.,0.,0.));
#9416 = ORIENTED_EDGE('',*,*,#9417,.F.);
#9417 = EDGE_CURVE('',#9418,#9410,#9420,.T.);
#9418 = VERTEX_POINT('',#9419);
#9419 = CARTESIAN_POINT('',(88.84139,-78.643161,0.));
#9420 = LINE('',#9421,#9422);
#9421 = CARTESIAN_POINT('',(88.84139,-78.643161,0.));
#9422 = VECTOR('',#9423,1.);
#9423 = DIRECTION('',(0.,0.,1.));
#9424 = ORIENTED_EDGE('',*,*,#9425,.F.);
#9425 = EDGE_CURVE('',#9386,#9418,#9426,.T.);
#9426 = LINE('',#9427,#9428);
#9427 = CARTESIAN_POINT('',(90.346775,-78.643161,0.));
#9428 = VECTOR('',#9429,1.);
#9429 = DIRECTION('',(-1.,0.,0.));
#9430 = PLANE('',#9431);
#9431 = AXIS2_PLACEMENT_3D('',#9432,#9433,#9434);
#9432 = CARTESIAN_POINT('',(90.346775,-78.643161,0.));
#9433 = DIRECTION('',(0.,-1.,0.));
#9434 = DIRECTION('',(-1.,0.,0.));
#9435 = ADVANCED_FACE('',(#9436),#9463,.F.);
#9436 = FACE_BOUND('',#9437,.T.);
#9437 = EDGE_LOOP('',(#9438,#9439,#9448,#9456));
#9438 = ORIENTED_EDGE('',*,*,#9417,.T.);
#9439 = ORIENTED_EDGE('',*,*,#9440,.T.);
#9440 = EDGE_CURVE('',#9410,#9441,#9443,.T.);
#9441 = VERTEX_POINT('',#9442);
#9442 = CARTESIAN_POINT('',(88.34675,-79.143195,0.21));
#9443 = CIRCLE('',#9444,0.500024795492);
#9444 = AXIS2_PLACEMENT_3D('',#9445,#9446,#9447);
#9445 = CARTESIAN_POINT('',(88.846774794032,-79.14315680008,0.21));
#9446 = DIRECTION('',(0.,0.,1.));
#9447 = DIRECTION('',(-1.076905401701E-02,0.999942012056,0.));
#9448 = ORIENTED_EDGE('',*,*,#9449,.F.);
#9449 = EDGE_CURVE('',#9450,#9441,#9452,.T.);
#9450 = VERTEX_POINT('',#9451);
#9451 = CARTESIAN_POINT('',(88.34675,-79.143195,0.));
#9452 = LINE('',#9453,#9454);
#9453 = CARTESIAN_POINT('',(88.34675,-79.143195,0.));
#9454 = VECTOR('',#9455,1.);
#9455 = DIRECTION('',(0.,0.,1.));
#9456 = ORIENTED_EDGE('',*,*,#9457,.F.);
#9457 = EDGE_CURVE('',#9418,#9450,#9458,.T.);
#9458 = CIRCLE('',#9459,0.500024795492);
#9459 = AXIS2_PLACEMENT_3D('',#9460,#9461,#9462);
#9460 = CARTESIAN_POINT('',(88.846774794032,-79.14315680008,0.));
#9461 = DIRECTION('',(0.,0.,1.));
#9462 = DIRECTION('',(-1.076905401701E-02,0.999942012056,0.));
#9463 = CYLINDRICAL_SURFACE('',#9464,0.500024795492);
#9464 = AXIS2_PLACEMENT_3D('',#9465,#9466,#9467);
#9465 = CARTESIAN_POINT('',(88.846774794032,-79.14315680008,0.));
#9466 = DIRECTION('',(-0.,-0.,-1.));
#9467 = DIRECTION('',(-1.076905401701E-02,0.999942012056,0.));
#9468 = ADVANCED_FACE('',(#9469),#9494,.T.);
#9469 = FACE_BOUND('',#9470,.T.);
#9470 = EDGE_LOOP('',(#9471,#9472,#9480,#9488));
#9471 = ORIENTED_EDGE('',*,*,#9449,.T.);
#9472 = ORIENTED_EDGE('',*,*,#9473,.T.);
#9473 = EDGE_CURVE('',#9441,#9474,#9476,.T.);
#9474 = VERTEX_POINT('',#9475);
#9475 = CARTESIAN_POINT('',(88.348653,-80.475821,0.21));
#9476 = LINE('',#9477,#9478);
#9477 = CARTESIAN_POINT('',(88.34675,-79.143195,0.21));
#9478 = VECTOR('',#9479,1.);
#9479 = DIRECTION('',(1.42800610201E-03,-0.999998980399,0.));
#9480 = ORIENTED_EDGE('',*,*,#9481,.F.);
#9481 = EDGE_CURVE('',#9482,#9474,#9484,.T.);
#9482 = VERTEX_POINT('',#9483);
#9483 = CARTESIAN_POINT('',(88.348653,-80.475821,0.));
#9484 = LINE('',#9485,#9486);
#9485 = CARTESIAN_POINT('',(88.348653,-80.475821,0.));
#9486 = VECTOR('',#9487,1.);
#9487 = DIRECTION('',(0.,0.,1.));
#9488 = ORIENTED_EDGE('',*,*,#9489,.F.);
#9489 = EDGE_CURVE('',#9450,#9482,#9490,.T.);
#9490 = LINE('',#9491,#9492);
#9491 = CARTESIAN_POINT('',(88.34675,-79.143195,0.));
#9492 = VECTOR('',#9493,1.);
#9493 = DIRECTION('',(1.42800610201E-03,-0.999998980399,0.));
#9494 = PLANE('',#9495);
#9495 = AXIS2_PLACEMENT_3D('',#9496,#9497,#9498);
#9496 = CARTESIAN_POINT('',(88.34675,-79.143195,0.));
#9497 = DIRECTION('',(0.999998980399,1.42800610201E-03,-0.));
#9498 = DIRECTION('',(1.42800610201E-03,-0.999998980399,0.));
#9499 = ADVANCED_FACE('',(#9500),#9527,.T.);
#9500 = FACE_BOUND('',#9501,.T.);
#9501 = EDGE_LOOP('',(#9502,#9503,#9512,#9520));
#9502 = ORIENTED_EDGE('',*,*,#9481,.T.);
#9503 = ORIENTED_EDGE('',*,*,#9504,.T.);
#9504 = EDGE_CURVE('',#9474,#9505,#9507,.T.);
#9505 = VERTEX_POINT('',#9506);
#9506 = CARTESIAN_POINT('',(87.848653,-80.975799,0.21));
#9507 = CIRCLE('',#9508,0.4999927984);
#9508 = AXIS2_PLACEMENT_3D('',#9509,#9510,#9511);
#9509 = CARTESIAN_POINT('',(87.848660201819,-80.47580620165,0.21));
#9510 = DIRECTION('',(0.,0.,-1.));
#9511 = DIRECTION('',(0.999999999562,-2.959712167756E-05,0.));
#9512 = ORIENTED_EDGE('',*,*,#9513,.F.);
#9513 = EDGE_CURVE('',#9514,#9505,#9516,.T.);
#9514 = VERTEX_POINT('',#9515);
#9515 = CARTESIAN_POINT('',(87.848653,-80.975799,0.));
#9516 = LINE('',#9517,#9518);
#9517 = CARTESIAN_POINT('',(87.848653,-80.975799,0.));
#9518 = VECTOR('',#9519,1.);
#9519 = DIRECTION('',(0.,0.,1.));
#9520 = ORIENTED_EDGE('',*,*,#9521,.F.);
#9521 = EDGE_CURVE('',#9482,#9514,#9522,.T.);
#9522 = CIRCLE('',#9523,0.4999927984);
#9523 = AXIS2_PLACEMENT_3D('',#9524,#9525,#9526);
#9524 = CARTESIAN_POINT('',(87.848660201819,-80.47580620165,0.));
#9525 = DIRECTION('',(0.,0.,-1.));
#9526 = DIRECTION('',(0.999999999562,-2.959712167756E-05,0.));
#9527 = CYLINDRICAL_SURFACE('',#9528,0.4999927984);
#9528 = AXIS2_PLACEMENT_3D('',#9529,#9530,#9531);
#9529 = CARTESIAN_POINT('',(87.848660201819,-80.47580620165,0.));
#9530 = DIRECTION('',(0.,0.,-1.));
#9531 = DIRECTION('',(0.999999999562,-2.959712167756E-05,0.));
#9532 = ADVANCED_FACE('',(#9533),#9558,.T.);
#9533 = FACE_BOUND('',#9534,.T.);
#9534 = EDGE_LOOP('',(#9535,#9536,#9544,#9552));
#9535 = ORIENTED_EDGE('',*,*,#9513,.T.);
#9536 = ORIENTED_EDGE('',*,*,#9537,.T.);
#9537 = EDGE_CURVE('',#9505,#9538,#9540,.T.);
#9538 = VERTEX_POINT('',#9539);
#9539 = CARTESIAN_POINT('',(77.56874,-80.975799,0.21));
#9540 = LINE('',#9541,#9542);
#9541 = CARTESIAN_POINT('',(87.848653,-80.975799,0.21));
#9542 = VECTOR('',#9543,1.);
#9543 = DIRECTION('',(-1.,0.,0.));
#9544 = ORIENTED_EDGE('',*,*,#9545,.F.);
#9545 = EDGE_CURVE('',#9546,#9538,#9548,.T.);
#9546 = VERTEX_POINT('',#9547);
#9547 = CARTESIAN_POINT('',(77.56874,-80.975799,0.));
#9548 = LINE('',#9549,#9550);
#9549 = CARTESIAN_POINT('',(77.56874,-80.975799,0.));
#9550 = VECTOR('',#9551,1.);
#9551 = DIRECTION('',(0.,0.,1.));
#9552 = ORIENTED_EDGE('',*,*,#9553,.F.);
#9553 = EDGE_CURVE('',#9514,#9546,#9554,.T.);
#9554 = LINE('',#9555,#9556);
#9555 = CARTESIAN_POINT('',(87.848653,-80.975799,0.));
#9556 = VECTOR('',#9557,1.);
#9557 = DIRECTION('',(-1.,0.,0.));
#9558 = PLANE('',#9559);
#9559 = AXIS2_PLACEMENT_3D('',#9560,#9561,#9562);
#9560 = CARTESIAN_POINT('',(87.848653,-80.975799,0.));
#9561 = DIRECTION('',(0.,-1.,0.));
#9562 = DIRECTION('',(-1.,0.,0.));
#9563 = ADVANCED_FACE('',(#9564),#9589,.T.);
#9564 = FACE_BOUND('',#9565,.T.);
#9565 = EDGE_LOOP('',(#9566,#9567,#9575,#9583));
#9566 = ORIENTED_EDGE('',*,*,#9545,.T.);
#9567 = ORIENTED_EDGE('',*,*,#9568,.T.);
#9568 = EDGE_CURVE('',#9538,#9569,#9571,.T.);
#9569 = VERTEX_POINT('',#9570);
#9570 = CARTESIAN_POINT('',(76.238697,-80.975799,0.21));
#9571 = LINE('',#9572,#9573);
#9572 = CARTESIAN_POINT('',(77.56874,-80.975799,0.21));
#9573 = VECTOR('',#9574,1.);
#9574 = DIRECTION('',(-1.,0.,0.));
#9575 = ORIENTED_EDGE('',*,*,#9576,.F.);
#9576 = EDGE_CURVE('',#9577,#9569,#9579,.T.);
#9577 = VERTEX_POINT('',#9578);
#9578 = CARTESIAN_POINT('',(76.238697,-80.975799,0.));
#9579 = LINE('',#9580,#9581);
#9580 = CARTESIAN_POINT('',(76.238697,-80.975799,0.));
#9581 = VECTOR('',#9582,1.);
#9582 = DIRECTION('',(0.,0.,1.));
#9583 = ORIENTED_EDGE('',*,*,#9584,.F.);
#9584 = EDGE_CURVE('',#9546,#9577,#9585,.T.);
#9585 = LINE('',#9586,#9587);
#9586 = CARTESIAN_POINT('',(77.56874,-80.975799,0.));
#9587 = VECTOR('',#9588,1.);
#9588 = DIRECTION('',(-1.,0.,0.));
#9589 = PLANE('',#9590);
#9590 = AXIS2_PLACEMENT_3D('',#9591,#9592,#9593);
#9591 = CARTESIAN_POINT('',(77.56874,-80.975799,0.));
#9592 = DIRECTION('',(0.,-1.,0.));
#9593 = DIRECTION('',(-1.,0.,0.));
#9594 = ADVANCED_FACE('',(#9595),#9622,.T.);
#9595 = FACE_BOUND('',#9596,.T.);
#9596 = EDGE_LOOP('',(#9597,#9598,#9607,#9615));
#9597 = ORIENTED_EDGE('',*,*,#9576,.T.);
#9598 = ORIENTED_EDGE('',*,*,#9599,.T.);
#9599 = EDGE_CURVE('',#9569,#9600,#9602,.T.);
#9600 = VERTEX_POINT('',#9601);
#9601 = CARTESIAN_POINT('',(75.98874,-80.722659,0.21));
#9602 = CIRCLE('',#9603,0.249974991668);
#9603 = AXIS2_PLACEMENT_3D('',#9604,#9605,#9606);
#9604 = CARTESIAN_POINT('',(76.238694954305,-80.72582400834,0.21));
#9605 = DIRECTION('',(0.,0.,-1.));
#9606 = DIRECTION('',(8.183597261366E-06,-0.999999999967,0.));
#9607 = ORIENTED_EDGE('',*,*,#9608,.F.);
#9608 = EDGE_CURVE('',#9609,#9600,#9611,.T.);
#9609 = VERTEX_POINT('',#9610);
#9610 = CARTESIAN_POINT('',(75.98874,-80.722659,0.));
#9611 = LINE('',#9612,#9613);
#9612 = CARTESIAN_POINT('',(75.98874,-80.722659,0.));
#9613 = VECTOR('',#9614,1.);
#9614 = DIRECTION('',(0.,0.,1.));
#9615 = ORIENTED_EDGE('',*,*,#9616,.F.);
#9616 = EDGE_CURVE('',#9577,#9609,#9617,.T.);
#9617 = CIRCLE('',#9618,0.249974991668);
#9618 = AXIS2_PLACEMENT_3D('',#9619,#9620,#9621);
#9619 = CARTESIAN_POINT('',(76.238694954305,-80.72582400834,0.));
#9620 = DIRECTION('',(0.,0.,-1.));
#9621 = DIRECTION('',(8.183597261366E-06,-0.999999999967,0.));
#9622 = CYLINDRICAL_SURFACE('',#9623,0.249974991668);
#9623 = AXIS2_PLACEMENT_3D('',#9624,#9625,#9626);
#9624 = CARTESIAN_POINT('',(76.238694954305,-80.72582400834,0.));
#9625 = DIRECTION('',(0.,0.,-1.));
#9626 = DIRECTION('',(8.183597261366E-06,-0.999999999967,0.));
#9627 = ADVANCED_FACE('',(#9628),#9653,.T.);
#9628 = FACE_BOUND('',#9629,.T.);
#9629 = EDGE_LOOP('',(#9630,#9631,#9639,#9647));
#9630 = ORIENTED_EDGE('',*,*,#9608,.T.);
#9631 = ORIENTED_EDGE('',*,*,#9632,.T.);
#9632 = EDGE_CURVE('',#9600,#9633,#9635,.T.);
#9633 = VERTEX_POINT('',#9634);
#9634 = CARTESIAN_POINT('',(75.98874,-77.925921,0.21));
#9635 = LINE('',#9636,#9637);
#9636 = CARTESIAN_POINT('',(75.98874,-80.722659,0.21));
#9637 = VECTOR('',#9638,1.);
#9638 = DIRECTION('',(0.,1.,0.));
#9639 = ORIENTED_EDGE('',*,*,#9640,.F.);
#9640 = EDGE_CURVE('',#9641,#9633,#9643,.T.);
#9641 = VERTEX_POINT('',#9642);
#9642 = CARTESIAN_POINT('',(75.98874,-77.925921,0.));
#9643 = LINE('',#9644,#9645);
#9644 = CARTESIAN_POINT('',(75.98874,-77.925921,0.));
#9645 = VECTOR('',#9646,1.);
#9646 = DIRECTION('',(0.,0.,1.));
#9647 = ORIENTED_EDGE('',*,*,#9648,.F.);
#9648 = EDGE_CURVE('',#9609,#9641,#9649,.T.);
#9649 = LINE('',#9650,#9651);
#9650 = CARTESIAN_POINT('',(75.98874,-80.722659,0.));
#9651 = VECTOR('',#9652,1.);
#9652 = DIRECTION('',(0.,1.,0.));
#9653 = PLANE('',#9654);
#9654 = AXIS2_PLACEMENT_3D('',#9655,#9656,#9657);
#9655 = CARTESIAN_POINT('',(75.98874,-80.722659,0.));
#9656 = DIRECTION('',(-1.,0.,0.));
#9657 = DIRECTION('',(0.,1.,0.));
#9658 = ADVANCED_FACE('',(#9659),#9686,.T.);
#9659 = FACE_BOUND('',#9660,.T.);
#9660 = EDGE_LOOP('',(#9661,#9662,#9671,#9679));
#9661 = ORIENTED_EDGE('',*,*,#9640,.T.);
#9662 = ORIENTED_EDGE('',*,*,#9663,.T.);
#9663 = EDGE_CURVE('',#9633,#9664,#9666,.T.);
#9664 = VERTEX_POINT('',#9665);
#9665 = CARTESIAN_POINT('',(76.24298,-77.675799,0.21));
#9666 = CIRCLE('',#9667,0.250155259378);
#9667 = AXIS2_PLACEMENT_3D('',#9668,#9669,#9670);
#9668 = CARTESIAN_POINT('',(76.238895259378,-77.92592090765,0.21));
#9669 = DIRECTION('',(0.,0.,-1.));
#9670 = DIRECTION('',(-1.,-3.691526363255E-07,-0.));
#9671 = ORIENTED_EDGE('',*,*,#9672,.F.);
#9672 = EDGE_CURVE('',#9673,#9664,#9675,.T.);
#9673 = VERTEX_POINT('',#9674);
#9674 = CARTESIAN_POINT('',(76.24298,-77.675799,0.));
#9675 = LINE('',#9676,#9677);
#9676 = CARTESIAN_POINT('',(76.24298,-77.675799,0.));
#9677 = VECTOR('',#9678,1.);
#9678 = DIRECTION('',(0.,0.,1.));
#9679 = ORIENTED_EDGE('',*,*,#9680,.F.);
#9680 = EDGE_CURVE('',#9641,#9673,#9681,.T.);
#9681 = CIRCLE('',#9682,0.250155259378);
#9682 = AXIS2_PLACEMENT_3D('',#9683,#9684,#9685);
#9683 = CARTESIAN_POINT('',(76.238895259378,-77.92592090765,0.));
#9684 = DIRECTION('',(0.,0.,-1.));
#9685 = DIRECTION('',(-1.,-3.691526363255E-07,-0.));
#9686 = CYLINDRICAL_SURFACE('',#9687,0.250155259378);
#9687 = AXIS2_PLACEMENT_3D('',#9688,#9689,#9690);
#9688 = CARTESIAN_POINT('',(76.238895259378,-77.92592090765,0.));
#9689 = DIRECTION('',(0.,0.,-1.));
#9690 = DIRECTION('',(-1.,-3.691526363255E-07,-0.));
#9691 = ADVANCED_FACE('',(#9692),#9717,.T.);
#9692 = FACE_BOUND('',#9693,.T.);
#9693 = EDGE_LOOP('',(#9694,#9695,#9703,#9711));
#9694 = ORIENTED_EDGE('',*,*,#9672,.T.);
#9695 = ORIENTED_EDGE('',*,*,#9696,.T.);
#9696 = EDGE_CURVE('',#9664,#9697,#9699,.T.);
#9697 = VERTEX_POINT('',#9698);
#9698 = CARTESIAN_POINT('',(77.56874,-77.675799,0.21));
#9699 = LINE('',#9700,#9701);
#9700 = CARTESIAN_POINT('',(76.24298,-77.675799,0.21));
#9701 = VECTOR('',#9702,1.);
#9702 = DIRECTION('',(1.,0.,0.));
#9703 = ORIENTED_EDGE('',*,*,#9704,.F.);
#9704 = EDGE_CURVE('',#9705,#9697,#9707,.T.);
#9705 = VERTEX_POINT('',#9706);
#9706 = CARTESIAN_POINT('',(77.56874,-77.675799,0.));
#9707 = LINE('',#9708,#9709);
#9708 = CARTESIAN_POINT('',(77.56874,-77.675799,0.));
#9709 = VECTOR('',#9710,1.);
#9710 = DIRECTION('',(0.,0.,1.));
#9711 = ORIENTED_EDGE('',*,*,#9712,.F.);
#9712 = EDGE_CURVE('',#9673,#9705,#9713,.T.);
#9713 = LINE('',#9714,#9715);
#9714 = CARTESIAN_POINT('',(76.24298,-77.675799,0.));
#9715 = VECTOR('',#9716,1.);
#9716 = DIRECTION('',(1.,0.,0.));
#9717 = PLANE('',#9718);
#9718 = AXIS2_PLACEMENT_3D('',#9719,#9720,#9721);
#9719 = CARTESIAN_POINT('',(76.24298,-77.675799,0.));
#9720 = DIRECTION('',(0.,1.,0.));
#9721 = DIRECTION('',(1.,0.,0.));
#9722 = ADVANCED_FACE('',(#9723),#9748,.T.);
#9723 = FACE_BOUND('',#9724,.T.);
#9724 = EDGE_LOOP('',(#9725,#9726,#9734,#9742));
#9725 = ORIENTED_EDGE('',*,*,#9704,.T.);
#9726 = ORIENTED_EDGE('',*,*,#9727,.T.);
#9727 = EDGE_CURVE('',#9697,#9728,#9730,.T.);
#9728 = VERTEX_POINT('',#9729);
#9729 = CARTESIAN_POINT('',(81.08701,-77.675799,0.21));
#9730 = LINE('',#9731,#9732);
#9731 = CARTESIAN_POINT('',(77.56874,-77.675799,0.21));
#9732 = VECTOR('',#9733,1.);
#9733 = DIRECTION('',(1.,0.,0.));
#9734 = ORIENTED_EDGE('',*,*,#9735,.F.);
#9735 = EDGE_CURVE('',#9736,#9728,#9738,.T.);
#9736 = VERTEX_POINT('',#9737);
#9737 = CARTESIAN_POINT('',(81.08701,-77.675799,0.));
#9738 = LINE('',#9739,#9740);
#9739 = CARTESIAN_POINT('',(81.08701,-77.675799,0.));
#9740 = VECTOR('',#9741,1.);
#9741 = DIRECTION('',(0.,0.,1.));
#9742 = ORIENTED_EDGE('',*,*,#9743,.F.);
#9743 = EDGE_CURVE('',#9705,#9736,#9744,.T.);
#9744 = LINE('',#9745,#9746);
#9745 = CARTESIAN_POINT('',(77.56874,-77.675799,0.));
#9746 = VECTOR('',#9747,1.);
#9747 = DIRECTION('',(1.,0.,0.));
#9748 = PLANE('',#9749);
#9749 = AXIS2_PLACEMENT_3D('',#9750,#9751,#9752);
#9750 = CARTESIAN_POINT('',(77.56874,-77.675799,0.));
#9751 = DIRECTION('',(0.,1.,0.));
#9752 = DIRECTION('',(1.,0.,0.));
#9753 = ADVANCED_FACE('',(#9754),#9781,.F.);
#9754 = FACE_BOUND('',#9755,.T.);
#9755 = EDGE_LOOP('',(#9756,#9757,#9766,#9774));
#9756 = ORIENTED_EDGE('',*,*,#9735,.T.);
#9757 = ORIENTED_EDGE('',*,*,#9758,.T.);
#9758 = EDGE_CURVE('',#9728,#9759,#9761,.T.);
#9759 = VERTEX_POINT('',#9760);
#9760 = CARTESIAN_POINT('',(82.08701,-76.675841,0.21));
#9761 = CIRCLE('',#9762,0.999961697366);
#9762 = AXIS2_PLACEMENT_3D('',#9763,#9764,#9765);
#9763 = CARTESIAN_POINT('',(81.087048302641,-76.67583730336,0.21));
#9764 = DIRECTION('',(0.,0.,1.));
#9765 = DIRECTION('',(-3.830410823553E-05,-0.999999999266,0.));
#9766 = ORIENTED_EDGE('',*,*,#9767,.F.);
#9767 = EDGE_CURVE('',#9768,#9759,#9770,.T.);
#9768 = VERTEX_POINT('',#9769);
#9769 = CARTESIAN_POINT('',(82.08701,-76.675841,0.));
#9770 = LINE('',#9771,#9772);
#9771 = CARTESIAN_POINT('',(82.08701,-76.675841,0.));
#9772 = VECTOR('',#9773,1.);
#9773 = DIRECTION('',(0.,0.,1.));
#9774 = ORIENTED_EDGE('',*,*,#9775,.F.);
#9775 = EDGE_CURVE('',#9736,#9768,#9776,.T.);
#9776 = CIRCLE('',#9777,0.999961697366);
#9777 = AXIS2_PLACEMENT_3D('',#9778,#9779,#9780);
#9778 = CARTESIAN_POINT('',(81.087048302641,-76.67583730336,0.));
#9779 = DIRECTION('',(0.,0.,1.));
#9780 = DIRECTION('',(-3.830410823553E-05,-0.999999999266,0.));
#9781 = CYLINDRICAL_SURFACE('',#9782,0.999961697366);
#9782 = AXIS2_PLACEMENT_3D('',#9783,#9784,#9785);
#9783 = CARTESIAN_POINT('',(81.087048302641,-76.67583730336,0.));
#9784 = DIRECTION('',(-0.,-0.,-1.));
#9785 = DIRECTION('',(-3.830410823553E-05,-0.999999999266,0.));
#9786 = ADVANCED_FACE('',(#9787),#9812,.T.);
#9787 = FACE_BOUND('',#9788,.T.);
#9788 = EDGE_LOOP('',(#9789,#9790,#9798,#9806));
#9789 = ORIENTED_EDGE('',*,*,#9767,.T.);
#9790 = ORIENTED_EDGE('',*,*,#9791,.T.);
#9791 = EDGE_CURVE('',#9759,#9792,#9794,.T.);
#9792 = VERTEX_POINT('',#9793);
#9793 = CARTESIAN_POINT('',(82.08701,-63.430221,0.21));
#9794 = LINE('',#9795,#9796);
#9795 = CARTESIAN_POINT('',(82.08701,-76.675841,0.21));
#9796 = VECTOR('',#9797,1.);
#9797 = DIRECTION('',(0.,1.,0.));
#9798 = ORIENTED_EDGE('',*,*,#9799,.F.);
#9799 = EDGE_CURVE('',#9800,#9792,#9802,.T.);
#9800 = VERTEX_POINT('',#9801);
#9801 = CARTESIAN_POINT('',(82.08701,-63.430221,0.));
#9802 = LINE('',#9803,#9804);
#9803 = CARTESIAN_POINT('',(82.08701,-63.430221,0.));
#9804 = VECTOR('',#9805,1.);
#9805 = DIRECTION('',(0.,0.,1.));
#9806 = ORIENTED_EDGE('',*,*,#9807,.F.);
#9807 = EDGE_CURVE('',#9768,#9800,#9808,.T.);
#9808 = LINE('',#9809,#9810);
#9809 = CARTESIAN_POINT('',(82.08701,-76.675841,0.));
#9810 = VECTOR('',#9811,1.);
#9811 = DIRECTION('',(0.,1.,0.));
#9812 = PLANE('',#9813);
#9813 = AXIS2_PLACEMENT_3D('',#9814,#9815,#9816);
#9814 = CARTESIAN_POINT('',(82.08701,-76.675841,0.));
#9815 = DIRECTION('',(-1.,0.,0.));
#9816 = DIRECTION('',(0.,1.,0.));
#9817 = ADVANCED_FACE('',(#9818),#9845,.T.);
#9818 = FACE_BOUND('',#9819,.T.);
#9819 = EDGE_LOOP('',(#9820,#9821,#9830,#9838));
#9820 = ORIENTED_EDGE('',*,*,#9799,.T.);
#9821 = ORIENTED_EDGE('',*,*,#9822,.T.);
#9822 = EDGE_CURVE('',#9792,#9823,#9825,.T.);
#9823 = VERTEX_POINT('',#9824);
#9824 = CARTESIAN_POINT('',(83.08701,-62.43021,0.21));
#9825 = CIRCLE('',#9826,1.000028274541);
#9826 = AXIS2_PLACEMENT_3D('',#9827,#9828,#9829);
#9827 = CARTESIAN_POINT('',(83.087038274391,-63.43023827414,0.21));
#9828 = DIRECTION('',(0.,0.,-1.));
#9829 = DIRECTION('',(-0.999999999851,1.727365251842E-05,0.));
#9830 = ORIENTED_EDGE('',*,*,#9831,.F.);
#9831 = EDGE_CURVE('',#9832,#9823,#9834,.T.);
#9832 = VERTEX_POINT('',#9833);
#9833 = CARTESIAN_POINT('',(83.08701,-62.43021,0.));
#9834 = LINE('',#9835,#9836);
#9835 = CARTESIAN_POINT('',(83.08701,-62.43021,0.));
#9836 = VECTOR('',#9837,1.);
#9837 = DIRECTION('',(0.,0.,1.));
#9838 = ORIENTED_EDGE('',*,*,#9839,.F.);
#9839 = EDGE_CURVE('',#9800,#9832,#9840,.T.);
#9840 = CIRCLE('',#9841,1.000028274541);
#9841 = AXIS2_PLACEMENT_3D('',#9842,#9843,#9844);
#9842 = CARTESIAN_POINT('',(83.087038274391,-63.43023827414,0.));
#9843 = DIRECTION('',(0.,0.,-1.));
#9844 = DIRECTION('',(-0.999999999851,1.727365251842E-05,0.));
#9845 = CYLINDRICAL_SURFACE('',#9846,1.000028274541);
#9846 = AXIS2_PLACEMENT_3D('',#9847,#9848,#9849);
#9847 = CARTESIAN_POINT('',(83.087038274391,-63.43023827414,0.));
#9848 = DIRECTION('',(0.,0.,-1.));
#9849 = DIRECTION('',(-0.999999999851,1.727365251842E-05,0.));
#9850 = ADVANCED_FACE('',(#9851),#9876,.T.);
#9851 = FACE_BOUND('',#9852,.T.);
#9852 = EDGE_LOOP('',(#9853,#9854,#9862,#9870));
#9853 = ORIENTED_EDGE('',*,*,#9831,.T.);
#9854 = ORIENTED_EDGE('',*,*,#9855,.T.);
#9855 = EDGE_CURVE('',#9823,#9856,#9858,.T.);
#9856 = VERTEX_POINT('',#9857);
#9857 = CARTESIAN_POINT('',(85.25107,-62.43021,0.21));
#9858 = LINE('',#9859,#9860);
#9859 = CARTESIAN_POINT('',(83.08701,-62.43021,0.21));
#9860 = VECTOR('',#9861,1.);
#9861 = DIRECTION('',(1.,0.,0.));
#9862 = ORIENTED_EDGE('',*,*,#9863,.F.);
#9863 = EDGE_CURVE('',#9864,#9856,#9866,.T.);
#9864 = VERTEX_POINT('',#9865);
#9865 = CARTESIAN_POINT('',(85.25107,-62.43021,0.));
#9866 = LINE('',#9867,#9868);
#9867 = CARTESIAN_POINT('',(85.25107,-62.43021,0.));
#9868 = VECTOR('',#9869,1.);
#9869 = DIRECTION('',(0.,0.,1.));
#9870 = ORIENTED_EDGE('',*,*,#9871,.F.);
#9871 = EDGE_CURVE('',#9832,#9864,#9872,.T.);
#9872 = LINE('',#9873,#9874);
#9873 = CARTESIAN_POINT('',(83.08701,-62.43021,0.));
#9874 = VECTOR('',#9875,1.);
#9875 = DIRECTION('',(1.,0.,0.));
#9876 = PLANE('',#9877);
#9877 = AXIS2_PLACEMENT_3D('',#9878,#9879,#9880);
#9878 = CARTESIAN_POINT('',(83.08701,-62.43021,0.));
#9879 = DIRECTION('',(0.,1.,0.));
#9880 = DIRECTION('',(1.,0.,0.));
#9881 = ADVANCED_FACE('',(#9882),#9909,.F.);
#9882 = FACE_BOUND('',#9883,.T.);
#9883 = EDGE_LOOP('',(#9884,#9885,#9894,#9902));
#9884 = ORIENTED_EDGE('',*,*,#9863,.T.);
#9885 = ORIENTED_EDGE('',*,*,#9886,.T.);
#9886 = EDGE_CURVE('',#9856,#9887,#9889,.T.);
#9887 = VERTEX_POINT('',#9888);
#9888 = CARTESIAN_POINT('',(86.25107,-61.430221,0.21));
#9889 = CIRCLE('',#9890,1.000000960148);
#9890 = AXIS2_PLACEMENT_3D('',#9891,#9892,#9893);
#9891 = CARTESIAN_POINT('',(85.251069039923,-61.43020903985,0.21));
#9892 = DIRECTION('',(0.,0.,1.));
#9893 = DIRECTION('',(9.600759246526E-07,-1.,0.));
#9894 = ORIENTED_EDGE('',*,*,#9895,.F.);
#9895 = EDGE_CURVE('',#9896,#9887,#9898,.T.);
#9896 = VERTEX_POINT('',#9897);
#9897 = CARTESIAN_POINT('',(86.25107,-61.430221,0.));
#9898 = LINE('',#9899,#9900);
#9899 = CARTESIAN_POINT('',(86.25107,-61.430221,0.));
#9900 = VECTOR('',#9901,1.);
#9901 = DIRECTION('',(0.,0.,1.));
#9902 = ORIENTED_EDGE('',*,*,#9903,.F.);
#9903 = EDGE_CURVE('',#9864,#9896,#9904,.T.);
#9904 = CIRCLE('',#9905,1.000000960148);
#9905 = AXIS2_PLACEMENT_3D('',#9906,#9907,#9908);
#9906 = CARTESIAN_POINT('',(85.251069039923,-61.43020903985,0.));
#9907 = DIRECTION('',(0.,0.,1.));
#9908 = DIRECTION('',(9.600759246526E-07,-1.,0.));
#9909 = CYLINDRICAL_SURFACE('',#9910,1.000000960148);
#9910 = AXIS2_PLACEMENT_3D('',#9911,#9912,#9913);
#9911 = CARTESIAN_POINT('',(85.251069039923,-61.43020903985,0.));
#9912 = DIRECTION('',(-0.,-0.,-1.));
#9913 = DIRECTION('',(9.600759246526E-07,-1.,0.));
#9914 = ADVANCED_FACE('',(#9915),#9940,.T.);
#9915 = FACE_BOUND('',#9916,.T.);
#9916 = EDGE_LOOP('',(#9917,#9918,#9926,#9934));
#9917 = ORIENTED_EDGE('',*,*,#9895,.T.);
#9918 = ORIENTED_EDGE('',*,*,#9919,.T.);
#9919 = EDGE_CURVE('',#9887,#9920,#9922,.T.);
#9920 = VERTEX_POINT('',#9921);
#9921 = CARTESIAN_POINT('',(86.25107,-56.607021,0.21));
#9922 = LINE('',#9923,#9924);
#9923 = CARTESIAN_POINT('',(86.25107,-61.430221,0.21));
#9924 = VECTOR('',#9925,1.);
#9925 = DIRECTION('',(0.,1.,0.));
#9926 = ORIENTED_EDGE('',*,*,#9927,.F.);
#9927 = EDGE_CURVE('',#9928,#9920,#9930,.T.);
#9928 = VERTEX_POINT('',#9929);
#9929 = CARTESIAN_POINT('',(86.25107,-56.607021,0.));
#9930 = LINE('',#9931,#9932);
#9931 = CARTESIAN_POINT('',(86.25107,-56.607021,0.));
#9932 = VECTOR('',#9933,1.);
#9933 = DIRECTION('',(0.,0.,1.));
#9934 = ORIENTED_EDGE('',*,*,#9935,.F.);
#9935 = EDGE_CURVE('',#9896,#9928,#9936,.T.);
#9936 = LINE('',#9937,#9938);
#9937 = CARTESIAN_POINT('',(86.25107,-61.430221,0.));
#9938 = VECTOR('',#9939,1.);
#9939 = DIRECTION('',(0.,1.,0.));
#9940 = PLANE('',#9941);
#9941 = AXIS2_PLACEMENT_3D('',#9942,#9943,#9944);
#9942 = CARTESIAN_POINT('',(86.25107,-61.430221,0.));
#9943 = DIRECTION('',(-1.,0.,0.));
#9944 = DIRECTION('',(0.,1.,0.));
#9945 = ADVANCED_FACE('',(#9946),#9973,.T.);
#9946 = FACE_BOUND('',#9947,.T.);
#9947 = EDGE_LOOP('',(#9948,#9949,#9958,#9966));
#9948 = ORIENTED_EDGE('',*,*,#9927,.T.);
#9949 = ORIENTED_EDGE('',*,*,#9950,.T.);
#9950 = EDGE_CURVE('',#9920,#9951,#9953,.T.);
#9951 = VERTEX_POINT('',#9952);
#9952 = CARTESIAN_POINT('',(87.255996,-55.607006,0.21));
#9953 = CIRCLE('',#9954,1.000026159825);
#9954 = AXIS2_PLACEMENT_3D('',#9955,#9956,#9957);
#9955 = CARTESIAN_POINT('',(87.251096159825,-56.60702015585,0.21));
#9956 = DIRECTION('',(0.,0.,-1.));
#9957 = DIRECTION('',(-1.,-8.441274502707E-07,-0.));
#9958 = ORIENTED_EDGE('',*,*,#9959,.F.);
#9959 = EDGE_CURVE('',#9960,#9951,#9962,.T.);
#9960 = VERTEX_POINT('',#9961);
#9961 = CARTESIAN_POINT('',(87.255996,-55.607006,0.));
#9962 = LINE('',#9963,#9964);
#9963 = CARTESIAN_POINT('',(87.255996,-55.607006,0.));
#9964 = VECTOR('',#9965,1.);
#9965 = DIRECTION('',(0.,0.,1.));
#9966 = ORIENTED_EDGE('',*,*,#9967,.F.);
#9967 = EDGE_CURVE('',#9928,#9960,#9968,.T.);
#9968 = CIRCLE('',#9969,1.000026159825);
#9969 = AXIS2_PLACEMENT_3D('',#9970,#9971,#9972);
#9970 = CARTESIAN_POINT('',(87.251096159825,-56.60702015585,0.));
#9971 = DIRECTION('',(0.,0.,-1.));
#9972 = DIRECTION('',(-1.,-8.441274502707E-07,-0.));
#9973 = CYLINDRICAL_SURFACE('',#9974,1.000026159825);
#9974 = AXIS2_PLACEMENT_3D('',#9975,#9976,#9977);
#9975 = CARTESIAN_POINT('',(87.251096159825,-56.60702015585,0.));
#9976 = DIRECTION('',(0.,0.,-1.));
#9977 = DIRECTION('',(-1.,-8.441274502707E-07,-0.));
#9978 = ADVANCED_FACE('',(#9979),#10004,.T.);
#9979 = FACE_BOUND('',#9980,.T.);
#9980 = EDGE_LOOP('',(#9981,#9982,#9990,#9998));
#9981 = ORIENTED_EDGE('',*,*,#9959,.T.);
#9982 = ORIENTED_EDGE('',*,*,#9983,.T.);
#9983 = EDGE_CURVE('',#9951,#9984,#9986,.T.);
#9984 = VERTEX_POINT('',#9985);
#9985 = CARTESIAN_POINT('',(91.763939,-55.607006,0.21));
#9986 = LINE('',#9987,#9988);
#9987 = CARTESIAN_POINT('',(87.255996,-55.607006,0.21));
#9988 = VECTOR('',#9989,1.);
#9989 = DIRECTION('',(1.,0.,0.));
#9990 = ORIENTED_EDGE('',*,*,#9991,.F.);
#9991 = EDGE_CURVE('',#9992,#9984,#9994,.T.);
#9992 = VERTEX_POINT('',#9993);
#9993 = CARTESIAN_POINT('',(91.763939,-55.607006,0.));
#9994 = LINE('',#9995,#9996);
#9995 = CARTESIAN_POINT('',(91.763939,-55.607006,0.));
#9996 = VECTOR('',#9997,1.);
#9997 = DIRECTION('',(0.,0.,1.));
#9998 = ORIENTED_EDGE('',*,*,#9999,.F.);
#9999 = EDGE_CURVE('',#9960,#9992,#10000,.T.);
#10000 = LINE('',#10001,#10002);
#10001 = CARTESIAN_POINT('',(87.255996,-55.607006,0.));
#10002 = VECTOR('',#10003,1.);
#10003 = DIRECTION('',(1.,0.,0.));
#10004 = PLANE('',#10005);
#10005 = AXIS2_PLACEMENT_3D('',#10006,#10007,#10008);
#10006 = CARTESIAN_POINT('',(87.255996,-55.607006,0.));
#10007 = DIRECTION('',(0.,1.,0.));
#10008 = DIRECTION('',(1.,0.,0.));
#10009 = ADVANCED_FACE('',(#10010),#10037,.F.);
#10010 = FACE_BOUND('',#10011,.T.);
#10011 = EDGE_LOOP('',(#10012,#10013,#10022,#10030));
#10012 = ORIENTED_EDGE('',*,*,#9991,.T.);
#10013 = ORIENTED_EDGE('',*,*,#10014,.T.);
#10014 = EDGE_CURVE('',#9984,#10015,#10017,.T.);
#10015 = VERTEX_POINT('',#10016);
#10016 = CARTESIAN_POINT('',(92.759692,-54.607021,0.21));
#10017 = CIRCLE('',#10018,0.999993815117);
#10018 = AXIS2_PLACEMENT_3D('',#10019,#10020,#10021);
#10019 = CARTESIAN_POINT('',(91.759698184883,-54.60702117723,0.21));
#10020 = DIRECTION('',(0.,0.,1.));
#10021 = DIRECTION('',(4.240841345839E-03,-0.999991007592,0.));
#10022 = ORIENTED_EDGE('',*,*,#10023,.F.);
#10023 = EDGE_CURVE('',#10024,#10015,#10026,.T.);
#10024 = VERTEX_POINT('',#10025);
#10025 = CARTESIAN_POINT('',(92.759692,-54.607021,0.));
#10026 = LINE('',#10027,#10028);
#10027 = CARTESIAN_POINT('',(92.759692,-54.607021,0.));
#10028 = VECTOR('',#10029,1.);
#10029 = DIRECTION('',(0.,0.,1.));
#10030 = ORIENTED_EDGE('',*,*,#10031,.F.);
#10031 = EDGE_CURVE('',#9992,#10024,#10032,.T.);
#10032 = CIRCLE('',#10033,0.999993815117);
#10033 = AXIS2_PLACEMENT_3D('',#10034,#10035,#10036);
#10034 = CARTESIAN_POINT('',(91.759698184883,-54.60702117723,0.));
#10035 = DIRECTION('',(0.,0.,1.));
#10036 = DIRECTION('',(4.240841345839E-03,-0.999991007592,0.));
#10037 = CYLINDRICAL_SURFACE('',#10038,0.999993815117);
#10038 = AXIS2_PLACEMENT_3D('',#10039,#10040,#10041);
#10039 = CARTESIAN_POINT('',(91.759698184883,-54.60702117723,0.));
#10040 = DIRECTION('',(-0.,-0.,-1.));
#10041 = DIRECTION('',(4.240841345839E-03,-0.999991007592,0.));
#10042 = ADVANCED_FACE('',(#10043),#10068,.T.);
#10043 = FACE_BOUND('',#10044,.T.);
#10044 = EDGE_LOOP('',(#10045,#10046,#10054,#10062));
#10045 = ORIENTED_EDGE('',*,*,#10023,.T.);
#10046 = ORIENTED_EDGE('',*,*,#10047,.T.);
#10047 = EDGE_CURVE('',#10015,#10048,#10050,.T.);
#10048 = VERTEX_POINT('',#10049);
#10049 = CARTESIAN_POINT('',(92.759692,-50.913921,0.21));
#10050 = LINE('',#10051,#10052);
#10051 = CARTESIAN_POINT('',(92.759692,-54.607021,0.21));
#10052 = VECTOR('',#10053,1.);
#10053 = DIRECTION('',(0.,1.,0.));
#10054 = ORIENTED_EDGE('',*,*,#10055,.F.);
#10055 = EDGE_CURVE('',#10056,#10048,#10058,.T.);
#10056 = VERTEX_POINT('',#10057);
#10057 = CARTESIAN_POINT('',(92.759692,-50.913921,0.));
#10058 = LINE('',#10059,#10060);
#10059 = CARTESIAN_POINT('',(92.759692,-50.913921,0.));
#10060 = VECTOR('',#10061,1.);
#10061 = DIRECTION('',(0.,0.,1.));
#10062 = ORIENTED_EDGE('',*,*,#10063,.F.);
#10063 = EDGE_CURVE('',#10024,#10056,#10064,.T.);
#10064 = LINE('',#10065,#10066);
#10065 = CARTESIAN_POINT('',(92.759692,-54.607021,0.));
#10066 = VECTOR('',#10067,1.);
#10067 = DIRECTION('',(0.,1.,0.));
#10068 = PLANE('',#10069);
#10069 = AXIS2_PLACEMENT_3D('',#10070,#10071,#10072);
#10070 = CARTESIAN_POINT('',(92.759692,-54.607021,0.));
#10071 = DIRECTION('',(-1.,0.,0.));
#10072 = DIRECTION('',(0.,1.,0.));
#10073 = ADVANCED_FACE('',(#10074),#10101,.T.);
#10074 = FACE_BOUND('',#10075,.T.);
#10075 = EDGE_LOOP('',(#10076,#10077,#10086,#10094));
#10076 = ORIENTED_EDGE('',*,*,#10055,.T.);
#10077 = ORIENTED_EDGE('',*,*,#10078,.T.);
#10078 = EDGE_CURVE('',#10048,#10079,#10081,.T.);
#10079 = VERTEX_POINT('',#10080);
#10080 = CARTESIAN_POINT('',(94.76718,-48.91393,0.21));
#10081 = CIRCLE('',#10082,2.000005417019);
#10082 = AXIS2_PLACEMENT_3D('',#10083,#10084,#10085);
#10083 = CARTESIAN_POINT('',(94.759697417019,-50.91392141974,0.21));
#10084 = DIRECTION('',(0.,0.,-1.));
#10085 = DIRECTION('',(-1.,2.098722546794E-07,0.));
#10086 = ORIENTED_EDGE('',*,*,#10087,.F.);
#10087 = EDGE_CURVE('',#10088,#10079,#10090,.T.);
#10088 = VERTEX_POINT('',#10089);
#10089 = CARTESIAN_POINT('',(94.76718,-48.91393,0.));
#10090 = LINE('',#10091,#10092);
#10091 = CARTESIAN_POINT('',(94.76718,-48.91393,0.));
#10092 = VECTOR('',#10093,1.);
#10093 = DIRECTION('',(0.,0.,1.));
#10094 = ORIENTED_EDGE('',*,*,#10095,.F.);
#10095 = EDGE_CURVE('',#10056,#10088,#10096,.T.);
#10096 = CIRCLE('',#10097,2.000005417019);
#10097 = AXIS2_PLACEMENT_3D('',#10098,#10099,#10100);
#10098 = CARTESIAN_POINT('',(94.759697417019,-50.91392141974,0.));
#10099 = DIRECTION('',(0.,0.,-1.));
#10100 = DIRECTION('',(-1.,2.098722546794E-07,0.));
#10101 = CYLINDRICAL_SURFACE('',#10102,2.000005417019);
#10102 = AXIS2_PLACEMENT_3D('',#10103,#10104,#10105);
#10103 = CARTESIAN_POINT('',(94.759697417019,-50.91392141974,0.));
#10104 = DIRECTION('',(0.,0.,-1.));
#10105 = DIRECTION('',(-1.,2.098722546794E-07,0.));
#10106 = ADVANCED_FACE('',(#10107),#10123,.T.);
#10107 = FACE_BOUND('',#10108,.T.);
#10108 = EDGE_LOOP('',(#10109,#10110,#10116,#10117));
#10109 = ORIENTED_EDGE('',*,*,#10087,.T.);
#10110 = ORIENTED_EDGE('',*,*,#10111,.T.);
#10111 = EDGE_CURVE('',#10079,#8698,#10112,.T.);
#10112 = LINE('',#10113,#10114);
#10113 = CARTESIAN_POINT('',(94.76718,-48.91393,0.21));
#10114 = VECTOR('',#10115,1.);
#10115 = DIRECTION('',(1.,0.,0.));
#10116 = ORIENTED_EDGE('',*,*,#8695,.F.);
#10117 = ORIENTED_EDGE('',*,*,#10118,.F.);
#10118 = EDGE_CURVE('',#10088,#8696,#10119,.T.);
#10119 = LINE('',#10120,#10121);
#10120 = CARTESIAN_POINT('',(94.76718,-48.91393,0.));
#10121 = VECTOR('',#10122,1.);
#10122 = DIRECTION('',(1.,0.,0.));
#10123 = PLANE('',#10124);
#10124 = AXIS2_PLACEMENT_3D('',#10125,#10126,#10127);
#10125 = CARTESIAN_POINT('',(94.76718,-48.91393,0.));
#10126 = DIRECTION('',(0.,1.,0.));
#10127 = DIRECTION('',(1.,0.,0.));
#10128 = ADVANCED_FACE('',(#10129),#10165,.F.);
#10129 = FACE_BOUND('',#10130,.T.);
#10130 = EDGE_LOOP('',(#10131,#10141,#10150,#10158));
#10131 = ORIENTED_EDGE('',*,*,#10132,.T.);
#10132 = EDGE_CURVE('',#10133,#10135,#10137,.T.);
#10133 = VERTEX_POINT('',#10134);
#10134 = CARTESIAN_POINT('',(104.017727,-71.085021,0.));
#10135 = VERTEX_POINT('',#10136);
#10136 = CARTESIAN_POINT('',(104.017727,-71.085021,0.21));
#10137 = LINE('',#10138,#10139);
#10138 = CARTESIAN_POINT('',(104.017727,-71.085021,0.));
#10139 = VECTOR('',#10140,1.);
#10140 = DIRECTION('',(0.,0.,1.));
#10141 = ORIENTED_EDGE('',*,*,#10142,.T.);
#10142 = EDGE_CURVE('',#10135,#10143,#10145,.T.);
#10143 = VERTEX_POINT('',#10144);
#10144 = CARTESIAN_POINT('',(103.523087,-71.585055,0.21));
#10145 = CIRCLE('',#10146,0.500024795492);
#10146 = AXIS2_PLACEMENT_3D('',#10147,#10148,#10149);
#10147 = CARTESIAN_POINT('',(104.02311179403,-71.58501680008,0.21));
#10148 = DIRECTION('',(0.,0.,1.));
#10149 = DIRECTION('',(-1.07690540171E-02,0.999942012056,0.));
#10150 = ORIENTED_EDGE('',*,*,#10151,.F.);
#10151 = EDGE_CURVE('',#10152,#10143,#10154,.T.);
#10152 = VERTEX_POINT('',#10153);
#10153 = CARTESIAN_POINT('',(103.523087,-71.585055,0.));
#10154 = LINE('',#10155,#10156);
#10155 = CARTESIAN_POINT('',(103.523087,-71.585055,0.));
#10156 = VECTOR('',#10157,1.);
#10157 = DIRECTION('',(0.,0.,1.));
#10158 = ORIENTED_EDGE('',*,*,#10159,.F.);
#10159 = EDGE_CURVE('',#10133,#10152,#10160,.T.);
#10160 = CIRCLE('',#10161,0.500024795492);
#10161 = AXIS2_PLACEMENT_3D('',#10162,#10163,#10164);
#10162 = CARTESIAN_POINT('',(104.02311179403,-71.58501680008,0.));
#10163 = DIRECTION('',(0.,0.,1.));
#10164 = DIRECTION('',(-1.07690540171E-02,0.999942012056,0.));
#10165 = CYLINDRICAL_SURFACE('',#10166,0.500024795492);
#10166 = AXIS2_PLACEMENT_3D('',#10167,#10168,#10169);
#10167 = CARTESIAN_POINT('',(104.02311179403,-71.58501680008,0.));
#10168 = DIRECTION('',(-0.,-0.,-1.));
#10169 = DIRECTION('',(-1.07690540171E-02,0.999942012056,0.));
#10170 = ADVANCED_FACE('',(#10171),#10196,.T.);
#10171 = FACE_BOUND('',#10172,.T.);
#10172 = EDGE_LOOP('',(#10173,#10174,#10182,#10190));
#10173 = ORIENTED_EDGE('',*,*,#10151,.T.);
#10174 = ORIENTED_EDGE('',*,*,#10175,.T.);
#10175 = EDGE_CURVE('',#10143,#10176,#10178,.T.);
#10176 = VERTEX_POINT('',#10177);
#10177 = CARTESIAN_POINT('',(103.526935,-74.066976,0.21));
#10178 = LINE('',#10179,#10180);
#10179 = CARTESIAN_POINT('',(103.523087,-71.585055,0.21));
#10180 = VECTOR('',#10181,1.);
#10181 = DIRECTION('',(1.550410095701E-03,-0.999998798114,0.));
#10182 = ORIENTED_EDGE('',*,*,#10183,.F.);
#10183 = EDGE_CURVE('',#10184,#10176,#10186,.T.);
#10184 = VERTEX_POINT('',#10185);
#10185 = CARTESIAN_POINT('',(103.526935,-74.066976,0.));
#10186 = LINE('',#10187,#10188);
#10187 = CARTESIAN_POINT('',(103.526935,-74.066976,0.));
#10188 = VECTOR('',#10189,1.);
#10189 = DIRECTION('',(0.,0.,1.));
#10190 = ORIENTED_EDGE('',*,*,#10191,.F.);
#10191 = EDGE_CURVE('',#10152,#10184,#10192,.T.);
#10192 = LINE('',#10193,#10194);
#10193 = CARTESIAN_POINT('',(103.523087,-71.585055,0.));
#10194 = VECTOR('',#10195,1.);
#10195 = DIRECTION('',(1.550410095701E-03,-0.999998798114,0.));
#10196 = PLANE('',#10197);
#10197 = AXIS2_PLACEMENT_3D('',#10198,#10199,#10200);
#10198 = CARTESIAN_POINT('',(103.523087,-71.585055,0.));
#10199 = DIRECTION('',(0.999998798114,1.550410095701E-03,-0.));
#10200 = DIRECTION('',(1.550410095701E-03,-0.999998798114,0.));
#10201 = ADVANCED_FACE('',(#10202),#10229,.F.);
#10202 = FACE_BOUND('',#10203,.T.);
#10203 = EDGE_LOOP('',(#10204,#10205,#10214,#10222));
#10204 = ORIENTED_EDGE('',*,*,#10183,.T.);
#10205 = ORIENTED_EDGE('',*,*,#10206,.T.);
#10206 = EDGE_CURVE('',#10176,#10207,#10209,.T.);
#10207 = VERTEX_POINT('',#10208);
#10208 = CARTESIAN_POINT('',(104.026939,-74.56698,0.21));
#10209 = CIRCLE('',#10210,0.500004747784);
#10210 = AXIS2_PLACEMENT_3D('',#10211,#10212,#10213);
#10211 = CARTESIAN_POINT('',(104.02693974778,-74.06697525221,0.21));
#10212 = DIRECTION('',(0.,0.,1.));
#10213 = DIRECTION('',(-0.999999999999,-1.495553372654E-06,0.));
#10214 = ORIENTED_EDGE('',*,*,#10215,.F.);
#10215 = EDGE_CURVE('',#10216,#10207,#10218,.T.);
#10216 = VERTEX_POINT('',#10217);
#10217 = CARTESIAN_POINT('',(104.026939,-74.56698,0.));
#10218 = LINE('',#10219,#10220);
#10219 = CARTESIAN_POINT('',(104.026939,-74.56698,0.));
#10220 = VECTOR('',#10221,1.);
#10221 = DIRECTION('',(0.,0.,1.));
#10222 = ORIENTED_EDGE('',*,*,#10223,.F.);
#10223 = EDGE_CURVE('',#10184,#10216,#10224,.T.);
#10224 = CIRCLE('',#10225,0.500004747784);
#10225 = AXIS2_PLACEMENT_3D('',#10226,#10227,#10228);
#10226 = CARTESIAN_POINT('',(104.02693974778,-74.06697525221,0.));
#10227 = DIRECTION('',(0.,0.,1.));
#10228 = DIRECTION('',(-0.999999999999,-1.495553372654E-06,0.));
#10229 = CYLINDRICAL_SURFACE('',#10230,0.500004747784);
#10230 = AXIS2_PLACEMENT_3D('',#10231,#10232,#10233);
#10231 = CARTESIAN_POINT('',(104.02693974778,-74.06697525221,0.));
#10232 = DIRECTION('',(-0.,-0.,-1.));
#10233 = DIRECTION('',(-0.999999999999,-1.495553372654E-06,0.));
#10234 = ADVANCED_FACE('',(#10235),#10260,.T.);
#10235 = FACE_BOUND('',#10236,.T.);
#10236 = EDGE_LOOP('',(#10237,#10238,#10246,#10254));
#10237 = ORIENTED_EDGE('',*,*,#10215,.T.);
#10238 = ORIENTED_EDGE('',*,*,#10239,.T.);
#10239 = EDGE_CURVE('',#10207,#10240,#10242,.T.);
#10240 = VERTEX_POINT('',#10241);
#10241 = CARTESIAN_POINT('',(105.535205,-74.56698,0.21));
#10242 = LINE('',#10243,#10244);
#10243 = CARTESIAN_POINT('',(104.026939,-74.56698,0.21));
#10244 = VECTOR('',#10245,1.);
#10245 = DIRECTION('',(1.,0.,0.));
#10246 = ORIENTED_EDGE('',*,*,#10247,.F.);
#10247 = EDGE_CURVE('',#10248,#10240,#10250,.T.);
#10248 = VERTEX_POINT('',#10249);
#10249 = CARTESIAN_POINT('',(105.535205,-74.56698,0.));
#10250 = LINE('',#10251,#10252);
#10251 = CARTESIAN_POINT('',(105.535205,-74.56698,0.));
#10252 = VECTOR('',#10253,1.);
#10253 = DIRECTION('',(0.,0.,1.));
#10254 = ORIENTED_EDGE('',*,*,#10255,.F.);
#10255 = EDGE_CURVE('',#10216,#10248,#10256,.T.);
#10256 = LINE('',#10257,#10258);
#10257 = CARTESIAN_POINT('',(104.026939,-74.56698,0.));
#10258 = VECTOR('',#10259,1.);
#10259 = DIRECTION('',(1.,0.,0.));
#10260 = PLANE('',#10261);
#10261 = AXIS2_PLACEMENT_3D('',#10262,#10263,#10264);
#10262 = CARTESIAN_POINT('',(104.026939,-74.56698,0.));
#10263 = DIRECTION('',(0.,1.,0.));
#10264 = DIRECTION('',(1.,0.,0.));
#10265 = ADVANCED_FACE('',(#10266),#10293,.F.);
#10266 = FACE_BOUND('',#10267,.T.);
#10267 = EDGE_LOOP('',(#10268,#10269,#10278,#10286));
#10268 = ORIENTED_EDGE('',*,*,#10247,.T.);
#10269 = ORIENTED_EDGE('',*,*,#10270,.T.);
#10270 = EDGE_CURVE('',#10240,#10271,#10273,.T.);
#10271 = VERTEX_POINT('',#10272);
#10272 = CARTESIAN_POINT('',(106.026914,-74.066976,0.21));
#10273 = CIRCLE('',#10274,0.500175327383);
#10274 = AXIS2_PLACEMENT_3D('',#10275,#10276,#10277);
#10275 = CARTESIAN_POINT('',(105.52673868254,-74.06687633115,0.21));
#10276 = DIRECTION('',(0.,0.,1.));
#10277 = DIRECTION('',(1.692669947719E-02,-0.99985673316,0.));
#10278 = ORIENTED_EDGE('',*,*,#10279,.F.);
#10279 = EDGE_CURVE('',#10280,#10271,#10282,.T.);
#10280 = VERTEX_POINT('',#10281);
#10281 = CARTESIAN_POINT('',(106.026914,-74.066976,0.));
#10282 = LINE('',#10283,#10284);
#10283 = CARTESIAN_POINT('',(106.026914,-74.066976,0.));
#10284 = VECTOR('',#10285,1.);
#10285 = DIRECTION('',(0.,0.,1.));
#10286 = ORIENTED_EDGE('',*,*,#10287,.F.);
#10287 = EDGE_CURVE('',#10248,#10280,#10288,.T.);
#10288 = CIRCLE('',#10289,0.500175327383);
#10289 = AXIS2_PLACEMENT_3D('',#10290,#10291,#10292);
#10290 = CARTESIAN_POINT('',(105.52673868254,-74.06687633115,0.));
#10291 = DIRECTION('',(0.,0.,1.));
#10292 = DIRECTION('',(1.692669947719E-02,-0.99985673316,0.));
#10293 = CYLINDRICAL_SURFACE('',#10294,0.500175327383);
#10294 = AXIS2_PLACEMENT_3D('',#10295,#10296,#10297);
#10295 = CARTESIAN_POINT('',(105.52673868254,-74.06687633115,0.));
#10296 = DIRECTION('',(-0.,-0.,-1.));
#10297 = DIRECTION('',(1.692669947719E-02,-0.99985673316,0.));
#10298 = ADVANCED_FACE('',(#10299),#10324,.T.);
#10299 = FACE_BOUND('',#10300,.T.);
#10300 = EDGE_LOOP('',(#10301,#10302,#10310,#10318));
#10301 = ORIENTED_EDGE('',*,*,#10279,.T.);
#10302 = ORIENTED_EDGE('',*,*,#10303,.T.);
#10303 = EDGE_CURVE('',#10271,#10304,#10306,.T.);
#10304 = VERTEX_POINT('',#10305);
#10305 = CARTESIAN_POINT('',(106.023087,-71.580435,0.21));
#10306 = LINE('',#10307,#10308);
#10307 = CARTESIAN_POINT('',(106.026914,-74.066976,0.21));
#10308 = VECTOR('',#10309,1.);
#10309 = DIRECTION('',(-1.539083999556E-03,0.99999881561,0.));
#10310 = ORIENTED_EDGE('',*,*,#10311,.F.);
#10311 = EDGE_CURVE('',#10312,#10304,#10314,.T.);
#10312 = VERTEX_POINT('',#10313);
#10313 = CARTESIAN_POINT('',(106.023087,-71.580435,0.));
#10314 = LINE('',#10315,#10316);
#10315 = CARTESIAN_POINT('',(106.023087,-71.580435,0.));
#10316 = VECTOR('',#10317,1.);
#10317 = DIRECTION('',(0.,0.,1.));
#10318 = ORIENTED_EDGE('',*,*,#10319,.F.);
#10319 = EDGE_CURVE('',#10280,#10312,#10320,.T.);
#10320 = LINE('',#10321,#10322);
#10321 = CARTESIAN_POINT('',(106.026914,-74.066976,0.));
#10322 = VECTOR('',#10323,1.);
#10323 = DIRECTION('',(-1.539083999556E-03,0.99999881561,0.));
#10324 = PLANE('',#10325);
#10325 = AXIS2_PLACEMENT_3D('',#10326,#10327,#10328);
#10326 = CARTESIAN_POINT('',(106.026914,-74.066976,0.));
#10327 = DIRECTION('',(-0.99999881561,-1.539083999556E-03,0.));
#10328 = DIRECTION('',(-1.539083999556E-03,0.99999881561,0.));
#10329 = ADVANCED_FACE('',(#10330),#10357,.F.);
#10330 = FACE_BOUND('',#10331,.T.);
#10331 = EDGE_LOOP('',(#10332,#10333,#10342,#10350));
#10332 = ORIENTED_EDGE('',*,*,#10311,.T.);
#10333 = ORIENTED_EDGE('',*,*,#10334,.T.);
#10334 = EDGE_CURVE('',#10304,#10335,#10337,.T.);
#10335 = VERTEX_POINT('',#10336);
#10336 = CARTESIAN_POINT('',(105.523112,-71.085021,0.21));
#10337 = CIRCLE('',#10338,0.499995474007);
#10338 = AXIS2_PLACEMENT_3D('',#10339,#10340,#10341);
#10339 = CARTESIAN_POINT('',(105.52311251652,-71.585016474,0.21));
#10340 = DIRECTION('',(0.,0.,1.));
#10341 = DIRECTION('',(0.999958018551,9.163030956716E-03,-0.));
#10342 = ORIENTED_EDGE('',*,*,#10343,.F.);
#10343 = EDGE_CURVE('',#10344,#10335,#10346,.T.);
#10344 = VERTEX_POINT('',#10345);
#10345 = CARTESIAN_POINT('',(105.523112,-71.085021,0.));
#10346 = LINE('',#10347,#10348);
#10347 = CARTESIAN_POINT('',(105.523112,-71.085021,0.));
#10348 = VECTOR('',#10349,1.);
#10349 = DIRECTION('',(0.,0.,1.));
#10350 = ORIENTED_EDGE('',*,*,#10351,.F.);
#10351 = EDGE_CURVE('',#10312,#10344,#10352,.T.);
#10352 = CIRCLE('',#10353,0.499995474007);
#10353 = AXIS2_PLACEMENT_3D('',#10354,#10355,#10356);
#10354 = CARTESIAN_POINT('',(105.52311251652,-71.585016474,0.));
#10355 = DIRECTION('',(0.,0.,1.));
#10356 = DIRECTION('',(0.999958018551,9.163030956716E-03,-0.));
#10357 = CYLINDRICAL_SURFACE('',#10358,0.499995474007);
#10358 = AXIS2_PLACEMENT_3D('',#10359,#10360,#10361);
#10359 = CARTESIAN_POINT('',(105.52311251652,-71.585016474,0.));
#10360 = DIRECTION('',(-0.,-0.,-1.));
#10361 = DIRECTION('',(0.999958018551,9.163030956716E-03,-0.));
#10362 = ADVANCED_FACE('',(#10363),#10379,.T.);
#10363 = FACE_BOUND('',#10364,.T.);
#10364 = EDGE_LOOP('',(#10365,#10366,#10372,#10373));
#10365 = ORIENTED_EDGE('',*,*,#10343,.T.);
#10366 = ORIENTED_EDGE('',*,*,#10367,.T.);
#10367 = EDGE_CURVE('',#10335,#10135,#10368,.T.);
#10368 = LINE('',#10369,#10370);
#10369 = CARTESIAN_POINT('',(105.523112,-71.085021,0.21));
#10370 = VECTOR('',#10371,1.);
#10371 = DIRECTION('',(-1.,0.,0.));
#10372 = ORIENTED_EDGE('',*,*,#10132,.F.);
#10373 = ORIENTED_EDGE('',*,*,#10374,.F.);
#10374 = EDGE_CURVE('',#10344,#10133,#10375,.T.);
#10375 = LINE('',#10376,#10377);
#10376 = CARTESIAN_POINT('',(105.523112,-71.085021,0.));
#10377 = VECTOR('',#10378,1.);
#10378 = DIRECTION('',(-1.,0.,0.));
#10379 = PLANE('',#10380);
#10380 = AXIS2_PLACEMENT_3D('',#10381,#10382,#10383);
#10381 = CARTESIAN_POINT('',(105.523112,-71.085021,0.));
#10382 = DIRECTION('',(0.,-1.,0.));
#10383 = DIRECTION('',(-1.,0.,0.));
#10384 = ADVANCED_FACE('',(#10385),#10421,.F.);
#10385 = FACE_BOUND('',#10386,.T.);
#10386 = EDGE_LOOP('',(#10387,#10397,#10406,#10414));
#10387 = ORIENTED_EDGE('',*,*,#10388,.T.);
#10388 = EDGE_CURVE('',#10389,#10391,#10393,.T.);
#10389 = VERTEX_POINT('',#10390);
#10390 = CARTESIAN_POINT('',(88.843296,-70.23414,0.));
#10391 = VERTEX_POINT('',#10392);
#10392 = CARTESIAN_POINT('',(88.843296,-70.23414,0.21));
#10393 = LINE('',#10394,#10395);
#10394 = CARTESIAN_POINT('',(88.843296,-70.23414,0.));
#10395 = VECTOR('',#10396,1.);
#10396 = DIRECTION('',(0.,0.,1.));
#10397 = ORIENTED_EDGE('',*,*,#10398,.T.);
#10398 = EDGE_CURVE('',#10391,#10399,#10401,.T.);
#10399 = VERTEX_POINT('',#10400);
#10400 = CARTESIAN_POINT('',(88.348656,-70.734136,0.21));
#10401 = CIRCLE('',#10402,0.500024792968);
#10402 = AXIS2_PLACEMENT_3D('',#10403,#10404,#10405);
#10403 = CARTESIAN_POINT('',(88.848680792968,-70.73413579757,0.21));
#10404 = DIRECTION('',(0.,0.,1.));
#10405 = DIRECTION('',(-1.076905194259E-02,0.999942012079,0.));
#10406 = ORIENTED_EDGE('',*,*,#10407,.F.);
#10407 = EDGE_CURVE('',#10408,#10399,#10410,.T.);
#10408 = VERTEX_POINT('',#10409);
#10409 = CARTESIAN_POINT('',(88.348656,-70.734136,0.));
#10410 = LINE('',#10411,#10412);
#10411 = CARTESIAN_POINT('',(88.348656,-70.734136,0.));
#10412 = VECTOR('',#10413,1.);
#10413 = DIRECTION('',(0.,0.,1.));
#10414 = ORIENTED_EDGE('',*,*,#10415,.F.);
#10415 = EDGE_CURVE('',#10389,#10408,#10416,.T.);
#10416 = CIRCLE('',#10417,0.500024792968);
#10417 = AXIS2_PLACEMENT_3D('',#10418,#10419,#10420);
#10418 = CARTESIAN_POINT('',(88.848680792968,-70.73413579757,0.));
#10419 = DIRECTION('',(0.,0.,1.));
#10420 = DIRECTION('',(-1.076905194259E-02,0.999942012079,0.));
#10421 = CYLINDRICAL_SURFACE('',#10422,0.500024792968);
#10422 = AXIS2_PLACEMENT_3D('',#10423,#10424,#10425);
#10423 = CARTESIAN_POINT('',(88.848680792968,-70.73413579757,0.));
#10424 = DIRECTION('',(-0.,-0.,-1.));
#10425 = DIRECTION('',(-1.076905194259E-02,0.999942012079,0.));
#10426 = ADVANCED_FACE('',(#10427),#10452,.T.);
#10427 = FACE_BOUND('',#10428,.T.);
#10428 = EDGE_LOOP('',(#10429,#10430,#10438,#10446));
#10429 = ORIENTED_EDGE('',*,*,#10407,.T.);
#10430 = ORIENTED_EDGE('',*,*,#10431,.T.);
#10431 = EDGE_CURVE('',#10399,#10432,#10434,.T.);
#10432 = VERTEX_POINT('',#10433);
#10433 = CARTESIAN_POINT('',(88.348656,-72.234136,0.21));
#10434 = LINE('',#10435,#10436);
#10435 = CARTESIAN_POINT('',(88.348656,-70.734136,0.21));
#10436 = VECTOR('',#10437,1.);
#10437 = DIRECTION('',(0.,-1.,0.));
#10438 = ORIENTED_EDGE('',*,*,#10439,.F.);
#10439 = EDGE_CURVE('',#10440,#10432,#10442,.T.);
#10440 = VERTEX_POINT('',#10441);
#10441 = CARTESIAN_POINT('',(88.348656,-72.234136,0.));
#10442 = LINE('',#10443,#10444);
#10443 = CARTESIAN_POINT('',(88.348656,-72.234136,0.));
#10444 = VECTOR('',#10445,1.);
#10445 = DIRECTION('',(0.,0.,1.));
#10446 = ORIENTED_EDGE('',*,*,#10447,.F.);
#10447 = EDGE_CURVE('',#10408,#10440,#10448,.T.);
#10448 = LINE('',#10449,#10450);
#10449 = CARTESIAN_POINT('',(88.348656,-70.734136,0.));
#10450 = VECTOR('',#10451,1.);
#10451 = DIRECTION('',(0.,-1.,0.));
#10452 = PLANE('',#10453);
#10453 = AXIS2_PLACEMENT_3D('',#10454,#10455,#10456);
#10454 = CARTESIAN_POINT('',(88.348656,-70.734136,0.));
#10455 = DIRECTION('',(1.,0.,-0.));
#10456 = DIRECTION('',(0.,-1.,0.));
#10457 = ADVANCED_FACE('',(#10458),#10485,.F.);
#10458 = FACE_BOUND('',#10459,.T.);
#10459 = EDGE_LOOP('',(#10460,#10461,#10470,#10478));
#10460 = ORIENTED_EDGE('',*,*,#10439,.T.);
#10461 = ORIENTED_EDGE('',*,*,#10462,.T.);
#10462 = EDGE_CURVE('',#10432,#10463,#10465,.T.);
#10463 = VERTEX_POINT('',#10464);
#10464 = CARTESIAN_POINT('',(88.848681,-72.73414,0.21));
#10465 = CIRCLE('',#10466,0.500040599194);
#10466 = AXIS2_PLACEMENT_3D('',#10467,#10468,#10469);
#10467 = CARTESIAN_POINT('',(88.848696597855,-72.23409940104,0.21));
#10468 = DIRECTION('',(0.,0.,1.));
#10469 = DIRECTION('',(-0.999999997321,-7.319195881466E-05,0.));
#10470 = ORIENTED_EDGE('',*,*,#10471,.F.);
#10471 = EDGE_CURVE('',#10472,#10463,#10474,.T.);
#10472 = VERTEX_POINT('',#10473);
#10473 = CARTESIAN_POINT('',(88.848681,-72.73414,0.));
#10474 = LINE('',#10475,#10476);
#10475 = CARTESIAN_POINT('',(88.848681,-72.73414,0.));
#10476 = VECTOR('',#10477,1.);
#10477 = DIRECTION('',(0.,0.,1.));
#10478 = ORIENTED_EDGE('',*,*,#10479,.F.);
#10479 = EDGE_CURVE('',#10440,#10472,#10480,.T.);
#10480 = CIRCLE('',#10481,0.500040599194);
#10481 = AXIS2_PLACEMENT_3D('',#10482,#10483,#10484);
#10482 = CARTESIAN_POINT('',(88.848696597855,-72.23409940104,0.));
#10483 = DIRECTION('',(0.,0.,1.));
#10484 = DIRECTION('',(-0.999999997321,-7.319195881466E-05,0.));
#10485 = CYLINDRICAL_SURFACE('',#10486,0.500040599194);
#10486 = AXIS2_PLACEMENT_3D('',#10487,#10488,#10489);
#10487 = CARTESIAN_POINT('',(88.848696597855,-72.23409940104,0.));
#10488 = DIRECTION('',(-0.,-0.,-1.));
#10489 = DIRECTION('',(-0.999999997321,-7.319195881466E-05,0.));
#10490 = ADVANCED_FACE('',(#10491),#10516,.T.);
#10491 = FACE_BOUND('',#10492,.T.);
#10492 = EDGE_LOOP('',(#10493,#10494,#10502,#10510));
#10493 = ORIENTED_EDGE('',*,*,#10471,.T.);
#10494 = ORIENTED_EDGE('',*,*,#10495,.T.);
#10495 = EDGE_CURVE('',#10463,#10496,#10498,.T.);
#10496 = VERTEX_POINT('',#10497);
#10497 = CARTESIAN_POINT('',(90.356947,-72.73414,0.21));
#10498 = LINE('',#10499,#10500);
#10499 = CARTESIAN_POINT('',(88.848681,-72.73414,0.21));
#10500 = VECTOR('',#10501,1.);
#10501 = DIRECTION('',(1.,0.,0.));
#10502 = ORIENTED_EDGE('',*,*,#10503,.F.);
#10503 = EDGE_CURVE('',#10504,#10496,#10506,.T.);
#10504 = VERTEX_POINT('',#10505);
#10505 = CARTESIAN_POINT('',(90.356947,-72.73414,0.));
#10506 = LINE('',#10507,#10508);
#10507 = CARTESIAN_POINT('',(90.356947,-72.73414,0.));
#10508 = VECTOR('',#10509,1.);
#10509 = DIRECTION('',(0.,0.,1.));
#10510 = ORIENTED_EDGE('',*,*,#10511,.F.);
#10511 = EDGE_CURVE('',#10472,#10504,#10512,.T.);
#10512 = LINE('',#10513,#10514);
#10513 = CARTESIAN_POINT('',(88.848681,-72.73414,0.));
#10514 = VECTOR('',#10515,1.);
#10515 = DIRECTION('',(1.,0.,0.));
#10516 = PLANE('',#10517);
#10517 = AXIS2_PLACEMENT_3D('',#10518,#10519,#10520);
#10518 = CARTESIAN_POINT('',(88.848681,-72.73414,0.));
#10519 = DIRECTION('',(0.,1.,0.));
#10520 = DIRECTION('',(1.,0.,0.));
#10521 = ADVANCED_FACE('',(#10522),#10549,.F.);
#10522 = FACE_BOUND('',#10523,.T.);
#10523 = EDGE_LOOP('',(#10524,#10525,#10534,#10542));
#10524 = ORIENTED_EDGE('',*,*,#10503,.T.);
#10525 = ORIENTED_EDGE('',*,*,#10526,.T.);
#10526 = EDGE_CURVE('',#10496,#10527,#10529,.T.);
#10527 = VERTEX_POINT('',#10528);
#10528 = CARTESIAN_POINT('',(90.848656,-72.234136,0.21));
#10529 = CIRCLE('',#10530,0.500175327383);
#10530 = AXIS2_PLACEMENT_3D('',#10531,#10532,#10533);
#10531 = CARTESIAN_POINT('',(90.348480682548,-72.23403633115,0.21));
#10532 = DIRECTION('',(0.,0.,1.));
#10533 = DIRECTION('',(1.692669947713E-02,-0.99985673316,0.));
#10534 = ORIENTED_EDGE('',*,*,#10535,.F.);
#10535 = EDGE_CURVE('',#10536,#10527,#10538,.T.);
#10536 = VERTEX_POINT('',#10537);
#10537 = CARTESIAN_POINT('',(90.848656,-72.234136,0.));
#10538 = LINE('',#10539,#10540);
#10539 = CARTESIAN_POINT('',(90.848656,-72.234136,0.));
#10540 = VECTOR('',#10541,1.);
#10541 = DIRECTION('',(0.,0.,1.));
#10542 = ORIENTED_EDGE('',*,*,#10543,.F.);
#10543 = EDGE_CURVE('',#10504,#10536,#10544,.T.);
#10544 = CIRCLE('',#10545,0.500175327383);
#10545 = AXIS2_PLACEMENT_3D('',#10546,#10547,#10548);
#10546 = CARTESIAN_POINT('',(90.348480682548,-72.23403633115,0.));
#10547 = DIRECTION('',(0.,0.,1.));
#10548 = DIRECTION('',(1.692669947713E-02,-0.99985673316,0.));
#10549 = CYLINDRICAL_SURFACE('',#10550,0.500175327383);
#10550 = AXIS2_PLACEMENT_3D('',#10551,#10552,#10553);
#10551 = CARTESIAN_POINT('',(90.348480682548,-72.23403633115,0.));
#10552 = DIRECTION('',(-0.,-0.,-1.));
#10553 = DIRECTION('',(1.692669947713E-02,-0.99985673316,0.));
#10554 = ADVANCED_FACE('',(#10555),#10580,.T.);
#10555 = FACE_BOUND('',#10556,.T.);
#10556 = EDGE_LOOP('',(#10557,#10558,#10566,#10574));
#10557 = ORIENTED_EDGE('',*,*,#10535,.T.);
#10558 = ORIENTED_EDGE('',*,*,#10559,.T.);
#10559 = EDGE_CURVE('',#10527,#10560,#10562,.T.);
#10560 = VERTEX_POINT('',#10561);
#10561 = CARTESIAN_POINT('',(90.848656,-70.729554,0.21));
#10562 = LINE('',#10563,#10564);
#10563 = CARTESIAN_POINT('',(90.848656,-72.234136,0.21));
#10564 = VECTOR('',#10565,1.);
#10565 = DIRECTION('',(0.,1.,0.));
#10566 = ORIENTED_EDGE('',*,*,#10567,.F.);
#10567 = EDGE_CURVE('',#10568,#10560,#10570,.T.);
#10568 = VERTEX_POINT('',#10569);
#10569 = CARTESIAN_POINT('',(90.848656,-70.729554,0.));
#10570 = LINE('',#10571,#10572);
#10571 = CARTESIAN_POINT('',(90.848656,-70.729554,0.));
#10572 = VECTOR('',#10573,1.);
#10573 = DIRECTION('',(0.,0.,1.));
#10574 = ORIENTED_EDGE('',*,*,#10575,.F.);
#10575 = EDGE_CURVE('',#10536,#10568,#10576,.T.);
#10576 = LINE('',#10577,#10578);
#10577 = CARTESIAN_POINT('',(90.848656,-72.234136,0.));
#10578 = VECTOR('',#10579,1.);
#10579 = DIRECTION('',(0.,1.,0.));
#10580 = PLANE('',#10581);
#10581 = AXIS2_PLACEMENT_3D('',#10582,#10583,#10584);
#10582 = CARTESIAN_POINT('',(90.848656,-72.234136,0.));
#10583 = DIRECTION('',(-1.,0.,0.));
#10584 = DIRECTION('',(0.,1.,0.));
#10585 = ADVANCED_FACE('',(#10586),#10613,.F.);
#10586 = FACE_BOUND('',#10587,.T.);
#10587 = EDGE_LOOP('',(#10588,#10589,#10598,#10606));
#10588 = ORIENTED_EDGE('',*,*,#10567,.T.);
#10589 = ORIENTED_EDGE('',*,*,#10590,.T.);
#10590 = EDGE_CURVE('',#10560,#10591,#10593,.T.);
#10591 = VERTEX_POINT('',#10592);
#10592 = CARTESIAN_POINT('',(90.348681,-70.23414,0.21));
#10593 = CIRCLE('',#10594,0.499995474007);
#10594 = AXIS2_PLACEMENT_3D('',#10595,#10596,#10597);
#10595 = CARTESIAN_POINT('',(90.348681516528,-70.734135474,0.21));
#10596 = DIRECTION('',(0.,0.,1.));
#10597 = DIRECTION('',(0.999958018551,9.163030956716E-03,-0.));
#10598 = ORIENTED_EDGE('',*,*,#10599,.F.);
#10599 = EDGE_CURVE('',#10600,#10591,#10602,.T.);
#10600 = VERTEX_POINT('',#10601);
#10601 = CARTESIAN_POINT('',(90.348681,-70.23414,0.));
#10602 = LINE('',#10603,#10604);
#10603 = CARTESIAN_POINT('',(90.348681,-70.23414,0.));
#10604 = VECTOR('',#10605,1.);
#10605 = DIRECTION('',(0.,0.,1.));
#10606 = ORIENTED_EDGE('',*,*,#10607,.F.);
#10607 = EDGE_CURVE('',#10568,#10600,#10608,.T.);
#10608 = CIRCLE('',#10609,0.499995474007);
#10609 = AXIS2_PLACEMENT_3D('',#10610,#10611,#10612);
#10610 = CARTESIAN_POINT('',(90.348681516528,-70.734135474,0.));
#10611 = DIRECTION('',(0.,0.,1.));
#10612 = DIRECTION('',(0.999958018551,9.163030956716E-03,-0.));
#10613 = CYLINDRICAL_SURFACE('',#10614,0.499995474007);
#10614 = AXIS2_PLACEMENT_3D('',#10615,#10616,#10617);
#10615 = CARTESIAN_POINT('',(90.348681516528,-70.734135474,0.));
#10616 = DIRECTION('',(-0.,-0.,-1.));
#10617 = DIRECTION('',(0.999958018551,9.163030956716E-03,-0.));
#10618 = ADVANCED_FACE('',(#10619),#10635,.T.);
#10619 = FACE_BOUND('',#10620,.T.);
#10620 = EDGE_LOOP('',(#10621,#10622,#10628,#10629));
#10621 = ORIENTED_EDGE('',*,*,#10599,.T.);
#10622 = ORIENTED_EDGE('',*,*,#10623,.T.);
#10623 = EDGE_CURVE('',#10591,#10391,#10624,.T.);
#10624 = LINE('',#10625,#10626);
#10625 = CARTESIAN_POINT('',(90.348681,-70.23414,0.21));
#10626 = VECTOR('',#10627,1.);
#10627 = DIRECTION('',(-1.,0.,0.));
#10628 = ORIENTED_EDGE('',*,*,#10388,.F.);
#10629 = ORIENTED_EDGE('',*,*,#10630,.F.);
#10630 = EDGE_CURVE('',#10600,#10389,#10631,.T.);
#10631 = LINE('',#10632,#10633);
#10632 = CARTESIAN_POINT('',(90.348681,-70.23414,0.));
#10633 = VECTOR('',#10634,1.);
#10634 = DIRECTION('',(-1.,0.,0.));
#10635 = PLANE('',#10636);
#10636 = AXIS2_PLACEMENT_3D('',#10637,#10638,#10639);
#10637 = CARTESIAN_POINT('',(90.348681,-70.23414,0.));
#10638 = DIRECTION('',(0.,-1.,0.));
#10639 = DIRECTION('',(-1.,0.,0.));
#10640 = ADVANCED_FACE('',(#10641),#10677,.F.);
#10641 = FACE_BOUND('',#10642,.T.);
#10642 = EDGE_LOOP('',(#10643,#10653,#10662,#10670));
#10643 = ORIENTED_EDGE('',*,*,#10644,.T.);
#10644 = EDGE_CURVE('',#10645,#10647,#10649,.T.);
#10645 = VERTEX_POINT('',#10646);
#10646 = CARTESIAN_POINT('',(118.530687,-67.594623,0.));
#10647 = VERTEX_POINT('',#10648);
#10648 = CARTESIAN_POINT('',(118.530687,-67.594623,0.21));
#10649 = LINE('',#10650,#10651);
#10650 = CARTESIAN_POINT('',(118.530687,-67.594623,0.));
#10651 = VECTOR('',#10652,1.);
#10652 = DIRECTION('',(0.,0.,1.));
#10653 = ORIENTED_EDGE('',*,*,#10654,.T.);
#10654 = EDGE_CURVE('',#10647,#10655,#10657,.T.);
#10655 = VERTEX_POINT('',#10656);
#10656 = CARTESIAN_POINT('',(118.036047,-68.094619,0.21));
#10657 = CIRCLE('',#10658,0.500024792968);
#10658 = AXIS2_PLACEMENT_3D('',#10659,#10660,#10661);
#10659 = CARTESIAN_POINT('',(118.53607179296,-68.09461879757,0.21));
#10660 = DIRECTION('',(0.,0.,1.));
#10661 = DIRECTION('',(-1.076905194259E-02,0.999942012079,0.));
#10662 = ORIENTED_EDGE('',*,*,#10663,.F.);
#10663 = EDGE_CURVE('',#10664,#10655,#10666,.T.);
#10664 = VERTEX_POINT('',#10665);
#10665 = CARTESIAN_POINT('',(118.036047,-68.094619,0.));
#10666 = LINE('',#10667,#10668);
#10667 = CARTESIAN_POINT('',(118.036047,-68.094619,0.));
#10668 = VECTOR('',#10669,1.);
#10669 = DIRECTION('',(0.,0.,1.));
#10670 = ORIENTED_EDGE('',*,*,#10671,.F.);
#10671 = EDGE_CURVE('',#10645,#10664,#10672,.T.);
#10672 = CIRCLE('',#10673,0.500024792968);
#10673 = AXIS2_PLACEMENT_3D('',#10674,#10675,#10676);
#10674 = CARTESIAN_POINT('',(118.53607179296,-68.09461879757,0.));
#10675 = DIRECTION('',(0.,0.,1.));
#10676 = DIRECTION('',(-1.076905194259E-02,0.999942012079,0.));
#10677 = CYLINDRICAL_SURFACE('',#10678,0.500024792968);
#10678 = AXIS2_PLACEMENT_3D('',#10679,#10680,#10681);
#10679 = CARTESIAN_POINT('',(118.53607179296,-68.09461879757,0.));
#10680 = DIRECTION('',(-0.,-0.,-1.));
#10681 = DIRECTION('',(-1.076905194259E-02,0.999942012079,0.));
#10682 = ADVANCED_FACE('',(#10683),#10708,.T.);
#10683 = FACE_BOUND('',#10684,.T.);
#10684 = EDGE_LOOP('',(#10685,#10686,#10694,#10702));
#10685 = ORIENTED_EDGE('',*,*,#10663,.T.);
#10686 = ORIENTED_EDGE('',*,*,#10687,.T.);
#10687 = EDGE_CURVE('',#10655,#10688,#10690,.T.);
#10688 = VERTEX_POINT('',#10689);
#10689 = CARTESIAN_POINT('',(118.039874,-70.576578,0.21));
#10690 = LINE('',#10691,#10692);
#10691 = CARTESIAN_POINT('',(118.036047,-68.094619,0.21));
#10692 = VECTOR('',#10693,1.);
#10693 = DIRECTION('',(1.541925330188E-03,-0.999998811232,0.));
#10694 = ORIENTED_EDGE('',*,*,#10695,.F.);
#10695 = EDGE_CURVE('',#10696,#10688,#10698,.T.);
#10696 = VERTEX_POINT('',#10697);
#10697 = CARTESIAN_POINT('',(118.039874,-70.576578,0.));
#10698 = LINE('',#10699,#10700);
#10699 = CARTESIAN_POINT('',(118.039874,-70.576578,0.));
#10700 = VECTOR('',#10701,1.);
#10701 = DIRECTION('',(0.,0.,1.));
#10702 = ORIENTED_EDGE('',*,*,#10703,.F.);
#10703 = EDGE_CURVE('',#10664,#10696,#10704,.T.);
#10704 = LINE('',#10705,#10706);
#10705 = CARTESIAN_POINT('',(118.036047,-68.094619,0.));
#10706 = VECTOR('',#10707,1.);
#10707 = DIRECTION('',(1.541925330188E-03,-0.999998811232,0.));
#10708 = PLANE('',#10709);
#10709 = AXIS2_PLACEMENT_3D('',#10710,#10711,#10712);
#10710 = CARTESIAN_POINT('',(118.036047,-68.094619,0.));
#10711 = DIRECTION('',(0.999998811232,1.541925330188E-03,-0.));
#10712 = DIRECTION('',(1.541925330188E-03,-0.999998811232,0.));
#10713 = ADVANCED_FACE('',(#10714),#10741,.F.);
#10714 = FACE_BOUND('',#10715,.T.);
#10715 = EDGE_LOOP('',(#10716,#10717,#10726,#10734));
#10716 = ORIENTED_EDGE('',*,*,#10695,.T.);
#10717 = ORIENTED_EDGE('',*,*,#10718,.T.);
#10718 = EDGE_CURVE('',#10688,#10719,#10721,.T.);
#10719 = VERTEX_POINT('',#10720);
#10720 = CARTESIAN_POINT('',(118.539899,-71.076582,0.21));
#10721 = CIRCLE('',#10722,0.500040599194);
#10722 = AXIS2_PLACEMENT_3D('',#10723,#10724,#10725);
#10723 = CARTESIAN_POINT('',(118.53991459785,-70.57654140104,0.21));
#10724 = DIRECTION('',(0.,0.,1.));
#10725 = DIRECTION('',(-0.999999997321,-7.319195884307E-05,0.));
#10726 = ORIENTED_EDGE('',*,*,#10727,.F.);
#10727 = EDGE_CURVE('',#10728,#10719,#10730,.T.);
#10728 = VERTEX_POINT('',#10729);
#10729 = CARTESIAN_POINT('',(118.539899,-71.076582,0.));
#10730 = LINE('',#10731,#10732);
#10731 = CARTESIAN_POINT('',(118.539899,-71.076582,0.));
#10732 = VECTOR('',#10733,1.);
#10733 = DIRECTION('',(0.,0.,1.));
#10734 = ORIENTED_EDGE('',*,*,#10735,.F.);
#10735 = EDGE_CURVE('',#10696,#10728,#10736,.T.);
#10736 = CIRCLE('',#10737,0.500040599194);
#10737 = AXIS2_PLACEMENT_3D('',#10738,#10739,#10740);
#10738 = CARTESIAN_POINT('',(118.53991459785,-70.57654140104,0.));
#10739 = DIRECTION('',(0.,0.,1.));
#10740 = DIRECTION('',(-0.999999997321,-7.319195884307E-05,0.));
#10741 = CYLINDRICAL_SURFACE('',#10742,0.500040599194);
#10742 = AXIS2_PLACEMENT_3D('',#10743,#10744,#10745);
#10743 = CARTESIAN_POINT('',(118.53991459785,-70.57654140104,0.));
#10744 = DIRECTION('',(-0.,-0.,-1.));
#10745 = DIRECTION('',(-0.999999997321,-7.319195884307E-05,0.));
#10746 = ADVANCED_FACE('',(#10747),#10772,.T.);
#10747 = FACE_BOUND('',#10748,.T.);
#10748 = EDGE_LOOP('',(#10749,#10750,#10758,#10766));
#10749 = ORIENTED_EDGE('',*,*,#10727,.T.);
#10750 = ORIENTED_EDGE('',*,*,#10751,.T.);
#10751 = EDGE_CURVE('',#10719,#10752,#10754,.T.);
#10752 = VERTEX_POINT('',#10753);
#10753 = CARTESIAN_POINT('',(120.048165,-71.076582,0.21));
#10754 = LINE('',#10755,#10756);
#10755 = CARTESIAN_POINT('',(118.539899,-71.076582,0.21));
#10756 = VECTOR('',#10757,1.);
#10757 = DIRECTION('',(1.,0.,0.));
#10758 = ORIENTED_EDGE('',*,*,#10759,.F.);
#10759 = EDGE_CURVE('',#10760,#10752,#10762,.T.);
#10760 = VERTEX_POINT('',#10761);
#10761 = CARTESIAN_POINT('',(120.048165,-71.076582,0.));
#10762 = LINE('',#10763,#10764);
#10763 = CARTESIAN_POINT('',(120.048165,-71.076582,0.));
#10764 = VECTOR('',#10765,1.);
#10765 = DIRECTION('',(0.,0.,1.));
#10766 = ORIENTED_EDGE('',*,*,#10767,.F.);
#10767 = EDGE_CURVE('',#10728,#10760,#10768,.T.);
#10768 = LINE('',#10769,#10770);
#10769 = CARTESIAN_POINT('',(118.539899,-71.076582,0.));
#10770 = VECTOR('',#10771,1.);
#10771 = DIRECTION('',(1.,0.,0.));
#10772 = PLANE('',#10773);
#10773 = AXIS2_PLACEMENT_3D('',#10774,#10775,#10776);
#10774 = CARTESIAN_POINT('',(118.539899,-71.076582,0.));
#10775 = DIRECTION('',(0.,1.,0.));
#10776 = DIRECTION('',(1.,0.,0.));
#10777 = ADVANCED_FACE('',(#10778),#10805,.F.);
#10778 = FACE_BOUND('',#10779,.T.);
#10779 = EDGE_LOOP('',(#10780,#10781,#10790,#10798));
#10780 = ORIENTED_EDGE('',*,*,#10759,.T.);
#10781 = ORIENTED_EDGE('',*,*,#10782,.T.);
#10782 = EDGE_CURVE('',#10752,#10783,#10785,.T.);
#10783 = VERTEX_POINT('',#10784);
#10784 = CARTESIAN_POINT('',(120.539874,-70.576578,0.21));
#10785 = CIRCLE('',#10786,0.500175327383);
#10786 = AXIS2_PLACEMENT_3D('',#10787,#10788,#10789);
#10787 = CARTESIAN_POINT('',(120.03969868254,-70.57647833115,0.21));
#10788 = DIRECTION('',(0.,0.,1.));
#10789 = DIRECTION('',(1.692669947719E-02,-0.99985673316,0.));
#10790 = ORIENTED_EDGE('',*,*,#10791,.F.);
#10791 = EDGE_CURVE('',#10792,#10783,#10794,.T.);
#10792 = VERTEX_POINT('',#10793);
#10793 = CARTESIAN_POINT('',(120.539874,-70.576578,0.));
#10794 = LINE('',#10795,#10796);
#10795 = CARTESIAN_POINT('',(120.539874,-70.576578,0.));
#10796 = VECTOR('',#10797,1.);
#10797 = DIRECTION('',(0.,0.,1.));
#10798 = ORIENTED_EDGE('',*,*,#10799,.F.);
#10799 = EDGE_CURVE('',#10760,#10792,#10800,.T.);
#10800 = CIRCLE('',#10801,0.500175327383);
#10801 = AXIS2_PLACEMENT_3D('',#10802,#10803,#10804);
#10802 = CARTESIAN_POINT('',(120.03969868254,-70.57647833115,0.));
#10803 = DIRECTION('',(0.,0.,1.));
#10804 = DIRECTION('',(1.692669947719E-02,-0.99985673316,0.));
#10805 = CYLINDRICAL_SURFACE('',#10806,0.500175327383);
#10806 = AXIS2_PLACEMENT_3D('',#10807,#10808,#10809);
#10807 = CARTESIAN_POINT('',(120.03969868254,-70.57647833115,0.));
#10808 = DIRECTION('',(-0.,-0.,-1.));
#10809 = DIRECTION('',(1.692669947719E-02,-0.99985673316,0.));
#10810 = ADVANCED_FACE('',(#10811),#10836,.T.);
#10811 = FACE_BOUND('',#10812,.T.);
#10812 = EDGE_LOOP('',(#10813,#10814,#10822,#10830));
#10813 = ORIENTED_EDGE('',*,*,#10791,.T.);
#10814 = ORIENTED_EDGE('',*,*,#10815,.T.);
#10815 = EDGE_CURVE('',#10783,#10816,#10818,.T.);
#10816 = VERTEX_POINT('',#10817);
#10817 = CARTESIAN_POINT('',(120.536047,-68.090037,0.21));
#10818 = LINE('',#10819,#10820);
#10819 = CARTESIAN_POINT('',(120.539874,-70.576578,0.21));
#10820 = VECTOR('',#10821,1.);
#10821 = DIRECTION('',(-1.539083999556E-03,0.99999881561,0.));
#10822 = ORIENTED_EDGE('',*,*,#10823,.F.);
#10823 = EDGE_CURVE('',#10824,#10816,#10826,.T.);
#10824 = VERTEX_POINT('',#10825);
#10825 = CARTESIAN_POINT('',(120.536047,-68.090037,0.));
#10826 = LINE('',#10827,#10828);
#10827 = CARTESIAN_POINT('',(120.536047,-68.090037,0.));
#10828 = VECTOR('',#10829,1.);
#10829 = DIRECTION('',(0.,0.,1.));
#10830 = ORIENTED_EDGE('',*,*,#10831,.F.);
#10831 = EDGE_CURVE('',#10792,#10824,#10832,.T.);
#10832 = LINE('',#10833,#10834);
#10833 = CARTESIAN_POINT('',(120.539874,-70.576578,0.));
#10834 = VECTOR('',#10835,1.);
#10835 = DIRECTION('',(-1.539083999556E-03,0.99999881561,0.));
#10836 = PLANE('',#10837);
#10837 = AXIS2_PLACEMENT_3D('',#10838,#10839,#10840);
#10838 = CARTESIAN_POINT('',(120.539874,-70.576578,0.));
#10839 = DIRECTION('',(-0.99999881561,-1.539083999556E-03,0.));
#10840 = DIRECTION('',(-1.539083999556E-03,0.99999881561,0.));
#10841 = ADVANCED_FACE('',(#10842),#10869,.F.);
#10842 = FACE_BOUND('',#10843,.T.);
#10843 = EDGE_LOOP('',(#10844,#10845,#10854,#10862));
#10844 = ORIENTED_EDGE('',*,*,#10823,.T.);
#10845 = ORIENTED_EDGE('',*,*,#10846,.T.);
#10846 = EDGE_CURVE('',#10816,#10847,#10849,.T.);
#10847 = VERTEX_POINT('',#10848);
#10848 = CARTESIAN_POINT('',(120.036072,-67.594623,0.21));
#10849 = CIRCLE('',#10850,0.499995474007);
#10850 = AXIS2_PLACEMENT_3D('',#10851,#10852,#10853);
#10851 = CARTESIAN_POINT('',(120.03607251652,-68.094618474,0.21));
#10852 = DIRECTION('',(0.,0.,1.));
#10853 = DIRECTION('',(0.999958018551,9.163030956716E-03,-0.));
#10854 = ORIENTED_EDGE('',*,*,#10855,.F.);
#10855 = EDGE_CURVE('',#10856,#10847,#10858,.T.);
#10856 = VERTEX_POINT('',#10857);
#10857 = CARTESIAN_POINT('',(120.036072,-67.594623,0.));
#10858 = LINE('',#10859,#10860);
#10859 = CARTESIAN_POINT('',(120.036072,-67.594623,0.));
#10860 = VECTOR('',#10861,1.);
#10861 = DIRECTION('',(0.,0.,1.));
#10862 = ORIENTED_EDGE('',*,*,#10863,.F.);
#10863 = EDGE_CURVE('',#10824,#10856,#10864,.T.);
#10864 = CIRCLE('',#10865,0.499995474007);
#10865 = AXIS2_PLACEMENT_3D('',#10866,#10867,#10868);
#10866 = CARTESIAN_POINT('',(120.03607251652,-68.094618474,0.));
#10867 = DIRECTION('',(0.,0.,1.));
#10868 = DIRECTION('',(0.999958018551,9.163030956716E-03,-0.));
#10869 = CYLINDRICAL_SURFACE('',#10870,0.499995474007);
#10870 = AXIS2_PLACEMENT_3D('',#10871,#10872,#10873);
#10871 = CARTESIAN_POINT('',(120.03607251652,-68.094618474,0.));
#10872 = DIRECTION('',(-0.,-0.,-1.));
#10873 = DIRECTION('',(0.999958018551,9.163030956716E-03,-0.));
#10874 = ADVANCED_FACE('',(#10875),#10891,.T.);
#10875 = FACE_BOUND('',#10876,.T.);
#10876 = EDGE_LOOP('',(#10877,#10878,#10884,#10885));
#10877 = ORIENTED_EDGE('',*,*,#10855,.T.);
#10878 = ORIENTED_EDGE('',*,*,#10879,.T.);
#10879 = EDGE_CURVE('',#10847,#10647,#10880,.T.);
#10880 = LINE('',#10881,#10882);
#10881 = CARTESIAN_POINT('',(120.036072,-67.594623,0.21));
#10882 = VECTOR('',#10883,1.);
#10883 = DIRECTION('',(-1.,0.,0.));
#10884 = ORIENTED_EDGE('',*,*,#10644,.F.);
#10885 = ORIENTED_EDGE('',*,*,#10886,.F.);
#10886 = EDGE_CURVE('',#10856,#10645,#10887,.T.);
#10887 = LINE('',#10888,#10889);
#10888 = CARTESIAN_POINT('',(120.036072,-67.594623,0.));
#10889 = VECTOR('',#10890,1.);
#10890 = DIRECTION('',(-1.,0.,0.));
#10891 = PLANE('',#10892);
#10892 = AXIS2_PLACEMENT_3D('',#10893,#10894,#10895);
#10893 = CARTESIAN_POINT('',(120.036072,-67.594623,0.));
#10894 = DIRECTION('',(0.,-1.,0.));
#10895 = DIRECTION('',(-1.,0.,0.));
#10896 = ADVANCED_FACE('',(#10897),#10933,.F.);
#10897 = FACE_BOUND('',#10898,.T.);
#10898 = EDGE_LOOP('',(#10899,#10909,#10918,#10926));
#10899 = ORIENTED_EDGE('',*,*,#10900,.T.);
#10900 = EDGE_CURVE('',#10901,#10903,#10905,.T.);
#10901 = VERTEX_POINT('',#10902);
#10902 = CARTESIAN_POINT('',(83.874465,-63.280039,0.));
#10903 = VERTEX_POINT('',#10904);
#10904 = CARTESIAN_POINT('',(83.874465,-63.280039,0.21));
#10905 = LINE('',#10906,#10907);
#10906 = CARTESIAN_POINT('',(83.874465,-63.280039,0.));
#10907 = VECTOR('',#10908,1.);
#10908 = DIRECTION('',(0.,0.,1.));
#10909 = ORIENTED_EDGE('',*,*,#10910,.T.);
#10910 = EDGE_CURVE('',#10903,#10911,#10913,.T.);
#10911 = VERTEX_POINT('',#10912);
#10912 = CARTESIAN_POINT('',(83.374465,-63.780021,0.21));
#10913 = CIRCLE('',#10914,0.500018407473);
#10914 = AXIS2_PLACEMENT_3D('',#10915,#10916,#10917);
#10915 = CARTESIAN_POINT('',(83.874483406147,-63.78005740713,0.21));
#10916 = DIRECTION('',(0.,0.,1.));
#10917 = DIRECTION('',(-3.681093955931E-05,0.999999999322,0.));
#10918 = ORIENTED_EDGE('',*,*,#10919,.F.);
#10919 = EDGE_CURVE('',#10920,#10911,#10922,.T.);
#10920 = VERTEX_POINT('',#10921);
#10921 = CARTESIAN_POINT('',(83.374465,-63.780021,0.));
#10922 = LINE('',#10923,#10924);
#10923 = CARTESIAN_POINT('',(83.374465,-63.780021,0.));
#10924 = VECTOR('',#10925,1.);
#10925 = DIRECTION('',(0.,0.,1.));
#10926 = ORIENTED_EDGE('',*,*,#10927,.F.);
#10927 = EDGE_CURVE('',#10901,#10920,#10928,.T.);
#10928 = CIRCLE('',#10929,0.500018407473);
#10929 = AXIS2_PLACEMENT_3D('',#10930,#10931,#10932);
#10930 = CARTESIAN_POINT('',(83.874483406147,-63.78005740713,0.));
#10931 = DIRECTION('',(0.,0.,1.));
#10932 = DIRECTION('',(-3.681093955931E-05,0.999999999322,0.));
#10933 = CYLINDRICAL_SURFACE('',#10934,0.500018407473);
#10934 = AXIS2_PLACEMENT_3D('',#10935,#10936,#10937);
#10935 = CARTESIAN_POINT('',(83.874483406147,-63.78005740713,0.));
#10936 = DIRECTION('',(-0.,-0.,-1.));
#10937 = DIRECTION('',(-3.681093955931E-05,0.999999999322,0.));
#10938 = ADVANCED_FACE('',(#10939),#10964,.T.);
#10939 = FACE_BOUND('',#10940,.T.);
#10940 = EDGE_LOOP('',(#10941,#10942,#10950,#10958));
#10941 = ORIENTED_EDGE('',*,*,#10919,.T.);
#10942 = ORIENTED_EDGE('',*,*,#10943,.T.);
#10943 = EDGE_CURVE('',#10911,#10944,#10946,.T.);
#10944 = VERTEX_POINT('',#10945);
#10945 = CARTESIAN_POINT('',(83.374461,-65.53,0.21));
#10946 = LINE('',#10947,#10948);
#10947 = CARTESIAN_POINT('',(83.374465,-63.780021,0.21));
#10948 = VECTOR('',#10949,1.);
#10949 = DIRECTION('',(-2.285741716959E-06,-0.999999999997,0.));
#10950 = ORIENTED_EDGE('',*,*,#10951,.F.);
#10951 = EDGE_CURVE('',#10952,#10944,#10954,.T.);
#10952 = VERTEX_POINT('',#10953);
#10953 = CARTESIAN_POINT('',(83.374461,-65.53,0.));
#10954 = LINE('',#10955,#10956);
#10955 = CARTESIAN_POINT('',(83.374461,-65.53,0.));
#10956 = VECTOR('',#10957,1.);
#10957 = DIRECTION('',(0.,0.,1.));
#10958 = ORIENTED_EDGE('',*,*,#10959,.F.);
#10959 = EDGE_CURVE('',#10920,#10952,#10960,.T.);
#10960 = LINE('',#10961,#10962);
#10961 = CARTESIAN_POINT('',(83.374465,-63.780021,0.));
#10962 = VECTOR('',#10963,1.);
#10963 = DIRECTION('',(-2.285741716959E-06,-0.999999999997,0.));
#10964 = PLANE('',#10965);
#10965 = AXIS2_PLACEMENT_3D('',#10966,#10967,#10968);
#10966 = CARTESIAN_POINT('',(83.374465,-63.780021,0.));
#10967 = DIRECTION('',(0.999999999997,-2.285741716959E-06,0.));
#10968 = DIRECTION('',(-2.285741716959E-06,-0.999999999997,0.));
#10969 = ADVANCED_FACE('',(#10970),#10997,.F.);
#10970 = FACE_BOUND('',#10971,.T.);
#10971 = EDGE_LOOP('',(#10972,#10973,#10982,#10990));
#10972 = ORIENTED_EDGE('',*,*,#10951,.T.);
#10973 = ORIENTED_EDGE('',*,*,#10974,.T.);
#10974 = EDGE_CURVE('',#10944,#10975,#10977,.T.);
#10975 = VERTEX_POINT('',#10976);
#10976 = CARTESIAN_POINT('',(83.874497,-66.030039,0.21));
#10977 = CIRCLE('',#10978,0.500049132637);
#10978 = AXIS2_PLACEMENT_3D('',#10979,#10980,#10981);
#10979 = CARTESIAN_POINT('',(83.874510132535,-65.52998986753,0.21));
#10980 = DIRECTION('',(0.,0.,1.));
#10981 = DIRECTION('',(-0.999999999795,-2.026293855909E-05,0.));
#10982 = ORIENTED_EDGE('',*,*,#10983,.F.);
#10983 = EDGE_CURVE('',#10984,#10975,#10986,.T.);
#10984 = VERTEX_POINT('',#10985);
#10985 = CARTESIAN_POINT('',(83.874497,-66.030039,0.));
#10986 = LINE('',#10987,#10988);
#10987 = CARTESIAN_POINT('',(83.874497,-66.030039,0.));
#10988 = VECTOR('',#10989,1.);
#10989 = DIRECTION('',(0.,0.,1.));
#10990 = ORIENTED_EDGE('',*,*,#10991,.F.);
#10991 = EDGE_CURVE('',#10952,#10984,#10992,.T.);
#10992 = CIRCLE('',#10993,0.500049132637);
#10993 = AXIS2_PLACEMENT_3D('',#10994,#10995,#10996);
#10994 = CARTESIAN_POINT('',(83.874510132535,-65.52998986753,0.));
#10995 = DIRECTION('',(0.,0.,1.));
#10996 = DIRECTION('',(-0.999999999795,-2.026293855909E-05,0.));
#10997 = CYLINDRICAL_SURFACE('',#10998,0.500049132637);
#10998 = AXIS2_PLACEMENT_3D('',#10999,#11000,#11001);
#10999 = CARTESIAN_POINT('',(83.874510132535,-65.52998986753,0.));
#11000 = DIRECTION('',(-0.,-0.,-1.));
#11001 = DIRECTION('',(-0.999999999795,-2.026293855909E-05,0.));
#11002 = ADVANCED_FACE('',(#11003),#11028,.T.);
#11003 = FACE_BOUND('',#11004,.T.);
#11004 = EDGE_LOOP('',(#11005,#11006,#11014,#11022));
#11005 = ORIENTED_EDGE('',*,*,#10983,.T.);
#11006 = ORIENTED_EDGE('',*,*,#11007,.T.);
#11007 = EDGE_CURVE('',#10975,#11008,#11010,.T.);
#11008 = VERTEX_POINT('',#11009);
#11009 = CARTESIAN_POINT('',(84.667397,-66.030039,0.21));
#11010 = LINE('',#11011,#11012);
#11011 = CARTESIAN_POINT('',(83.874497,-66.030039,0.21));
#11012 = VECTOR('',#11013,1.);
#11013 = DIRECTION('',(1.,0.,0.));
#11014 = ORIENTED_EDGE('',*,*,#11015,.F.);
#11015 = EDGE_CURVE('',#11016,#11008,#11018,.T.);
#11016 = VERTEX_POINT('',#11017);
#11017 = CARTESIAN_POINT('',(84.667397,-66.030039,0.));
#11018 = LINE('',#11019,#11020);
#11019 = CARTESIAN_POINT('',(84.667397,-66.030039,0.));
#11020 = VECTOR('',#11021,1.);
#11021 = DIRECTION('',(0.,0.,1.));
#11022 = ORIENTED_EDGE('',*,*,#11023,.F.);
#11023 = EDGE_CURVE('',#10984,#11016,#11024,.T.);
#11024 = LINE('',#11025,#11026);
#11025 = CARTESIAN_POINT('',(83.874497,-66.030039,0.));
#11026 = VECTOR('',#11027,1.);
#11027 = DIRECTION('',(1.,0.,0.));
#11028 = PLANE('',#11029);
#11029 = AXIS2_PLACEMENT_3D('',#11030,#11031,#11032);
#11030 = CARTESIAN_POINT('',(83.874497,-66.030039,0.));
#11031 = DIRECTION('',(0.,1.,0.));
#11032 = DIRECTION('',(1.,0.,0.));
#11033 = ADVANCED_FACE('',(#11034),#11061,.F.);
#11034 = FACE_BOUND('',#11035,.T.);
#11035 = EDGE_LOOP('',(#11036,#11037,#11046,#11054));
#11036 = ORIENTED_EDGE('',*,*,#11015,.T.);
#11037 = ORIENTED_EDGE('',*,*,#11038,.T.);
#11038 = EDGE_CURVE('',#11008,#11039,#11041,.T.);
#11039 = VERTEX_POINT('',#11040);
#11040 = CARTESIAN_POINT('',(85.174465,-65.530021,0.21));
#11041 = CIRCLE('',#11042,0.50016407331);
#11042 = AXIS2_PLACEMENT_3D('',#11043,#11044,#11045);
#11043 = CARTESIAN_POINT('',(84.674300936374,-65.52992257766,0.21));
#11044 = DIRECTION('',(0.,0.,1.));
#11045 = DIRECTION('',(-1.380334322776E-02,-0.99990472932,0.));
#11046 = ORIENTED_EDGE('',*,*,#11047,.F.);
#11047 = EDGE_CURVE('',#11048,#11039,#11050,.T.);
#11048 = VERTEX_POINT('',#11049);
#11049 = CARTESIAN_POINT('',(85.174465,-65.530021,0.));
#11050 = LINE('',#11051,#11052);
#11051 = CARTESIAN_POINT('',(85.174465,-65.530021,0.));
#11052 = VECTOR('',#11053,1.);
#11053 = DIRECTION('',(0.,0.,1.));
#11054 = ORIENTED_EDGE('',*,*,#11055,.F.);
#11055 = EDGE_CURVE('',#11016,#11048,#11056,.T.);
#11056 = CIRCLE('',#11057,0.50016407331);
#11057 = AXIS2_PLACEMENT_3D('',#11058,#11059,#11060);
#11058 = CARTESIAN_POINT('',(84.674300936374,-65.52992257766,0.));
#11059 = DIRECTION('',(0.,0.,1.));
#11060 = DIRECTION('',(-1.380334322776E-02,-0.99990472932,0.));
#11061 = CYLINDRICAL_SURFACE('',#11062,0.50016407331);
#11062 = AXIS2_PLACEMENT_3D('',#11063,#11064,#11065);
#11063 = CARTESIAN_POINT('',(84.674300936374,-65.52992257766,0.));
#11064 = DIRECTION('',(-0.,-0.,-1.));
#11065 = DIRECTION('',(-1.380334322776E-02,-0.99990472932,0.));
#11066 = ADVANCED_FACE('',(#11067),#11092,.T.);
#11067 = FACE_BOUND('',#11068,.T.);
#11068 = EDGE_LOOP('',(#11069,#11070,#11078,#11086));
#11069 = ORIENTED_EDGE('',*,*,#11047,.T.);
#11070 = ORIENTED_EDGE('',*,*,#11071,.T.);
#11071 = EDGE_CURVE('',#11039,#11072,#11074,.T.);
#11072 = VERTEX_POINT('',#11073);
#11073 = CARTESIAN_POINT('',(85.174465,-63.783626,0.21));
#11074 = LINE('',#11075,#11076);
#11075 = CARTESIAN_POINT('',(85.174465,-65.530021,0.21));
#11076 = VECTOR('',#11077,1.);
#11077 = DIRECTION('',(0.,1.,0.));
#11078 = ORIENTED_EDGE('',*,*,#11079,.F.);
#11079 = EDGE_CURVE('',#11080,#11072,#11082,.T.);
#11080 = VERTEX_POINT('',#11081);
#11081 = CARTESIAN_POINT('',(85.174465,-63.783626,0.));
#11082 = LINE('',#11083,#11084);
#11083 = CARTESIAN_POINT('',(85.174465,-63.783626,0.));
#11084 = VECTOR('',#11085,1.);
#11085 = DIRECTION('',(0.,0.,1.));
#11086 = ORIENTED_EDGE('',*,*,#11087,.F.);
#11087 = EDGE_CURVE('',#11048,#11080,#11088,.T.);
#11088 = LINE('',#11089,#11090);
#11089 = CARTESIAN_POINT('',(85.174465,-65.530021,0.));
#11090 = VECTOR('',#11091,1.);
#11091 = DIRECTION('',(0.,1.,0.));
#11092 = PLANE('',#11093);
#11093 = AXIS2_PLACEMENT_3D('',#11094,#11095,#11096);
#11094 = CARTESIAN_POINT('',(85.174465,-65.530021,0.));
#11095 = DIRECTION('',(-1.,0.,0.));
#11096 = DIRECTION('',(0.,1.,0.));
#11097 = ADVANCED_FACE('',(#11098),#11125,.F.);
#11098 = FACE_BOUND('',#11099,.T.);
#11099 = EDGE_LOOP('',(#11100,#11101,#11110,#11118));
#11100 = ORIENTED_EDGE('',*,*,#11079,.T.);
#11101 = ORIENTED_EDGE('',*,*,#11102,.T.);
#11102 = EDGE_CURVE('',#11072,#11103,#11105,.T.);
#11103 = VERTEX_POINT('',#11104);
#11104 = CARTESIAN_POINT('',(84.674497,-63.280039,0.21));
#11105 = CIRCLE('',#11106,0.499979848131);
#11106 = AXIS2_PLACEMENT_3D('',#11107,#11108,#11109);
#11107 = CARTESIAN_POINT('',(84.674498164108,-63.78001884812,0.21));
#11108 = DIRECTION('',(0.,0.,1.));
#11109 = DIRECTION('',(0.999973974474,-7.214594516338E-03,0.));
#11110 = ORIENTED_EDGE('',*,*,#11111,.F.);
#11111 = EDGE_CURVE('',#11112,#11103,#11114,.T.);
#11112 = VERTEX_POINT('',#11113);
#11113 = CARTESIAN_POINT('',(84.674497,-63.280039,0.));
#11114 = LINE('',#11115,#11116);
#11115 = CARTESIAN_POINT('',(84.674497,-63.280039,0.));
#11116 = VECTOR('',#11117,1.);
#11117 = DIRECTION('',(0.,0.,1.));
#11118 = ORIENTED_EDGE('',*,*,#11119,.F.);
#11119 = EDGE_CURVE('',#11080,#11112,#11120,.T.);
#11120 = CIRCLE('',#11121,0.499979848131);
#11121 = AXIS2_PLACEMENT_3D('',#11122,#11123,#11124);
#11122 = CARTESIAN_POINT('',(84.674498164108,-63.78001884812,0.));
#11123 = DIRECTION('',(0.,0.,1.));
#11124 = DIRECTION('',(0.999973974474,-7.214594516338E-03,0.));
#11125 = CYLINDRICAL_SURFACE('',#11126,0.499979848131);
#11126 = AXIS2_PLACEMENT_3D('',#11127,#11128,#11129);
#11127 = CARTESIAN_POINT('',(84.674498164108,-63.78001884812,0.));
#11128 = DIRECTION('',(-0.,-0.,-1.));
#11129 = DIRECTION('',(0.999973974474,-7.214594516338E-03,0.));
#11130 = ADVANCED_FACE('',(#11131),#11147,.T.);
#11131 = FACE_BOUND('',#11132,.T.);
#11132 = EDGE_LOOP('',(#11133,#11134,#11140,#11141));
#11133 = ORIENTED_EDGE('',*,*,#11111,.T.);
#11134 = ORIENTED_EDGE('',*,*,#11135,.T.);
#11135 = EDGE_CURVE('',#11103,#10903,#11136,.T.);
#11136 = LINE('',#11137,#11138);
#11137 = CARTESIAN_POINT('',(84.674497,-63.280039,0.21));
#11138 = VECTOR('',#11139,1.);
#11139 = DIRECTION('',(-1.,0.,0.));
#11140 = ORIENTED_EDGE('',*,*,#10900,.F.);
#11141 = ORIENTED_EDGE('',*,*,#11142,.F.);
#11142 = EDGE_CURVE('',#11112,#10901,#11143,.T.);
#11143 = LINE('',#11144,#11145);
#11144 = CARTESIAN_POINT('',(84.674497,-63.280039,0.));
#11145 = VECTOR('',#11146,1.);
#11146 = DIRECTION('',(-1.,0.,0.));
#11147 = PLANE('',#11148);
#11148 = AXIS2_PLACEMENT_3D('',#11149,#11150,#11151);
#11149 = CARTESIAN_POINT('',(84.674497,-63.280039,0.));
#11150 = DIRECTION('',(0.,-1.,0.));
#11151 = DIRECTION('',(-1.,0.,0.));
#11152 = ADVANCED_FACE('',(#11153),#11189,.F.);
#11153 = FACE_BOUND('',#11154,.T.);
#11154 = EDGE_LOOP('',(#11155,#11165,#11174,#11182));
#11155 = ORIENTED_EDGE('',*,*,#11156,.T.);
#11156 = EDGE_CURVE('',#11157,#11159,#11161,.T.);
#11157 = VERTEX_POINT('',#11158);
#11158 = CARTESIAN_POINT('',(92.574465,-63.280039,0.));
#11159 = VERTEX_POINT('',#11160);
#11160 = CARTESIAN_POINT('',(92.574465,-63.280039,0.21));
#11161 = LINE('',#11162,#11163);
#11162 = CARTESIAN_POINT('',(92.574465,-63.280039,0.));
#11163 = VECTOR('',#11164,1.);
#11164 = DIRECTION('',(0.,0.,1.));
#11165 = ORIENTED_EDGE('',*,*,#11166,.T.);
#11166 = EDGE_CURVE('',#11159,#11167,#11169,.T.);
#11167 = VERTEX_POINT('',#11168);
#11168 = CARTESIAN_POINT('',(92.074465,-63.780021,0.21));
#11169 = CIRCLE('',#11170,0.500018407473);
#11170 = AXIS2_PLACEMENT_3D('',#11171,#11172,#11173);
#11171 = CARTESIAN_POINT('',(92.574483406147,-63.78005740713,0.21));
#11172 = DIRECTION('',(0.,0.,1.));
#11173 = DIRECTION('',(-3.681093958774E-05,0.999999999322,0.));
#11174 = ORIENTED_EDGE('',*,*,#11175,.F.);
#11175 = EDGE_CURVE('',#11176,#11167,#11178,.T.);
#11176 = VERTEX_POINT('',#11177);
#11177 = CARTESIAN_POINT('',(92.074465,-63.780021,0.));
#11178 = LINE('',#11179,#11180);
#11179 = CARTESIAN_POINT('',(92.074465,-63.780021,0.));
#11180 = VECTOR('',#11181,1.);
#11181 = DIRECTION('',(0.,0.,1.));
#11182 = ORIENTED_EDGE('',*,*,#11183,.F.);
#11183 = EDGE_CURVE('',#11157,#11176,#11184,.T.);
#11184 = CIRCLE('',#11185,0.500018407473);
#11185 = AXIS2_PLACEMENT_3D('',#11186,#11187,#11188);
#11186 = CARTESIAN_POINT('',(92.574483406147,-63.78005740713,0.));
#11187 = DIRECTION('',(0.,0.,1.));
#11188 = DIRECTION('',(-3.681093958774E-05,0.999999999322,0.));
#11189 = CYLINDRICAL_SURFACE('',#11190,0.500018407473);
#11190 = AXIS2_PLACEMENT_3D('',#11191,#11192,#11193);
#11191 = CARTESIAN_POINT('',(92.574483406147,-63.78005740713,0.));
#11192 = DIRECTION('',(-0.,-0.,-1.));
#11193 = DIRECTION('',(-3.681093958774E-05,0.999999999322,0.));
#11194 = ADVANCED_FACE('',(#11195),#11220,.T.);
#11195 = FACE_BOUND('',#11196,.T.);
#11196 = EDGE_LOOP('',(#11197,#11198,#11206,#11214));
#11197 = ORIENTED_EDGE('',*,*,#11175,.T.);
#11198 = ORIENTED_EDGE('',*,*,#11199,.T.);
#11199 = EDGE_CURVE('',#11167,#11200,#11202,.T.);
#11200 = VERTEX_POINT('',#11201);
#11201 = CARTESIAN_POINT('',(92.074479,-65.530021,0.21));
#11202 = LINE('',#11203,#11204);
#11203 = CARTESIAN_POINT('',(92.074465,-63.780021,0.21));
#11204 = VECTOR('',#11205,1.);
#11205 = DIRECTION('',(7.999999995787E-06,-0.999999999968,0.));
#11206 = ORIENTED_EDGE('',*,*,#11207,.F.);
#11207 = EDGE_CURVE('',#11208,#11200,#11210,.T.);
#11208 = VERTEX_POINT('',#11209);
#11209 = CARTESIAN_POINT('',(92.074479,-65.530021,0.));
#11210 = LINE('',#11211,#11212);
#11211 = CARTESIAN_POINT('',(92.074479,-65.530021,0.));
#11212 = VECTOR('',#11213,1.);
#11213 = DIRECTION('',(0.,0.,1.));
#11214 = ORIENTED_EDGE('',*,*,#11215,.F.);
#11215 = EDGE_CURVE('',#11176,#11208,#11216,.T.);
#11216 = LINE('',#11217,#11218);
#11217 = CARTESIAN_POINT('',(92.074465,-63.780021,0.));
#11218 = VECTOR('',#11219,1.);
#11219 = DIRECTION('',(7.999999995787E-06,-0.999999999968,0.));
#11220 = PLANE('',#11221);
#11221 = AXIS2_PLACEMENT_3D('',#11222,#11223,#11224);
#11222 = CARTESIAN_POINT('',(92.074465,-63.780021,0.));
#11223 = DIRECTION('',(0.999999999968,7.999999995787E-06,-0.));
#11224 = DIRECTION('',(7.999999995787E-06,-0.999999999968,0.));
#11225 = ADVANCED_FACE('',(#11226),#11253,.F.);
#11226 = FACE_BOUND('',#11227,.T.);
#11227 = EDGE_LOOP('',(#11228,#11229,#11238,#11246));
#11228 = ORIENTED_EDGE('',*,*,#11207,.T.);
#11229 = ORIENTED_EDGE('',*,*,#11230,.T.);
#11230 = EDGE_CURVE('',#11200,#11231,#11233,.T.);
#11231 = VERTEX_POINT('',#11232);
#11232 = CARTESIAN_POINT('',(92.574497,-66.030039,0.21));
#11233 = CIRCLE('',#11234,0.500018404637);
#11234 = AXIS2_PLACEMENT_3D('',#11235,#11236,#11237);
#11235 = CARTESIAN_POINT('',(92.574497404637,-65.53002059536,0.21));
#11236 = DIRECTION('',(0.,0.,1.));
#11237 = DIRECTION('',(-1.,-8.092443107052E-07,0.));
#11238 = ORIENTED_EDGE('',*,*,#11239,.F.);
#11239 = EDGE_CURVE('',#11240,#11231,#11242,.T.);
#11240 = VERTEX_POINT('',#11241);
#11241 = CARTESIAN_POINT('',(92.574497,-66.030039,0.));
#11242 = LINE('',#11243,#11244);
#11243 = CARTESIAN_POINT('',(92.574497,-66.030039,0.));
#11244 = VECTOR('',#11245,1.);
#11245 = DIRECTION('',(0.,0.,1.));
#11246 = ORIENTED_EDGE('',*,*,#11247,.F.);
#11247 = EDGE_CURVE('',#11208,#11240,#11248,.T.);
#11248 = CIRCLE('',#11249,0.500018404637);
#11249 = AXIS2_PLACEMENT_3D('',#11250,#11251,#11252);
#11250 = CARTESIAN_POINT('',(92.574497404637,-65.53002059536,0.));
#11251 = DIRECTION('',(0.,0.,1.));
#11252 = DIRECTION('',(-1.,-8.092443107052E-07,0.));
#11253 = CYLINDRICAL_SURFACE('',#11254,0.500018404637);
#11254 = AXIS2_PLACEMENT_3D('',#11255,#11256,#11257);
#11255 = CARTESIAN_POINT('',(92.574497404637,-65.53002059536,0.));
#11256 = DIRECTION('',(-0.,-0.,-1.));
#11257 = DIRECTION('',(-1.,-8.092443107052E-07,0.));
#11258 = ADVANCED_FACE('',(#11259),#11284,.T.);
#11259 = FACE_BOUND('',#11260,.T.);
#11260 = EDGE_LOOP('',(#11261,#11262,#11270,#11278));
#11261 = ORIENTED_EDGE('',*,*,#11239,.T.);
#11262 = ORIENTED_EDGE('',*,*,#11263,.T.);
#11263 = EDGE_CURVE('',#11231,#11264,#11266,.T.);
#11264 = VERTEX_POINT('',#11265);
#11265 = CARTESIAN_POINT('',(93.367397,-66.030039,0.21));
#11266 = LINE('',#11267,#11268);
#11267 = CARTESIAN_POINT('',(92.574497,-66.030039,0.21));
#11268 = VECTOR('',#11269,1.);
#11269 = DIRECTION('',(1.,0.,0.));
#11270 = ORIENTED_EDGE('',*,*,#11271,.F.);
#11271 = EDGE_CURVE('',#11272,#11264,#11274,.T.);
#11272 = VERTEX_POINT('',#11273);
#11273 = CARTESIAN_POINT('',(93.367397,-66.030039,0.));
#11274 = LINE('',#11275,#11276);
#11275 = CARTESIAN_POINT('',(93.367397,-66.030039,0.));
#11276 = VECTOR('',#11277,1.);
#11277 = DIRECTION('',(0.,0.,1.));
#11278 = ORIENTED_EDGE('',*,*,#11279,.F.);
#11279 = EDGE_CURVE('',#11240,#11272,#11280,.T.);
#11280 = LINE('',#11281,#11282);
#11281 = CARTESIAN_POINT('',(92.574497,-66.030039,0.));
#11282 = VECTOR('',#11283,1.);
#11283 = DIRECTION('',(1.,0.,0.));
#11284 = PLANE('',#11285);
#11285 = AXIS2_PLACEMENT_3D('',#11286,#11287,#11288);
#11286 = CARTESIAN_POINT('',(92.574497,-66.030039,0.));
#11287 = DIRECTION('',(0.,1.,0.));
#11288 = DIRECTION('',(1.,0.,0.));
#11289 = ADVANCED_FACE('',(#11290),#11317,.F.);
#11290 = FACE_BOUND('',#11291,.T.);
#11291 = EDGE_LOOP('',(#11292,#11293,#11302,#11310));
#11292 = ORIENTED_EDGE('',*,*,#11271,.T.);
#11293 = ORIENTED_EDGE('',*,*,#11294,.T.);
#11294 = EDGE_CURVE('',#11264,#11295,#11297,.T.);
#11295 = VERTEX_POINT('',#11296);
#11296 = CARTESIAN_POINT('',(93.874465,-65.530021,0.21));
#11297 = CIRCLE('',#11298,0.50016407331);
#11298 = AXIS2_PLACEMENT_3D('',#11299,#11300,#11301);
#11299 = CARTESIAN_POINT('',(93.374300936374,-65.52992257766,0.21));
#11300 = DIRECTION('',(0.,0.,1.));
#11301 = DIRECTION('',(-1.380334322776E-02,-0.99990472932,0.));
#11302 = ORIENTED_EDGE('',*,*,#11303,.F.);
#11303 = EDGE_CURVE('',#11304,#11295,#11306,.T.);
#11304 = VERTEX_POINT('',#11305);
#11305 = CARTESIAN_POINT('',(93.874465,-65.530021,0.));
#11306 = LINE('',#11307,#11308);
#11307 = CARTESIAN_POINT('',(93.874465,-65.530021,0.));
#11308 = VECTOR('',#11309,1.);
#11309 = DIRECTION('',(0.,0.,1.));
#11310 = ORIENTED_EDGE('',*,*,#11311,.F.);
#11311 = EDGE_CURVE('',#11272,#11304,#11312,.T.);
#11312 = CIRCLE('',#11313,0.50016407331);
#11313 = AXIS2_PLACEMENT_3D('',#11314,#11315,#11316);
#11314 = CARTESIAN_POINT('',(93.374300936374,-65.52992257766,0.));
#11315 = DIRECTION('',(0.,0.,1.));
#11316 = DIRECTION('',(-1.380334322776E-02,-0.99990472932,0.));
#11317 = CYLINDRICAL_SURFACE('',#11318,0.50016407331);
#11318 = AXIS2_PLACEMENT_3D('',#11319,#11320,#11321);
#11319 = CARTESIAN_POINT('',(93.374300936374,-65.52992257766,0.));
#11320 = DIRECTION('',(-0.,-0.,-1.));
#11321 = DIRECTION('',(-1.380334322776E-02,-0.99990472932,0.));
#11322 = ADVANCED_FACE('',(#11323),#11348,.T.);
#11323 = FACE_BOUND('',#11324,.T.);
#11324 = EDGE_LOOP('',(#11325,#11326,#11334,#11342));
#11325 = ORIENTED_EDGE('',*,*,#11303,.T.);
#11326 = ORIENTED_EDGE('',*,*,#11327,.T.);
#11327 = EDGE_CURVE('',#11295,#11328,#11330,.T.);
#11328 = VERTEX_POINT('',#11329);
#11329 = CARTESIAN_POINT('',(93.874465,-63.783626,0.21));
#11330 = LINE('',#11331,#11332);
#11331 = CARTESIAN_POINT('',(93.874465,-65.530021,0.21));
#11332 = VECTOR('',#11333,1.);
#11333 = DIRECTION('',(0.,1.,0.));
#11334 = ORIENTED_EDGE('',*,*,#11335,.F.);
#11335 = EDGE_CURVE('',#11336,#11328,#11338,.T.);
#11336 = VERTEX_POINT('',#11337);
#11337 = CARTESIAN_POINT('',(93.874465,-63.783626,0.));
#11338 = LINE('',#11339,#11340);
#11339 = CARTESIAN_POINT('',(93.874465,-63.783626,0.));
#11340 = VECTOR('',#11341,1.);
#11341 = DIRECTION('',(0.,0.,1.));
#11342 = ORIENTED_EDGE('',*,*,#11343,.F.);
#11343 = EDGE_CURVE('',#11304,#11336,#11344,.T.);
#11344 = LINE('',#11345,#11346);
#11345 = CARTESIAN_POINT('',(93.874465,-65.530021,0.));
#11346 = VECTOR('',#11347,1.);
#11347 = DIRECTION('',(0.,1.,0.));
#11348 = PLANE('',#11349);
#11349 = AXIS2_PLACEMENT_3D('',#11350,#11351,#11352);
#11350 = CARTESIAN_POINT('',(93.874465,-65.530021,0.));
#11351 = DIRECTION('',(-1.,0.,0.));
#11352 = DIRECTION('',(0.,1.,0.));
#11353 = ADVANCED_FACE('',(#11354),#11381,.F.);
#11354 = FACE_BOUND('',#11355,.T.);
#11355 = EDGE_LOOP('',(#11356,#11357,#11366,#11374));
#11356 = ORIENTED_EDGE('',*,*,#11335,.T.);
#11357 = ORIENTED_EDGE('',*,*,#11358,.T.);
#11358 = EDGE_CURVE('',#11328,#11359,#11361,.T.);
#11359 = VERTEX_POINT('',#11360);
#11360 = CARTESIAN_POINT('',(93.374497,-63.280039,0.21));
#11361 = CIRCLE('',#11362,0.499979848131);
#11362 = AXIS2_PLACEMENT_3D('',#11363,#11364,#11365);
#11363 = CARTESIAN_POINT('',(93.374498164108,-63.78001884812,0.21));
#11364 = DIRECTION('',(0.,0.,1.));
#11365 = DIRECTION('',(0.999973974474,-7.214594516367E-03,0.));
#11366 = ORIENTED_EDGE('',*,*,#11367,.F.);
#11367 = EDGE_CURVE('',#11368,#11359,#11370,.T.);
#11368 = VERTEX_POINT('',#11369);
#11369 = CARTESIAN_POINT('',(93.374497,-63.280039,0.));
#11370 = LINE('',#11371,#11372);
#11371 = CARTESIAN_POINT('',(93.374497,-63.280039,0.));
#11372 = VECTOR('',#11373,1.);
#11373 = DIRECTION('',(0.,0.,1.));
#11374 = ORIENTED_EDGE('',*,*,#11375,.F.);
#11375 = EDGE_CURVE('',#11336,#11368,#11376,.T.);
#11376 = CIRCLE('',#11377,0.499979848131);
#11377 = AXIS2_PLACEMENT_3D('',#11378,#11379,#11380);
#11378 = CARTESIAN_POINT('',(93.374498164108,-63.78001884812,0.));
#11379 = DIRECTION('',(0.,0.,1.));
#11380 = DIRECTION('',(0.999973974474,-7.214594516367E-03,0.));
#11381 = CYLINDRICAL_SURFACE('',#11382,0.499979848131);
#11382 = AXIS2_PLACEMENT_3D('',#11383,#11384,#11385);
#11383 = CARTESIAN_POINT('',(93.374498164108,-63.78001884812,0.));
#11384 = DIRECTION('',(-0.,-0.,-1.));
#11385 = DIRECTION('',(0.999973974474,-7.214594516367E-03,0.));
#11386 = ADVANCED_FACE('',(#11387),#11403,.T.);
#11387 = FACE_BOUND('',#11388,.T.);
#11388 = EDGE_LOOP('',(#11389,#11390,#11396,#11397));
#11389 = ORIENTED_EDGE('',*,*,#11367,.T.);
#11390 = ORIENTED_EDGE('',*,*,#11391,.T.);
#11391 = EDGE_CURVE('',#11359,#11159,#11392,.T.);
#11392 = LINE('',#11393,#11394);
#11393 = CARTESIAN_POINT('',(93.374497,-63.280039,0.21));
#11394 = VECTOR('',#11395,1.);
#11395 = DIRECTION('',(-1.,0.,0.));
#11396 = ORIENTED_EDGE('',*,*,#11156,.F.);
#11397 = ORIENTED_EDGE('',*,*,#11398,.F.);
#11398 = EDGE_CURVE('',#11368,#11157,#11399,.T.);
#11399 = LINE('',#11400,#11401);
#11400 = CARTESIAN_POINT('',(93.374497,-63.280039,0.));
#11401 = VECTOR('',#11402,1.);
#11402 = DIRECTION('',(-1.,0.,0.));
#11403 = PLANE('',#11404);
#11404 = AXIS2_PLACEMENT_3D('',#11405,#11406,#11407);
#11405 = CARTESIAN_POINT('',(93.374497,-63.280039,0.));
#11406 = DIRECTION('',(0.,-1.,0.));
#11407 = DIRECTION('',(-1.,0.,0.));
#11408 = ADVANCED_FACE('',(#11409),#11445,.F.);
#11409 = FACE_BOUND('',#11410,.T.);
#11410 = EDGE_LOOP('',(#11411,#11421,#11430,#11438));
#11411 = ORIENTED_EDGE('',*,*,#11412,.T.);
#11412 = EDGE_CURVE('',#11413,#11415,#11417,.T.);
#11413 = VERTEX_POINT('',#11414);
#11414 = CARTESIAN_POINT('',(104.01964,-62.676,0.));
#11415 = VERTEX_POINT('',#11416);
#11416 = CARTESIAN_POINT('',(104.01964,-62.676,0.21));
#11417 = LINE('',#11418,#11419);
#11418 = CARTESIAN_POINT('',(104.01964,-62.676,0.));
#11419 = VECTOR('',#11420,1.);
#11420 = DIRECTION('',(0.,0.,1.));
#11421 = ORIENTED_EDGE('',*,*,#11422,.T.);
#11422 = EDGE_CURVE('',#11415,#11423,#11425,.T.);
#11423 = VERTEX_POINT('',#11424);
#11424 = CARTESIAN_POINT('',(103.525,-63.175996,0.21));
#11425 = CIRCLE('',#11426,0.500024792968);
#11426 = AXIS2_PLACEMENT_3D('',#11427,#11428,#11429);
#11427 = CARTESIAN_POINT('',(104.02502479296,-63.17599579757,0.21));
#11428 = DIRECTION('',(0.,0.,1.));
#11429 = DIRECTION('',(-1.076905194257E-02,0.999942012079,0.));
#11430 = ORIENTED_EDGE('',*,*,#11431,.F.);
#11431 = EDGE_CURVE('',#11432,#11423,#11434,.T.);
#11432 = VERTEX_POINT('',#11433);
#11433 = CARTESIAN_POINT('',(103.525,-63.175996,0.));
#11434 = LINE('',#11435,#11436);
#11435 = CARTESIAN_POINT('',(103.525,-63.175996,0.));
#11436 = VECTOR('',#11437,1.);
#11437 = DIRECTION('',(0.,0.,1.));
#11438 = ORIENTED_EDGE('',*,*,#11439,.F.);
#11439 = EDGE_CURVE('',#11413,#11432,#11440,.T.);
#11440 = CIRCLE('',#11441,0.500024792968);
#11441 = AXIS2_PLACEMENT_3D('',#11442,#11443,#11444);
#11442 = CARTESIAN_POINT('',(104.02502479296,-63.17599579757,0.));
#11443 = DIRECTION('',(0.,0.,1.));
#11444 = DIRECTION('',(-1.076905194257E-02,0.999942012079,0.));
#11445 = CYLINDRICAL_SURFACE('',#11446,0.500024792968);
#11446 = AXIS2_PLACEMENT_3D('',#11447,#11448,#11449);
#11447 = CARTESIAN_POINT('',(104.02502479296,-63.17599579757,0.));
#11448 = DIRECTION('',(-0.,-0.,-1.));
#11449 = DIRECTION('',(-1.076905194257E-02,0.999942012079,0.));
#11450 = ADVANCED_FACE('',(#11451),#11476,.T.);
#11451 = FACE_BOUND('',#11452,.T.);
#11452 = EDGE_LOOP('',(#11453,#11454,#11462,#11470));
#11453 = ORIENTED_EDGE('',*,*,#11431,.T.);
#11454 = ORIENTED_EDGE('',*,*,#11455,.T.);
#11455 = EDGE_CURVE('',#11423,#11456,#11458,.T.);
#11456 = VERTEX_POINT('',#11457);
#11457 = CARTESIAN_POINT('',(103.525,-64.675996,0.21));
#11458 = LINE('',#11459,#11460);
#11459 = CARTESIAN_POINT('',(103.525,-63.175996,0.21));
#11460 = VECTOR('',#11461,1.);
#11461 = DIRECTION('',(0.,-1.,0.));
#11462 = ORIENTED_EDGE('',*,*,#11463,.F.);
#11463 = EDGE_CURVE('',#11464,#11456,#11466,.T.);
#11464 = VERTEX_POINT('',#11465);
#11465 = CARTESIAN_POINT('',(103.525,-64.675996,0.));
#11466 = LINE('',#11467,#11468);
#11467 = CARTESIAN_POINT('',(103.525,-64.675996,0.));
#11468 = VECTOR('',#11469,1.);
#11469 = DIRECTION('',(0.,0.,1.));
#11470 = ORIENTED_EDGE('',*,*,#11471,.F.);
#11471 = EDGE_CURVE('',#11432,#11464,#11472,.T.);
#11472 = LINE('',#11473,#11474);
#11473 = CARTESIAN_POINT('',(103.525,-63.175996,0.));
#11474 = VECTOR('',#11475,1.);
#11475 = DIRECTION('',(0.,-1.,0.));
#11476 = PLANE('',#11477);
#11477 = AXIS2_PLACEMENT_3D('',#11478,#11479,#11480);
#11478 = CARTESIAN_POINT('',(103.525,-63.175996,0.));
#11479 = DIRECTION('',(1.,0.,-0.));
#11480 = DIRECTION('',(0.,-1.,0.));
#11481 = ADVANCED_FACE('',(#11482),#11509,.F.);
#11482 = FACE_BOUND('',#11483,.T.);
#11483 = EDGE_LOOP('',(#11484,#11485,#11494,#11502));
#11484 = ORIENTED_EDGE('',*,*,#11463,.T.);
#11485 = ORIENTED_EDGE('',*,*,#11486,.T.);
#11486 = EDGE_CURVE('',#11456,#11487,#11489,.T.);
#11487 = VERTEX_POINT('',#11488);
#11488 = CARTESIAN_POINT('',(104.025025,-65.176,0.21));
#11489 = CIRCLE('',#11490,0.500040599194);
#11490 = AXIS2_PLACEMENT_3D('',#11491,#11492,#11493);
#11491 = CARTESIAN_POINT('',(104.02504059785,-64.67595940104,0.21));
#11492 = DIRECTION('',(0.,0.,1.));
#11493 = DIRECTION('',(-0.999999997321,-7.319195884307E-05,0.));
#11494 = ORIENTED_EDGE('',*,*,#11495,.F.);
#11495 = EDGE_CURVE('',#11496,#11487,#11498,.T.);
#11496 = VERTEX_POINT('',#11497);
#11497 = CARTESIAN_POINT('',(104.025025,-65.176,0.));
#11498 = LINE('',#11499,#11500);
#11499 = CARTESIAN_POINT('',(104.025025,-65.176,0.));
#11500 = VECTOR('',#11501,1.);
#11501 = DIRECTION('',(0.,0.,1.));
#11502 = ORIENTED_EDGE('',*,*,#11503,.F.);
#11503 = EDGE_CURVE('',#11464,#11496,#11504,.T.);
#11504 = CIRCLE('',#11505,0.500040599194);
#11505 = AXIS2_PLACEMENT_3D('',#11506,#11507,#11508);
#11506 = CARTESIAN_POINT('',(104.02504059785,-64.67595940104,0.));
#11507 = DIRECTION('',(0.,0.,1.));
#11508 = DIRECTION('',(-0.999999997321,-7.319195884307E-05,0.));
#11509 = CYLINDRICAL_SURFACE('',#11510,0.500040599194);
#11510 = AXIS2_PLACEMENT_3D('',#11511,#11512,#11513);
#11511 = CARTESIAN_POINT('',(104.02504059785,-64.67595940104,0.));
#11512 = DIRECTION('',(-0.,-0.,-1.));
#11513 = DIRECTION('',(-0.999999997321,-7.319195884307E-05,0.));
#11514 = ADVANCED_FACE('',(#11515),#11540,.T.);
#11515 = FACE_BOUND('',#11516,.T.);
#11516 = EDGE_LOOP('',(#11517,#11518,#11526,#11534));
#11517 = ORIENTED_EDGE('',*,*,#11495,.T.);
#11518 = ORIENTED_EDGE('',*,*,#11519,.T.);
#11519 = EDGE_CURVE('',#11487,#11520,#11522,.T.);
#11520 = VERTEX_POINT('',#11521);
#11521 = CARTESIAN_POINT('',(105.533291,-65.176,0.21));
#11522 = LINE('',#11523,#11524);
#11523 = CARTESIAN_POINT('',(104.025025,-65.176,0.21));
#11524 = VECTOR('',#11525,1.);
#11525 = DIRECTION('',(1.,0.,0.));
#11526 = ORIENTED_EDGE('',*,*,#11527,.F.);
#11527 = EDGE_CURVE('',#11528,#11520,#11530,.T.);
#11528 = VERTEX_POINT('',#11529);
#11529 = CARTESIAN_POINT('',(105.533291,-65.176,0.));
#11530 = LINE('',#11531,#11532);
#11531 = CARTESIAN_POINT('',(105.533291,-65.176,0.));
#11532 = VECTOR('',#11533,1.);
#11533 = DIRECTION('',(0.,0.,1.));
#11534 = ORIENTED_EDGE('',*,*,#11535,.F.);
#11535 = EDGE_CURVE('',#11496,#11528,#11536,.T.);
#11536 = LINE('',#11537,#11538);
#11537 = CARTESIAN_POINT('',(104.025025,-65.176,0.));
#11538 = VECTOR('',#11539,1.);
#11539 = DIRECTION('',(1.,0.,0.));
#11540 = PLANE('',#11541);
#11541 = AXIS2_PLACEMENT_3D('',#11542,#11543,#11544);
#11542 = CARTESIAN_POINT('',(104.025025,-65.176,0.));
#11543 = DIRECTION('',(0.,1.,0.));
#11544 = DIRECTION('',(1.,0.,0.));
#11545 = ADVANCED_FACE('',(#11546),#11573,.F.);
#11546 = FACE_BOUND('',#11547,.T.);
#11547 = EDGE_LOOP('',(#11548,#11549,#11558,#11566));
#11548 = ORIENTED_EDGE('',*,*,#11527,.T.);
#11549 = ORIENTED_EDGE('',*,*,#11550,.T.);
#11550 = EDGE_CURVE('',#11520,#11551,#11553,.T.);
#11551 = VERTEX_POINT('',#11552);
#11552 = CARTESIAN_POINT('',(106.025,-64.675996,0.21));
#11553 = CIRCLE('',#11554,0.500175327383);
#11554 = AXIS2_PLACEMENT_3D('',#11555,#11556,#11557);
#11555 = CARTESIAN_POINT('',(105.52482468254,-64.67589633115,0.21));
#11556 = DIRECTION('',(0.,0.,1.));
#11557 = DIRECTION('',(1.692669947722E-02,-0.99985673316,0.));
#11558 = ORIENTED_EDGE('',*,*,#11559,.F.);
#11559 = EDGE_CURVE('',#11560,#11551,#11562,.T.);
#11560 = VERTEX_POINT('',#11561);
#11561 = CARTESIAN_POINT('',(106.025,-64.675996,0.));
#11562 = LINE('',#11563,#11564);
#11563 = CARTESIAN_POINT('',(106.025,-64.675996,0.));
#11564 = VECTOR('',#11565,1.);
#11565 = DIRECTION('',(0.,0.,1.));
#11566 = ORIENTED_EDGE('',*,*,#11567,.F.);
#11567 = EDGE_CURVE('',#11528,#11560,#11568,.T.);
#11568 = CIRCLE('',#11569,0.500175327383);
#11569 = AXIS2_PLACEMENT_3D('',#11570,#11571,#11572);
#11570 = CARTESIAN_POINT('',(105.52482468254,-64.67589633115,0.));
#11571 = DIRECTION('',(0.,0.,1.));
#11572 = DIRECTION('',(1.692669947722E-02,-0.99985673316,0.));
#11573 = CYLINDRICAL_SURFACE('',#11574,0.500175327383);
#11574 = AXIS2_PLACEMENT_3D('',#11575,#11576,#11577);
#11575 = CARTESIAN_POINT('',(105.52482468254,-64.67589633115,0.));
#11576 = DIRECTION('',(-0.,-0.,-1.));
#11577 = DIRECTION('',(1.692669947722E-02,-0.99985673316,0.));
#11578 = ADVANCED_FACE('',(#11579),#11604,.T.);
#11579 = FACE_BOUND('',#11580,.T.);
#11580 = EDGE_LOOP('',(#11581,#11582,#11590,#11598));
#11581 = ORIENTED_EDGE('',*,*,#11559,.T.);
#11582 = ORIENTED_EDGE('',*,*,#11583,.T.);
#11583 = EDGE_CURVE('',#11551,#11584,#11586,.T.);
#11584 = VERTEX_POINT('',#11585);
#11585 = CARTESIAN_POINT('',(106.025,-63.171414,0.21));
#11586 = LINE('',#11587,#11588);
#11587 = CARTESIAN_POINT('',(106.025,-64.675996,0.21));
#11588 = VECTOR('',#11589,1.);
#11589 = DIRECTION('',(0.,1.,0.));
#11590 = ORIENTED_EDGE('',*,*,#11591,.F.);
#11591 = EDGE_CURVE('',#11592,#11584,#11594,.T.);
#11592 = VERTEX_POINT('',#11593);
#11593 = CARTESIAN_POINT('',(106.025,-63.171414,0.));
#11594 = LINE('',#11595,#11596);
#11595 = CARTESIAN_POINT('',(106.025,-63.171414,0.));
#11596 = VECTOR('',#11597,1.);
#11597 = DIRECTION('',(0.,0.,1.));
#11598 = ORIENTED_EDGE('',*,*,#11599,.F.);
#11599 = EDGE_CURVE('',#11560,#11592,#11600,.T.);
#11600 = LINE('',#11601,#11602);
#11601 = CARTESIAN_POINT('',(106.025,-64.675996,0.));
#11602 = VECTOR('',#11603,1.);
#11603 = DIRECTION('',(0.,1.,0.));
#11604 = PLANE('',#11605);
#11605 = AXIS2_PLACEMENT_3D('',#11606,#11607,#11608);
#11606 = CARTESIAN_POINT('',(106.025,-64.675996,0.));
#11607 = DIRECTION('',(-1.,0.,0.));
#11608 = DIRECTION('',(0.,1.,0.));
#11609 = ADVANCED_FACE('',(#11610),#11637,.F.);
#11610 = FACE_BOUND('',#11611,.T.);
#11611 = EDGE_LOOP('',(#11612,#11613,#11622,#11630));
#11612 = ORIENTED_EDGE('',*,*,#11591,.T.);
#11613 = ORIENTED_EDGE('',*,*,#11614,.T.);
#11614 = EDGE_CURVE('',#11584,#11615,#11617,.T.);
#11615 = VERTEX_POINT('',#11616);
#11616 = CARTESIAN_POINT('',(105.525025,-62.676,0.21));
#11617 = CIRCLE('',#11618,0.499995474007);
#11618 = AXIS2_PLACEMENT_3D('',#11619,#11620,#11621);
#11619 = CARTESIAN_POINT('',(105.52502551652,-63.175995474,0.21));
#11620 = DIRECTION('',(0.,0.,1.));
#11621 = DIRECTION('',(0.999958018551,9.163030956716E-03,-0.));
#11622 = ORIENTED_EDGE('',*,*,#11623,.F.);
#11623 = EDGE_CURVE('',#11624,#11615,#11626,.T.);
#11624 = VERTEX_POINT('',#11625);
#11625 = CARTESIAN_POINT('',(105.525025,-62.676,0.));
#11626 = LINE('',#11627,#11628);
#11627 = CARTESIAN_POINT('',(105.525025,-62.676,0.));
#11628 = VECTOR('',#11629,1.);
#11629 = DIRECTION('',(0.,0.,1.));
#11630 = ORIENTED_EDGE('',*,*,#11631,.F.);
#11631 = EDGE_CURVE('',#11592,#11624,#11632,.T.);
#11632 = CIRCLE('',#11633,0.499995474007);
#11633 = AXIS2_PLACEMENT_3D('',#11634,#11635,#11636);
#11634 = CARTESIAN_POINT('',(105.52502551652,-63.175995474,0.));
#11635 = DIRECTION('',(0.,0.,1.));
#11636 = DIRECTION('',(0.999958018551,9.163030956716E-03,-0.));
#11637 = CYLINDRICAL_SURFACE('',#11638,0.499995474007);
#11638 = AXIS2_PLACEMENT_3D('',#11639,#11640,#11641);
#11639 = CARTESIAN_POINT('',(105.52502551652,-63.175995474,0.));
#11640 = DIRECTION('',(-0.,-0.,-1.));
#11641 = DIRECTION('',(0.999958018551,9.163030956716E-03,-0.));
#11642 = ADVANCED_FACE('',(#11643),#11659,.T.);
#11643 = FACE_BOUND('',#11644,.T.);
#11644 = EDGE_LOOP('',(#11645,#11646,#11652,#11653));
#11645 = ORIENTED_EDGE('',*,*,#11623,.T.);
#11646 = ORIENTED_EDGE('',*,*,#11647,.T.);
#11647 = EDGE_CURVE('',#11615,#11415,#11648,.T.);
#11648 = LINE('',#11649,#11650);
#11649 = CARTESIAN_POINT('',(105.525025,-62.676,0.21));
#11650 = VECTOR('',#11651,1.);
#11651 = DIRECTION('',(-1.,0.,0.));
#11652 = ORIENTED_EDGE('',*,*,#11412,.F.);
#11653 = ORIENTED_EDGE('',*,*,#11654,.F.);
#11654 = EDGE_CURVE('',#11624,#11413,#11655,.T.);
#11655 = LINE('',#11656,#11657);
#11656 = CARTESIAN_POINT('',(105.525025,-62.676,0.));
#11657 = VECTOR('',#11658,1.);
#11658 = DIRECTION('',(-1.,0.,0.));
#11659 = PLANE('',#11660);
#11660 = AXIS2_PLACEMENT_3D('',#11661,#11662,#11663);
#11661 = CARTESIAN_POINT('',(105.525025,-62.676,0.));
#11662 = DIRECTION('',(0.,-1.,0.));
#11663 = DIRECTION('',(-1.,0.,0.));
#11664 = ADVANCED_FACE('',(#11665),#11701,.F.);
#11665 = FACE_BOUND('',#11666,.T.);
#11666 = EDGE_LOOP('',(#11667,#11677,#11686,#11694));
#11667 = ORIENTED_EDGE('',*,*,#11668,.T.);
#11668 = EDGE_CURVE('',#11669,#11671,#11673,.T.);
#11669 = VERTEX_POINT('',#11670);
#11670 = CARTESIAN_POINT('',(118.5326,-59.185602,0.));
#11671 = VERTEX_POINT('',#11672);
#11672 = CARTESIAN_POINT('',(118.5326,-59.185602,0.21));
#11673 = LINE('',#11674,#11675);
#11674 = CARTESIAN_POINT('',(118.5326,-59.185602,0.));
#11675 = VECTOR('',#11676,1.);
#11676 = DIRECTION('',(0.,0.,1.));
#11677 = ORIENTED_EDGE('',*,*,#11678,.T.);
#11678 = EDGE_CURVE('',#11671,#11679,#11681,.T.);
#11679 = VERTEX_POINT('',#11680);
#11680 = CARTESIAN_POINT('',(118.03796,-59.685598,0.21));
#11681 = CIRCLE('',#11682,0.500024792968);
#11682 = AXIS2_PLACEMENT_3D('',#11683,#11684,#11685);
#11683 = CARTESIAN_POINT('',(118.53798479296,-59.68559779757,0.21));
#11684 = DIRECTION('',(0.,0.,1.));
#11685 = DIRECTION('',(-1.076905194257E-02,0.999942012079,0.));
#11686 = ORIENTED_EDGE('',*,*,#11687,.F.);
#11687 = EDGE_CURVE('',#11688,#11679,#11690,.T.);
#11688 = VERTEX_POINT('',#11689);
#11689 = CARTESIAN_POINT('',(118.03796,-59.685598,0.));
#11690 = LINE('',#11691,#11692);
#11691 = CARTESIAN_POINT('',(118.03796,-59.685598,0.));
#11692 = VECTOR('',#11693,1.);
#11693 = DIRECTION('',(0.,0.,1.));
#11694 = ORIENTED_EDGE('',*,*,#11695,.F.);
#11695 = EDGE_CURVE('',#11669,#11688,#11696,.T.);
#11696 = CIRCLE('',#11697,0.500024792968);
#11697 = AXIS2_PLACEMENT_3D('',#11698,#11699,#11700);
#11698 = CARTESIAN_POINT('',(118.53798479296,-59.68559779757,0.));
#11699 = DIRECTION('',(0.,0.,1.));
#11700 = DIRECTION('',(-1.076905194257E-02,0.999942012079,0.));
#11701 = CYLINDRICAL_SURFACE('',#11702,0.500024792968);
#11702 = AXIS2_PLACEMENT_3D('',#11703,#11704,#11705);
#11703 = CARTESIAN_POINT('',(118.53798479296,-59.68559779757,0.));
#11704 = DIRECTION('',(-0.,-0.,-1.));
#11705 = DIRECTION('',(-1.076905194257E-02,0.999942012079,0.));
#11706 = ADVANCED_FACE('',(#11707),#11732,.T.);
#11707 = FACE_BOUND('',#11708,.T.);
#11708 = EDGE_LOOP('',(#11709,#11710,#11718,#11726));
#11709 = ORIENTED_EDGE('',*,*,#11687,.T.);
#11710 = ORIENTED_EDGE('',*,*,#11711,.T.);
#11711 = EDGE_CURVE('',#11679,#11712,#11714,.T.);
#11712 = VERTEX_POINT('',#11713);
#11713 = CARTESIAN_POINT('',(118.037999,-61.185598,0.21));
#11714 = LINE('',#11715,#11716);
#11715 = CARTESIAN_POINT('',(118.03796,-59.685598,0.21));
#11716 = VECTOR('',#11717,1.);
#11717 = DIRECTION('',(2.599999999189E-05,-0.999999999662,0.));
#11718 = ORIENTED_EDGE('',*,*,#11719,.F.);
#11719 = EDGE_CURVE('',#11720,#11712,#11722,.T.);
#11720 = VERTEX_POINT('',#11721);
#11721 = CARTESIAN_POINT('',(118.037999,-61.185598,0.));
#11722 = LINE('',#11723,#11724);
#11723 = CARTESIAN_POINT('',(118.037999,-61.185598,0.));
#11724 = VECTOR('',#11725,1.);
#11725 = DIRECTION('',(0.,0.,1.));
#11726 = ORIENTED_EDGE('',*,*,#11727,.F.);
#11727 = EDGE_CURVE('',#11688,#11720,#11728,.T.);
#11728 = LINE('',#11729,#11730);
#11729 = CARTESIAN_POINT('',(118.03796,-59.685598,0.));
#11730 = VECTOR('',#11731,1.);
#11731 = DIRECTION('',(2.599999999189E-05,-0.999999999662,0.));
#11732 = PLANE('',#11733);
#11733 = AXIS2_PLACEMENT_3D('',#11734,#11735,#11736);
#11734 = CARTESIAN_POINT('',(118.03796,-59.685598,0.));
#11735 = DIRECTION('',(0.999999999662,2.599999999189E-05,-0.));
#11736 = DIRECTION('',(2.599999999189E-05,-0.999999999662,0.));
#11737 = ADVANCED_FACE('',(#11738),#11765,.F.);
#11738 = FACE_BOUND('',#11739,.T.);
#11739 = EDGE_LOOP('',(#11740,#11741,#11750,#11758));
#11740 = ORIENTED_EDGE('',*,*,#11719,.T.);
#11741 = ORIENTED_EDGE('',*,*,#11742,.T.);
#11742 = EDGE_CURVE('',#11712,#11743,#11745,.T.);
#11743 = VERTEX_POINT('',#11744);
#11744 = CARTESIAN_POINT('',(118.537985,-61.685602,0.21));
#11745 = CIRCLE('',#11746,0.499974021249);
#11746 = AXIS2_PLACEMENT_3D('',#11747,#11748,#11749);
#11747 = CARTESIAN_POINT('',(118.53797302035,-61.18562797889,0.21));
#11748 = DIRECTION('',(0.,0.,1.));
#11749 = DIRECTION('',(-0.999999998202,5.996090529146E-05,0.));
#11750 = ORIENTED_EDGE('',*,*,#11751,.F.);
#11751 = EDGE_CURVE('',#11752,#11743,#11754,.T.);
#11752 = VERTEX_POINT('',#11753);
#11753 = CARTESIAN_POINT('',(118.537985,-61.685602,0.));
#11754 = LINE('',#11755,#11756);
#11755 = CARTESIAN_POINT('',(118.537985,-61.685602,0.));
#11756 = VECTOR('',#11757,1.);
#11757 = DIRECTION('',(0.,0.,1.));
#11758 = ORIENTED_EDGE('',*,*,#11759,.F.);
#11759 = EDGE_CURVE('',#11720,#11752,#11760,.T.);
#11760 = CIRCLE('',#11761,0.499974021249);
#11761 = AXIS2_PLACEMENT_3D('',#11762,#11763,#11764);
#11762 = CARTESIAN_POINT('',(118.53797302035,-61.18562797889,0.));
#11763 = DIRECTION('',(0.,0.,1.));
#11764 = DIRECTION('',(-0.999999998202,5.996090529146E-05,0.));
#11765 = CYLINDRICAL_SURFACE('',#11766,0.499974021249);
#11766 = AXIS2_PLACEMENT_3D('',#11767,#11768,#11769);
#11767 = CARTESIAN_POINT('',(118.53797302035,-61.18562797889,0.));
#11768 = DIRECTION('',(-0.,-0.,-1.));
#11769 = DIRECTION('',(-0.999999998202,5.996090529146E-05,0.));
#11770 = ADVANCED_FACE('',(#11771),#11796,.T.);
#11771 = FACE_BOUND('',#11772,.T.);
#11772 = EDGE_LOOP('',(#11773,#11774,#11782,#11790));
#11773 = ORIENTED_EDGE('',*,*,#11751,.T.);
#11774 = ORIENTED_EDGE('',*,*,#11775,.T.);
#11775 = EDGE_CURVE('',#11743,#11776,#11778,.T.);
#11776 = VERTEX_POINT('',#11777);
#11777 = CARTESIAN_POINT('',(120.046251,-61.685602,0.21));
#11778 = LINE('',#11779,#11780);
#11779 = CARTESIAN_POINT('',(118.537985,-61.685602,0.21));
#11780 = VECTOR('',#11781,1.);
#11781 = DIRECTION('',(1.,0.,0.));
#11782 = ORIENTED_EDGE('',*,*,#11783,.F.);
#11783 = EDGE_CURVE('',#11784,#11776,#11786,.T.);
#11784 = VERTEX_POINT('',#11785);
#11785 = CARTESIAN_POINT('',(120.046251,-61.685602,0.));
#11786 = LINE('',#11787,#11788);
#11787 = CARTESIAN_POINT('',(120.046251,-61.685602,0.));
#11788 = VECTOR('',#11789,1.);
#11789 = DIRECTION('',(0.,0.,1.));
#11790 = ORIENTED_EDGE('',*,*,#11791,.F.);
#11791 = EDGE_CURVE('',#11752,#11784,#11792,.T.);
#11792 = LINE('',#11793,#11794);
#11793 = CARTESIAN_POINT('',(118.537985,-61.685602,0.));
#11794 = VECTOR('',#11795,1.);
#11795 = DIRECTION('',(1.,0.,0.));
#11796 = PLANE('',#11797);
#11797 = AXIS2_PLACEMENT_3D('',#11798,#11799,#11800);
#11798 = CARTESIAN_POINT('',(118.537985,-61.685602,0.));
#11799 = DIRECTION('',(0.,1.,0.));
#11800 = DIRECTION('',(1.,0.,0.));
#11801 = ADVANCED_FACE('',(#11802),#11829,.F.);
#11802 = FACE_BOUND('',#11803,.T.);
#11803 = EDGE_LOOP('',(#11804,#11805,#11814,#11822));
#11804 = ORIENTED_EDGE('',*,*,#11783,.T.);
#11805 = ORIENTED_EDGE('',*,*,#11806,.T.);
#11806 = EDGE_CURVE('',#11776,#11807,#11809,.T.);
#11807 = VERTEX_POINT('',#11808);
#11808 = CARTESIAN_POINT('',(120.53796,-61.185598,0.21));
#11809 = CIRCLE('',#11810,0.500175327383);
#11810 = AXIS2_PLACEMENT_3D('',#11811,#11812,#11813);
#11811 = CARTESIAN_POINT('',(120.03778468254,-61.18549833115,0.21));
#11812 = DIRECTION('',(0.,0.,1.));
#11813 = DIRECTION('',(1.692669947719E-02,-0.99985673316,0.));
#11814 = ORIENTED_EDGE('',*,*,#11815,.F.);
#11815 = EDGE_CURVE('',#11816,#11807,#11818,.T.);
#11816 = VERTEX_POINT('',#11817);
#11817 = CARTESIAN_POINT('',(120.53796,-61.185598,0.));
#11818 = LINE('',#11819,#11820);
#11819 = CARTESIAN_POINT('',(120.53796,-61.185598,0.));
#11820 = VECTOR('',#11821,1.);
#11821 = DIRECTION('',(0.,0.,1.));
#11822 = ORIENTED_EDGE('',*,*,#11823,.F.);
#11823 = EDGE_CURVE('',#11784,#11816,#11824,.T.);
#11824 = CIRCLE('',#11825,0.500175327383);
#11825 = AXIS2_PLACEMENT_3D('',#11826,#11827,#11828);
#11826 = CARTESIAN_POINT('',(120.03778468254,-61.18549833115,0.));
#11827 = DIRECTION('',(0.,0.,1.));
#11828 = DIRECTION('',(1.692669947719E-02,-0.99985673316,0.));
#11829 = CYLINDRICAL_SURFACE('',#11830,0.500175327383);
#11830 = AXIS2_PLACEMENT_3D('',#11831,#11832,#11833);
#11831 = CARTESIAN_POINT('',(120.03778468254,-61.18549833115,0.));
#11832 = DIRECTION('',(-0.,-0.,-1.));
#11833 = DIRECTION('',(1.692669947719E-02,-0.99985673316,0.));
#11834 = ADVANCED_FACE('',(#11835),#11860,.T.);
#11835 = FACE_BOUND('',#11836,.T.);
#11836 = EDGE_LOOP('',(#11837,#11838,#11846,#11854));
#11837 = ORIENTED_EDGE('',*,*,#11815,.T.);
#11838 = ORIENTED_EDGE('',*,*,#11839,.T.);
#11839 = EDGE_CURVE('',#11807,#11840,#11842,.T.);
#11840 = VERTEX_POINT('',#11841);
#11841 = CARTESIAN_POINT('',(120.53796,-59.681016,0.21));
#11842 = LINE('',#11843,#11844);
#11843 = CARTESIAN_POINT('',(120.53796,-61.185598,0.21));
#11844 = VECTOR('',#11845,1.);
#11845 = DIRECTION('',(0.,1.,0.));
#11846 = ORIENTED_EDGE('',*,*,#11847,.F.);
#11847 = EDGE_CURVE('',#11848,#11840,#11850,.T.);
#11848 = VERTEX_POINT('',#11849);
#11849 = CARTESIAN_POINT('',(120.53796,-59.681016,0.));
#11850 = LINE('',#11851,#11852);
#11851 = CARTESIAN_POINT('',(120.53796,-59.681016,0.));
#11852 = VECTOR('',#11853,1.);
#11853 = DIRECTION('',(0.,0.,1.));
#11854 = ORIENTED_EDGE('',*,*,#11855,.F.);
#11855 = EDGE_CURVE('',#11816,#11848,#11856,.T.);
#11856 = LINE('',#11857,#11858);
#11857 = CARTESIAN_POINT('',(120.53796,-61.185598,0.));
#11858 = VECTOR('',#11859,1.);
#11859 = DIRECTION('',(0.,1.,0.));
#11860 = PLANE('',#11861);
#11861 = AXIS2_PLACEMENT_3D('',#11862,#11863,#11864);
#11862 = CARTESIAN_POINT('',(120.53796,-61.185598,0.));
#11863 = DIRECTION('',(-1.,0.,0.));
#11864 = DIRECTION('',(0.,1.,0.));
#11865 = ADVANCED_FACE('',(#11866),#11893,.F.);
#11866 = FACE_BOUND('',#11867,.T.);
#11867 = EDGE_LOOP('',(#11868,#11869,#11878,#11886));
#11868 = ORIENTED_EDGE('',*,*,#11847,.T.);
#11869 = ORIENTED_EDGE('',*,*,#11870,.T.);
#11870 = EDGE_CURVE('',#11840,#11871,#11873,.T.);
#11871 = VERTEX_POINT('',#11872);
#11872 = CARTESIAN_POINT('',(120.037985,-59.185602,0.21));
#11873 = CIRCLE('',#11874,0.499995474007);
#11874 = AXIS2_PLACEMENT_3D('',#11875,#11876,#11877);
#11875 = CARTESIAN_POINT('',(120.03798551652,-59.685597474,0.21));
#11876 = DIRECTION('',(0.,0.,1.));
#11877 = DIRECTION('',(0.999958018551,9.163030956702E-03,-0.));
#11878 = ORIENTED_EDGE('',*,*,#11879,.F.);
#11879 = EDGE_CURVE('',#11880,#11871,#11882,.T.);
#11880 = VERTEX_POINT('',#11881);
#11881 = CARTESIAN_POINT('',(120.037985,-59.185602,0.));
#11882 = LINE('',#11883,#11884);
#11883 = CARTESIAN_POINT('',(120.037985,-59.185602,0.));
#11884 = VECTOR('',#11885,1.);
#11885 = DIRECTION('',(0.,0.,1.));
#11886 = ORIENTED_EDGE('',*,*,#11887,.F.);
#11887 = EDGE_CURVE('',#11848,#11880,#11888,.T.);
#11888 = CIRCLE('',#11889,0.499995474007);
#11889 = AXIS2_PLACEMENT_3D('',#11890,#11891,#11892);
#11890 = CARTESIAN_POINT('',(120.03798551652,-59.685597474,0.));
#11891 = DIRECTION('',(0.,0.,1.));
#11892 = DIRECTION('',(0.999958018551,9.163030956702E-03,-0.));
#11893 = CYLINDRICAL_SURFACE('',#11894,0.499995474007);
#11894 = AXIS2_PLACEMENT_3D('',#11895,#11896,#11897);
#11895 = CARTESIAN_POINT('',(120.03798551652,-59.685597474,0.));
#11896 = DIRECTION('',(-0.,-0.,-1.));
#11897 = DIRECTION('',(0.999958018551,9.163030956702E-03,-0.));
#11898 = ADVANCED_FACE('',(#11899),#11915,.T.);
#11899 = FACE_BOUND('',#11900,.T.);
#11900 = EDGE_LOOP('',(#11901,#11902,#11908,#11909));
#11901 = ORIENTED_EDGE('',*,*,#11879,.T.);
#11902 = ORIENTED_EDGE('',*,*,#11903,.T.);
#11903 = EDGE_CURVE('',#11871,#11671,#11904,.T.);
#11904 = LINE('',#11905,#11906);
#11905 = CARTESIAN_POINT('',(120.037985,-59.185602,0.21));
#11906 = VECTOR('',#11907,1.);
#11907 = DIRECTION('',(-1.,0.,0.));
#11908 = ORIENTED_EDGE('',*,*,#11668,.F.);
#11909 = ORIENTED_EDGE('',*,*,#11910,.F.);
#11910 = EDGE_CURVE('',#11880,#11669,#11911,.T.);
#11911 = LINE('',#11912,#11913);
#11912 = CARTESIAN_POINT('',(120.037985,-59.185602,0.));
#11913 = VECTOR('',#11914,1.);
#11914 = DIRECTION('',(-1.,0.,0.));
#11915 = PLANE('',#11916);
#11916 = AXIS2_PLACEMENT_3D('',#11917,#11918,#11919);
#11917 = CARTESIAN_POINT('',(120.037985,-59.185602,0.));
#11918 = DIRECTION('',(0.,-1.,0.));
#11919 = DIRECTION('',(-1.,0.,0.));
#11920 = ADVANCED_FACE('',(#11921),#11957,.F.);
#11921 = FACE_BOUND('',#11922,.T.);
#11922 = EDGE_LOOP('',(#11923,#11933,#11942,#11950));
#11923 = ORIENTED_EDGE('',*,*,#11924,.T.);
#11924 = EDGE_CURVE('',#11925,#11927,#11929,.T.);
#11925 = VERTEX_POINT('',#11926);
#11926 = CARTESIAN_POINT('',(100.277515,-57.704226,0.));
#11927 = VERTEX_POINT('',#11928);
#11928 = CARTESIAN_POINT('',(100.277515,-57.704226,0.21));
#11929 = LINE('',#11930,#11931);
#11930 = CARTESIAN_POINT('',(100.277515,-57.704226,0.));
#11931 = VECTOR('',#11932,1.);
#11932 = DIRECTION('',(0.,0.,1.));
#11933 = ORIENTED_EDGE('',*,*,#11934,.T.);
#11934 = EDGE_CURVE('',#11927,#11935,#11937,.T.);
#11935 = VERTEX_POINT('',#11936);
#11936 = CARTESIAN_POINT('',(99.782875,-58.204222,0.21));
#11937 = CIRCLE('',#11938,0.500024792968);
#11938 = AXIS2_PLACEMENT_3D('',#11939,#11940,#11941);
#11939 = CARTESIAN_POINT('',(100.28289979296,-58.20422179757,0.21));
#11940 = DIRECTION('',(0.,0.,1.));
#11941 = DIRECTION('',(-1.076905194262E-02,0.999942012079,0.));
#11942 = ORIENTED_EDGE('',*,*,#11943,.F.);
#11943 = EDGE_CURVE('',#11944,#11935,#11946,.T.);
#11944 = VERTEX_POINT('',#11945);
#11945 = CARTESIAN_POINT('',(99.782875,-58.204222,0.));
#11946 = LINE('',#11947,#11948);
#11947 = CARTESIAN_POINT('',(99.782875,-58.204222,0.));
#11948 = VECTOR('',#11949,1.);
#11949 = DIRECTION('',(0.,0.,1.));
#11950 = ORIENTED_EDGE('',*,*,#11951,.F.);
#11951 = EDGE_CURVE('',#11925,#11944,#11952,.T.);
#11952 = CIRCLE('',#11953,0.500024792968);
#11953 = AXIS2_PLACEMENT_3D('',#11954,#11955,#11956);
#11954 = CARTESIAN_POINT('',(100.28289979296,-58.20422179757,0.));
#11955 = DIRECTION('',(0.,0.,1.));
#11956 = DIRECTION('',(-1.076905194262E-02,0.999942012079,0.));
#11957 = CYLINDRICAL_SURFACE('',#11958,0.500024792968);
#11958 = AXIS2_PLACEMENT_3D('',#11959,#11960,#11961);
#11959 = CARTESIAN_POINT('',(100.28289979296,-58.20422179757,0.));
#11960 = DIRECTION('',(-0.,-0.,-1.));
#11961 = DIRECTION('',(-1.076905194262E-02,0.999942012079,0.));
#11962 = ADVANCED_FACE('',(#11963),#11988,.T.);
#11963 = FACE_BOUND('',#11964,.T.);
#11964 = EDGE_LOOP('',(#11965,#11966,#11974,#11982));
#11965 = ORIENTED_EDGE('',*,*,#11943,.T.);
#11966 = ORIENTED_EDGE('',*,*,#11967,.T.);
#11967 = EDGE_CURVE('',#11935,#11968,#11970,.T.);
#11968 = VERTEX_POINT('',#11969);
#11969 = CARTESIAN_POINT('',(99.782875,-59.704222,0.21));
#11970 = LINE('',#11971,#11972);
#11971 = CARTESIAN_POINT('',(99.782875,-58.204222,0.21));
#11972 = VECTOR('',#11973,1.);
#11973 = DIRECTION('',(0.,-1.,0.));
#11974 = ORIENTED_EDGE('',*,*,#11975,.F.);
#11975 = EDGE_CURVE('',#11976,#11968,#11978,.T.);
#11976 = VERTEX_POINT('',#11977);
#11977 = CARTESIAN_POINT('',(99.782875,-59.704222,0.));
#11978 = LINE('',#11979,#11980);
#11979 = CARTESIAN_POINT('',(99.782875,-59.704222,0.));
#11980 = VECTOR('',#11981,1.);
#11981 = DIRECTION('',(0.,0.,1.));
#11982 = ORIENTED_EDGE('',*,*,#11983,.F.);
#11983 = EDGE_CURVE('',#11944,#11976,#11984,.T.);
#11984 = LINE('',#11985,#11986);
#11985 = CARTESIAN_POINT('',(99.782875,-58.204222,0.));
#11986 = VECTOR('',#11987,1.);
#11987 = DIRECTION('',(0.,-1.,0.));
#11988 = PLANE('',#11989);
#11989 = AXIS2_PLACEMENT_3D('',#11990,#11991,#11992);
#11990 = CARTESIAN_POINT('',(99.782875,-58.204222,0.));
#11991 = DIRECTION('',(1.,0.,-0.));
#11992 = DIRECTION('',(0.,-1.,0.));
#11993 = ADVANCED_FACE('',(#11994),#12021,.F.);
#11994 = FACE_BOUND('',#11995,.T.);
#11995 = EDGE_LOOP('',(#11996,#11997,#12006,#12014));
#11996 = ORIENTED_EDGE('',*,*,#11975,.T.);
#11997 = ORIENTED_EDGE('',*,*,#11998,.T.);
#11998 = EDGE_CURVE('',#11968,#11999,#12001,.T.);
#11999 = VERTEX_POINT('',#12000);
#12000 = CARTESIAN_POINT('',(100.2829,-60.204226,0.21));
#12001 = CIRCLE('',#12002,0.500040599194);
#12002 = AXIS2_PLACEMENT_3D('',#12003,#12004,#12005);
#12003 = CARTESIAN_POINT('',(100.28291559785,-59.70418540104,0.21));
#12004 = DIRECTION('',(0.,0.,1.));
#12005 = DIRECTION('',(-0.999999997321,-7.319195881466E-05,0.));
#12006 = ORIENTED_EDGE('',*,*,#12007,.F.);
#12007 = EDGE_CURVE('',#12008,#11999,#12010,.T.);
#12008 = VERTEX_POINT('',#12009);
#12009 = CARTESIAN_POINT('',(100.2829,-60.204226,0.));
#12010 = LINE('',#12011,#12012);
#12011 = CARTESIAN_POINT('',(100.2829,-60.204226,0.));
#12012 = VECTOR('',#12013,1.);
#12013 = DIRECTION('',(0.,0.,1.));
#12014 = ORIENTED_EDGE('',*,*,#12015,.F.);
#12015 = EDGE_CURVE('',#11976,#12008,#12016,.T.);
#12016 = CIRCLE('',#12017,0.500040599194);
#12017 = AXIS2_PLACEMENT_3D('',#12018,#12019,#12020);
#12018 = CARTESIAN_POINT('',(100.28291559785,-59.70418540104,0.));
#12019 = DIRECTION('',(0.,0.,1.));
#12020 = DIRECTION('',(-0.999999997321,-7.319195881466E-05,0.));
#12021 = CYLINDRICAL_SURFACE('',#12022,0.500040599194);
#12022 = AXIS2_PLACEMENT_3D('',#12023,#12024,#12025);
#12023 = CARTESIAN_POINT('',(100.28291559785,-59.70418540104,0.));
#12024 = DIRECTION('',(-0.,-0.,-1.));
#12025 = DIRECTION('',(-0.999999997321,-7.319195881466E-05,0.));
#12026 = ADVANCED_FACE('',(#12027),#12052,.T.);
#12027 = FACE_BOUND('',#12028,.T.);
#12028 = EDGE_LOOP('',(#12029,#12030,#12038,#12046));
#12029 = ORIENTED_EDGE('',*,*,#12007,.T.);
#12030 = ORIENTED_EDGE('',*,*,#12031,.T.);
#12031 = EDGE_CURVE('',#11999,#12032,#12034,.T.);
#12032 = VERTEX_POINT('',#12033);
#12033 = CARTESIAN_POINT('',(101.791166,-60.204226,0.21));
#12034 = LINE('',#12035,#12036);
#12035 = CARTESIAN_POINT('',(100.2829,-60.204226,0.21));
#12036 = VECTOR('',#12037,1.);
#12037 = DIRECTION('',(1.,0.,0.));
#12038 = ORIENTED_EDGE('',*,*,#12039,.F.);
#12039 = EDGE_CURVE('',#12040,#12032,#12042,.T.);
#12040 = VERTEX_POINT('',#12041);
#12041 = CARTESIAN_POINT('',(101.791166,-60.204226,0.));
#12042 = LINE('',#12043,#12044);
#12043 = CARTESIAN_POINT('',(101.791166,-60.204226,0.));
#12044 = VECTOR('',#12045,1.);
#12045 = DIRECTION('',(0.,0.,1.));
#12046 = ORIENTED_EDGE('',*,*,#12047,.F.);
#12047 = EDGE_CURVE('',#12008,#12040,#12048,.T.);
#12048 = LINE('',#12049,#12050);
#12049 = CARTESIAN_POINT('',(100.2829,-60.204226,0.));
#12050 = VECTOR('',#12051,1.);
#12051 = DIRECTION('',(1.,0.,0.));
#12052 = PLANE('',#12053);
#12053 = AXIS2_PLACEMENT_3D('',#12054,#12055,#12056);
#12054 = CARTESIAN_POINT('',(100.2829,-60.204226,0.));
#12055 = DIRECTION('',(0.,1.,0.));
#12056 = DIRECTION('',(1.,0.,0.));
#12057 = ADVANCED_FACE('',(#12058),#12085,.F.);
#12058 = FACE_BOUND('',#12059,.T.);
#12059 = EDGE_LOOP('',(#12060,#12061,#12070,#12078));
#12060 = ORIENTED_EDGE('',*,*,#12039,.T.);
#12061 = ORIENTED_EDGE('',*,*,#12062,.T.);
#12062 = EDGE_CURVE('',#12032,#12063,#12065,.T.);
#12063 = VERTEX_POINT('',#12064);
#12064 = CARTESIAN_POINT('',(102.282875,-59.704222,0.21));
#12065 = CIRCLE('',#12066,0.500175327383);
#12066 = AXIS2_PLACEMENT_3D('',#12067,#12068,#12069);
#12067 = CARTESIAN_POINT('',(101.78269968254,-59.70412233115,0.21));
#12068 = DIRECTION('',(0.,0.,1.));
#12069 = DIRECTION('',(1.692669947713E-02,-0.99985673316,0.));
#12070 = ORIENTED_EDGE('',*,*,#12071,.F.);
#12071 = EDGE_CURVE('',#12072,#12063,#12074,.T.);
#12072 = VERTEX_POINT('',#12073);
#12073 = CARTESIAN_POINT('',(102.282875,-59.704222,0.));
#12074 = LINE('',#12075,#12076);
#12075 = CARTESIAN_POINT('',(102.282875,-59.704222,0.));
#12076 = VECTOR('',#12077,1.);
#12077 = DIRECTION('',(0.,0.,1.));
#12078 = ORIENTED_EDGE('',*,*,#12079,.F.);
#12079 = EDGE_CURVE('',#12040,#12072,#12080,.T.);
#12080 = CIRCLE('',#12081,0.500175327383);
#12081 = AXIS2_PLACEMENT_3D('',#12082,#12083,#12084);
#12082 = CARTESIAN_POINT('',(101.78269968254,-59.70412233115,0.));
#12083 = DIRECTION('',(0.,0.,1.));
#12084 = DIRECTION('',(1.692669947713E-02,-0.99985673316,0.));
#12085 = CYLINDRICAL_SURFACE('',#12086,0.500175327383);
#12086 = AXIS2_PLACEMENT_3D('',#12087,#12088,#12089);
#12087 = CARTESIAN_POINT('',(101.78269968254,-59.70412233115,0.));
#12088 = DIRECTION('',(-0.,-0.,-1.));
#12089 = DIRECTION('',(1.692669947713E-02,-0.99985673316,0.));
#12090 = ADVANCED_FACE('',(#12091),#12116,.T.);
#12091 = FACE_BOUND('',#12092,.T.);
#12092 = EDGE_LOOP('',(#12093,#12094,#12102,#12110));
#12093 = ORIENTED_EDGE('',*,*,#12071,.T.);
#12094 = ORIENTED_EDGE('',*,*,#12095,.T.);
#12095 = EDGE_CURVE('',#12063,#12096,#12098,.T.);
#12096 = VERTEX_POINT('',#12097);
#12097 = CARTESIAN_POINT('',(102.282875,-58.19964,0.21));
#12098 = LINE('',#12099,#12100);
#12099 = CARTESIAN_POINT('',(102.282875,-59.704222,0.21));
#12100 = VECTOR('',#12101,1.);
#12101 = DIRECTION('',(0.,1.,0.));
#12102 = ORIENTED_EDGE('',*,*,#12103,.F.);
#12103 = EDGE_CURVE('',#12104,#12096,#12106,.T.);
#12104 = VERTEX_POINT('',#12105);
#12105 = CARTESIAN_POINT('',(102.282875,-58.19964,0.));
#12106 = LINE('',#12107,#12108);
#12107 = CARTESIAN_POINT('',(102.282875,-58.19964,0.));
#12108 = VECTOR('',#12109,1.);
#12109 = DIRECTION('',(0.,0.,1.));
#12110 = ORIENTED_EDGE('',*,*,#12111,.F.);
#12111 = EDGE_CURVE('',#12072,#12104,#12112,.T.);
#12112 = LINE('',#12113,#12114);
#12113 = CARTESIAN_POINT('',(102.282875,-59.704222,0.));
#12114 = VECTOR('',#12115,1.);
#12115 = DIRECTION('',(0.,1.,0.));
#12116 = PLANE('',#12117);
#12117 = AXIS2_PLACEMENT_3D('',#12118,#12119,#12120);
#12118 = CARTESIAN_POINT('',(102.282875,-59.704222,0.));
#12119 = DIRECTION('',(-1.,0.,0.));
#12120 = DIRECTION('',(0.,1.,0.));
#12121 = ADVANCED_FACE('',(#12122),#12149,.F.);
#12122 = FACE_BOUND('',#12123,.T.);
#12123 = EDGE_LOOP('',(#12124,#12125,#12134,#12142));
#12124 = ORIENTED_EDGE('',*,*,#12103,.T.);
#12125 = ORIENTED_EDGE('',*,*,#12126,.T.);
#12126 = EDGE_CURVE('',#12096,#12127,#12129,.T.);
#12127 = VERTEX_POINT('',#12128);
#12128 = CARTESIAN_POINT('',(101.7829,-57.704226,0.21));
#12129 = CIRCLE('',#12130,0.499995474007);
#12130 = AXIS2_PLACEMENT_3D('',#12131,#12132,#12133);
#12131 = CARTESIAN_POINT('',(101.78290051652,-58.204221474,0.21));
#12132 = DIRECTION('',(0.,0.,1.));
#12133 = DIRECTION('',(0.999958018551,9.163030956716E-03,-0.));
#12134 = ORIENTED_EDGE('',*,*,#12135,.F.);
#12135 = EDGE_CURVE('',#12136,#12127,#12138,.T.);
#12136 = VERTEX_POINT('',#12137);
#12137 = CARTESIAN_POINT('',(101.7829,-57.704226,0.));
#12138 = LINE('',#12139,#12140);
#12139 = CARTESIAN_POINT('',(101.7829,-57.704226,0.));
#12140 = VECTOR('',#12141,1.);
#12141 = DIRECTION('',(0.,0.,1.));
#12142 = ORIENTED_EDGE('',*,*,#12143,.F.);
#12143 = EDGE_CURVE('',#12104,#12136,#12144,.T.);
#12144 = CIRCLE('',#12145,0.499995474007);
#12145 = AXIS2_PLACEMENT_3D('',#12146,#12147,#12148);
#12146 = CARTESIAN_POINT('',(101.78290051652,-58.204221474,0.));
#12147 = DIRECTION('',(0.,0.,1.));
#12148 = DIRECTION('',(0.999958018551,9.163030956716E-03,-0.));
#12149 = CYLINDRICAL_SURFACE('',#12150,0.499995474007);
#12150 = AXIS2_PLACEMENT_3D('',#12151,#12152,#12153);
#12151 = CARTESIAN_POINT('',(101.78290051652,-58.204221474,0.));
#12152 = DIRECTION('',(-0.,-0.,-1.));
#12153 = DIRECTION('',(0.999958018551,9.163030956716E-03,-0.));
#12154 = ADVANCED_FACE('',(#12155),#12171,.T.);
#12155 = FACE_BOUND('',#12156,.T.);
#12156 = EDGE_LOOP('',(#12157,#12158,#12164,#12165));
#12157 = ORIENTED_EDGE('',*,*,#12135,.T.);
#12158 = ORIENTED_EDGE('',*,*,#12159,.T.);
#12159 = EDGE_CURVE('',#12127,#11927,#12160,.T.);
#12160 = LINE('',#12161,#12162);
#12161 = CARTESIAN_POINT('',(101.7829,-57.704226,0.21));
#12162 = VECTOR('',#12163,1.);
#12163 = DIRECTION('',(-1.,0.,0.));
#12164 = ORIENTED_EDGE('',*,*,#11924,.F.);
#12165 = ORIENTED_EDGE('',*,*,#12166,.F.);
#12166 = EDGE_CURVE('',#12136,#11925,#12167,.T.);
#12167 = LINE('',#12168,#12169);
#12168 = CARTESIAN_POINT('',(101.7829,-57.704226,0.));
#12169 = VECTOR('',#12170,1.);
#12170 = DIRECTION('',(-1.,0.,0.));
#12171 = PLANE('',#12172);
#12172 = AXIS2_PLACEMENT_3D('',#12173,#12174,#12175);
#12173 = CARTESIAN_POINT('',(101.7829,-57.704226,0.));
#12174 = DIRECTION('',(0.,-1.,0.));
#12175 = DIRECTION('',(-1.,0.,0.));
#12176 = ADVANCED_FACE('',(#12177),#12204,.F.);
#12177 = FACE_BOUND('',#12178,.T.);
#12178 = EDGE_LOOP('',(#12179,#12189,#12196,#12197));
#12179 = ORIENTED_EDGE('',*,*,#12180,.T.);
#12180 = EDGE_CURVE('',#12181,#12183,#12185,.T.);
#12181 = VERTEX_POINT('',#12182);
#12182 = CARTESIAN_POINT('',(111.774997,-58.235999,0.));
#12183 = VERTEX_POINT('',#12184);
#12184 = CARTESIAN_POINT('',(111.774997,-58.235999,0.21));
#12185 = LINE('',#12186,#12187);
#12186 = CARTESIAN_POINT('',(111.774997,-58.235999,0.));
#12187 = VECTOR('',#12188,1.);
#12188 = DIRECTION('',(0.,0.,1.));
#12189 = ORIENTED_EDGE('',*,*,#12190,.T.);
#12190 = EDGE_CURVE('',#12183,#12183,#12191,.T.);
#12191 = CIRCLE('',#12192,1.2);
#12192 = AXIS2_PLACEMENT_3D('',#12193,#12194,#12195);
#12193 = CARTESIAN_POINT('',(110.574997,-58.235999,0.21));
#12194 = DIRECTION('',(0.,0.,1.));
#12195 = DIRECTION('',(1.,0.,-0.));
#12196 = ORIENTED_EDGE('',*,*,#12180,.F.);
#12197 = ORIENTED_EDGE('',*,*,#12198,.F.);
#12198 = EDGE_CURVE('',#12181,#12181,#12199,.T.);
#12199 = CIRCLE('',#12200,1.2);
#12200 = AXIS2_PLACEMENT_3D('',#12201,#12202,#12203);
#12201 = CARTESIAN_POINT('',(110.574997,-58.235999,0.));
#12202 = DIRECTION('',(0.,0.,1.));
#12203 = DIRECTION('',(1.,0.,-0.));
#12204 = CYLINDRICAL_SURFACE('',#12205,1.2);
#12205 = AXIS2_PLACEMENT_3D('',#12206,#12207,#12208);
#12206 = CARTESIAN_POINT('',(110.574997,-58.235999,0.));
#12207 = DIRECTION('',(-0.,-0.,-1.));
#12208 = DIRECTION('',(1.,0.,-0.));
#12209 = ADVANCED_FACE('',(#12210),#12246,.F.);
#12210 = FACE_BOUND('',#12211,.T.);
#12211 = EDGE_LOOP('',(#12212,#12222,#12231,#12239));
#12212 = ORIENTED_EDGE('',*,*,#12213,.T.);
#12213 = EDGE_CURVE('',#12214,#12216,#12218,.T.);
#12214 = VERTEX_POINT('',#12215);
#12215 = CARTESIAN_POINT('',(95.877515,-52.704226,0.));
#12216 = VERTEX_POINT('',#12217);
#12217 = CARTESIAN_POINT('',(95.877515,-52.704226,0.21));
#12218 = LINE('',#12219,#12220);
#12219 = CARTESIAN_POINT('',(95.877515,-52.704226,0.));
#12220 = VECTOR('',#12221,1.);
#12221 = DIRECTION('',(0.,0.,1.));
#12222 = ORIENTED_EDGE('',*,*,#12223,.T.);
#12223 = EDGE_CURVE('',#12216,#12224,#12226,.T.);
#12224 = VERTEX_POINT('',#12225);
#12225 = CARTESIAN_POINT('',(95.382875,-53.204222,0.21));
#12226 = CIRCLE('',#12227,0.500024792968);
#12227 = AXIS2_PLACEMENT_3D('',#12228,#12229,#12230);
#12228 = CARTESIAN_POINT('',(95.882899792968,-53.20422179757,0.21));
#12229 = DIRECTION('',(0.,0.,1.));
#12230 = DIRECTION('',(-1.076905194257E-02,0.999942012079,0.));
#12231 = ORIENTED_EDGE('',*,*,#12232,.F.);
#12232 = EDGE_CURVE('',#12233,#12224,#12235,.T.);
#12233 = VERTEX_POINT('',#12234);
#12234 = CARTESIAN_POINT('',(95.382875,-53.204222,0.));
#12235 = LINE('',#12236,#12237);
#12236 = CARTESIAN_POINT('',(95.382875,-53.204222,0.));
#12237 = VECTOR('',#12238,1.);
#12238 = DIRECTION('',(0.,0.,1.));
#12239 = ORIENTED_EDGE('',*,*,#12240,.F.);
#12240 = EDGE_CURVE('',#12214,#12233,#12241,.T.);
#12241 = CIRCLE('',#12242,0.500024792968);
#12242 = AXIS2_PLACEMENT_3D('',#12243,#12244,#12245);
#12243 = CARTESIAN_POINT('',(95.882899792968,-53.20422179757,0.));
#12244 = DIRECTION('',(0.,0.,1.));
#12245 = DIRECTION('',(-1.076905194257E-02,0.999942012079,0.));
#12246 = CYLINDRICAL_SURFACE('',#12247,0.500024792968);
#12247 = AXIS2_PLACEMENT_3D('',#12248,#12249,#12250);
#12248 = CARTESIAN_POINT('',(95.882899792968,-53.20422179757,0.));
#12249 = DIRECTION('',(-0.,-0.,-1.));
#12250 = DIRECTION('',(-1.076905194257E-02,0.999942012079,0.));
#12251 = ADVANCED_FACE('',(#12252),#12277,.T.);
#12252 = FACE_BOUND('',#12253,.T.);
#12253 = EDGE_LOOP('',(#12254,#12255,#12263,#12271));
#12254 = ORIENTED_EDGE('',*,*,#12232,.T.);
#12255 = ORIENTED_EDGE('',*,*,#12256,.T.);
#12256 = EDGE_CURVE('',#12224,#12257,#12259,.T.);
#12257 = VERTEX_POINT('',#12258);
#12258 = CARTESIAN_POINT('',(95.382896,-54.704222,0.21));
#12259 = LINE('',#12260,#12261);
#12260 = CARTESIAN_POINT('',(95.382875,-53.204222,0.21));
#12261 = VECTOR('',#12262,1.);
#12262 = DIRECTION('',(1.400000000118E-05,-0.999999999902,0.));
#12263 = ORIENTED_EDGE('',*,*,#12264,.F.);
#12264 = EDGE_CURVE('',#12265,#12257,#12267,.T.);
#12265 = VERTEX_POINT('',#12266);
#12266 = CARTESIAN_POINT('',(95.382896,-54.704222,0.));
#12267 = LINE('',#12268,#12269);
#12268 = CARTESIAN_POINT('',(95.382896,-54.704222,0.));
#12269 = VECTOR('',#12270,1.);
#12270 = DIRECTION('',(0.,0.,1.));
#12271 = ORIENTED_EDGE('',*,*,#12272,.F.);
#12272 = EDGE_CURVE('',#12233,#12265,#12273,.T.);
#12273 = LINE('',#12274,#12275);
#12274 = CARTESIAN_POINT('',(95.382875,-53.204222,0.));
#12275 = VECTOR('',#12276,1.);
#12276 = DIRECTION('',(1.400000000118E-05,-0.999999999902,0.));
#12277 = PLANE('',#12278);
#12278 = AXIS2_PLACEMENT_3D('',#12279,#12280,#12281);
#12279 = CARTESIAN_POINT('',(95.382875,-53.204222,0.));
#12280 = DIRECTION('',(0.999999999902,1.400000000118E-05,-0.));
#12281 = DIRECTION('',(1.400000000118E-05,-0.999999999902,0.));
#12282 = ADVANCED_FACE('',(#12283),#12310,.F.);
#12283 = FACE_BOUND('',#12284,.T.);
#12284 = EDGE_LOOP('',(#12285,#12286,#12295,#12303));
#12285 = ORIENTED_EDGE('',*,*,#12264,.T.);
#12286 = ORIENTED_EDGE('',*,*,#12287,.T.);
#12287 = EDGE_CURVE('',#12257,#12288,#12290,.T.);
#12288 = VERTEX_POINT('',#12289);
#12289 = CARTESIAN_POINT('',(95.8829,-55.204226,0.21));
#12290 = CIRCLE('',#12291,0.500004747784);
#12291 = AXIS2_PLACEMENT_3D('',#12292,#12293,#12294);
#12292 = CARTESIAN_POINT('',(95.882900747784,-54.70422125221,0.21));
#12293 = DIRECTION('',(0.,0.,1.));
#12294 = DIRECTION('',(-0.999999999999,-1.495553301601E-06,0.));
#12295 = ORIENTED_EDGE('',*,*,#12296,.F.);
#12296 = EDGE_CURVE('',#12297,#12288,#12299,.T.);
#12297 = VERTEX_POINT('',#12298);
#12298 = CARTESIAN_POINT('',(95.8829,-55.204226,0.));
#12299 = LINE('',#12300,#12301);
#12300 = CARTESIAN_POINT('',(95.8829,-55.204226,0.));
#12301 = VECTOR('',#12302,1.);
#12302 = DIRECTION('',(0.,0.,1.));
#12303 = ORIENTED_EDGE('',*,*,#12304,.F.);
#12304 = EDGE_CURVE('',#12265,#12297,#12305,.T.);
#12305 = CIRCLE('',#12306,0.500004747784);
#12306 = AXIS2_PLACEMENT_3D('',#12307,#12308,#12309);
#12307 = CARTESIAN_POINT('',(95.882900747784,-54.70422125221,0.));
#12308 = DIRECTION('',(0.,0.,1.));
#12309 = DIRECTION('',(-0.999999999999,-1.495553301601E-06,0.));
#12310 = CYLINDRICAL_SURFACE('',#12311,0.500004747784);
#12311 = AXIS2_PLACEMENT_3D('',#12312,#12313,#12314);
#12312 = CARTESIAN_POINT('',(95.882900747784,-54.70422125221,0.));
#12313 = DIRECTION('',(-0.,-0.,-1.));
#12314 = DIRECTION('',(-0.999999999999,-1.495553301601E-06,0.));
#12315 = ADVANCED_FACE('',(#12316),#12341,.T.);
#12316 = FACE_BOUND('',#12317,.T.);
#12317 = EDGE_LOOP('',(#12318,#12319,#12327,#12335));
#12318 = ORIENTED_EDGE('',*,*,#12296,.T.);
#12319 = ORIENTED_EDGE('',*,*,#12320,.T.);
#12320 = EDGE_CURVE('',#12288,#12321,#12323,.T.);
#12321 = VERTEX_POINT('',#12322);
#12322 = CARTESIAN_POINT('',(97.391166,-55.204226,0.21));
#12323 = LINE('',#12324,#12325);
#12324 = CARTESIAN_POINT('',(95.8829,-55.204226,0.21));
#12325 = VECTOR('',#12326,1.);
#12326 = DIRECTION('',(1.,0.,0.));
#12327 = ORIENTED_EDGE('',*,*,#12328,.F.);
#12328 = EDGE_CURVE('',#12329,#12321,#12331,.T.);
#12329 = VERTEX_POINT('',#12330);
#12330 = CARTESIAN_POINT('',(97.391166,-55.204226,0.));
#12331 = LINE('',#12332,#12333);
#12332 = CARTESIAN_POINT('',(97.391166,-55.204226,0.));
#12333 = VECTOR('',#12334,1.);
#12334 = DIRECTION('',(0.,0.,1.));
#12335 = ORIENTED_EDGE('',*,*,#12336,.F.);
#12336 = EDGE_CURVE('',#12297,#12329,#12337,.T.);
#12337 = LINE('',#12338,#12339);
#12338 = CARTESIAN_POINT('',(95.8829,-55.204226,0.));
#12339 = VECTOR('',#12340,1.);
#12340 = DIRECTION('',(1.,0.,0.));
#12341 = PLANE('',#12342);
#12342 = AXIS2_PLACEMENT_3D('',#12343,#12344,#12345);
#12343 = CARTESIAN_POINT('',(95.8829,-55.204226,0.));
#12344 = DIRECTION('',(0.,1.,0.));
#12345 = DIRECTION('',(1.,0.,0.));
#12346 = ADVANCED_FACE('',(#12347),#12374,.F.);
#12347 = FACE_BOUND('',#12348,.T.);
#12348 = EDGE_LOOP('',(#12349,#12350,#12359,#12367));
#12349 = ORIENTED_EDGE('',*,*,#12328,.T.);
#12350 = ORIENTED_EDGE('',*,*,#12351,.T.);
#12351 = EDGE_CURVE('',#12321,#12352,#12354,.T.);
#12352 = VERTEX_POINT('',#12353);
#12353 = CARTESIAN_POINT('',(97.882875,-54.704222,0.21));
#12354 = CIRCLE('',#12355,0.500175327383);
#12355 = AXIS2_PLACEMENT_3D('',#12356,#12357,#12358);
#12356 = CARTESIAN_POINT('',(97.382699682548,-54.70412233115,0.21));
#12357 = DIRECTION('',(0.,0.,1.));
#12358 = DIRECTION('',(1.692669947713E-02,-0.99985673316,0.));
#12359 = ORIENTED_EDGE('',*,*,#12360,.F.);
#12360 = EDGE_CURVE('',#12361,#12352,#12363,.T.);
#12361 = VERTEX_POINT('',#12362);
#12362 = CARTESIAN_POINT('',(97.882875,-54.704222,0.));
#12363 = LINE('',#12364,#12365);
#12364 = CARTESIAN_POINT('',(97.882875,-54.704222,0.));
#12365 = VECTOR('',#12366,1.);
#12366 = DIRECTION('',(0.,0.,1.));
#12367 = ORIENTED_EDGE('',*,*,#12368,.F.);
#12368 = EDGE_CURVE('',#12329,#12361,#12369,.T.);
#12369 = CIRCLE('',#12370,0.500175327383);
#12370 = AXIS2_PLACEMENT_3D('',#12371,#12372,#12373);
#12371 = CARTESIAN_POINT('',(97.382699682548,-54.70412233115,0.));
#12372 = DIRECTION('',(0.,0.,1.));
#12373 = DIRECTION('',(1.692669947713E-02,-0.99985673316,0.));
#12374 = CYLINDRICAL_SURFACE('',#12375,0.500175327383);
#12375 = AXIS2_PLACEMENT_3D('',#12376,#12377,#12378);
#12376 = CARTESIAN_POINT('',(97.382699682548,-54.70412233115,0.));
#12377 = DIRECTION('',(-0.,-0.,-1.));
#12378 = DIRECTION('',(1.692669947713E-02,-0.99985673316,0.));
#12379 = ADVANCED_FACE('',(#12380),#12405,.T.);
#12380 = FACE_BOUND('',#12381,.T.);
#12381 = EDGE_LOOP('',(#12382,#12383,#12391,#12399));
#12382 = ORIENTED_EDGE('',*,*,#12360,.T.);
#12383 = ORIENTED_EDGE('',*,*,#12384,.T.);
#12384 = EDGE_CURVE('',#12352,#12385,#12387,.T.);
#12385 = VERTEX_POINT('',#12386);
#12386 = CARTESIAN_POINT('',(97.882875,-53.19964,0.21));
#12387 = LINE('',#12388,#12389);
#12388 = CARTESIAN_POINT('',(97.882875,-54.704222,0.21));
#12389 = VECTOR('',#12390,1.);
#12390 = DIRECTION('',(0.,1.,0.));
#12391 = ORIENTED_EDGE('',*,*,#12392,.F.);
#12392 = EDGE_CURVE('',#12393,#12385,#12395,.T.);
#12393 = VERTEX_POINT('',#12394);
#12394 = CARTESIAN_POINT('',(97.882875,-53.19964,0.));
#12395 = LINE('',#12396,#12397);
#12396 = CARTESIAN_POINT('',(97.882875,-53.19964,0.));
#12397 = VECTOR('',#12398,1.);
#12398 = DIRECTION('',(0.,0.,1.));
#12399 = ORIENTED_EDGE('',*,*,#12400,.F.);
#12400 = EDGE_CURVE('',#12361,#12393,#12401,.T.);
#12401 = LINE('',#12402,#12403);
#12402 = CARTESIAN_POINT('',(97.882875,-54.704222,0.));
#12403 = VECTOR('',#12404,1.);
#12404 = DIRECTION('',(0.,1.,0.));
#12405 = PLANE('',#12406);
#12406 = AXIS2_PLACEMENT_3D('',#12407,#12408,#12409);
#12407 = CARTESIAN_POINT('',(97.882875,-54.704222,0.));
#12408 = DIRECTION('',(-1.,0.,0.));
#12409 = DIRECTION('',(0.,1.,0.));
#12410 = ADVANCED_FACE('',(#12411),#12438,.F.);
#12411 = FACE_BOUND('',#12412,.T.);
#12412 = EDGE_LOOP('',(#12413,#12414,#12423,#12431));
#12413 = ORIENTED_EDGE('',*,*,#12392,.T.);
#12414 = ORIENTED_EDGE('',*,*,#12415,.T.);
#12415 = EDGE_CURVE('',#12385,#12416,#12418,.T.);
#12416 = VERTEX_POINT('',#12417);
#12417 = CARTESIAN_POINT('',(97.3829,-52.704226,0.21));
#12418 = CIRCLE('',#12419,0.499995474007);
#12419 = AXIS2_PLACEMENT_3D('',#12420,#12421,#12422);
#12420 = CARTESIAN_POINT('',(97.382900516528,-53.204221474,0.21));
#12421 = DIRECTION('',(0.,0.,1.));
#12422 = DIRECTION('',(0.999958018551,9.163030956716E-03,-0.));
#12423 = ORIENTED_EDGE('',*,*,#12424,.F.);
#12424 = EDGE_CURVE('',#12425,#12416,#12427,.T.);
#12425 = VERTEX_POINT('',#12426);
#12426 = CARTESIAN_POINT('',(97.3829,-52.704226,0.));
#12427 = LINE('',#12428,#12429);
#12428 = CARTESIAN_POINT('',(97.3829,-52.704226,0.));
#12429 = VECTOR('',#12430,1.);
#12430 = DIRECTION('',(0.,0.,1.));
#12431 = ORIENTED_EDGE('',*,*,#12432,.F.);
#12432 = EDGE_CURVE('',#12393,#12425,#12433,.T.);
#12433 = CIRCLE('',#12434,0.499995474007);
#12434 = AXIS2_PLACEMENT_3D('',#12435,#12436,#12437);
#12435 = CARTESIAN_POINT('',(97.382900516528,-53.204221474,0.));
#12436 = DIRECTION('',(0.,0.,1.));
#12437 = DIRECTION('',(0.999958018551,9.163030956716E-03,-0.));
#12438 = CYLINDRICAL_SURFACE('',#12439,0.499995474007);
#12439 = AXIS2_PLACEMENT_3D('',#12440,#12441,#12442);
#12440 = CARTESIAN_POINT('',(97.382900516528,-53.204221474,0.));
#12441 = DIRECTION('',(-0.,-0.,-1.));
#12442 = DIRECTION('',(0.999958018551,9.163030956716E-03,-0.));
#12443 = ADVANCED_FACE('',(#12444),#12460,.T.);
#12444 = FACE_BOUND('',#12445,.T.);
#12445 = EDGE_LOOP('',(#12446,#12447,#12453,#12454));
#12446 = ORIENTED_EDGE('',*,*,#12424,.T.);
#12447 = ORIENTED_EDGE('',*,*,#12448,.T.);
#12448 = EDGE_CURVE('',#12416,#12216,#12449,.T.);
#12449 = LINE('',#12450,#12451);
#12450 = CARTESIAN_POINT('',(97.3829,-52.704226,0.21));
#12451 = VECTOR('',#12452,1.);
#12452 = DIRECTION('',(-1.,0.,0.));
#12453 = ORIENTED_EDGE('',*,*,#12213,.F.);
#12454 = ORIENTED_EDGE('',*,*,#12455,.F.);
#12455 = EDGE_CURVE('',#12425,#12214,#12456,.T.);
#12456 = LINE('',#12457,#12458);
#12457 = CARTESIAN_POINT('',(97.3829,-52.704226,0.));
#12458 = VECTOR('',#12459,1.);
#12459 = DIRECTION('',(-1.,0.,0.));
#12460 = PLANE('',#12461);
#12461 = AXIS2_PLACEMENT_3D('',#12462,#12463,#12464);
#12462 = CARTESIAN_POINT('',(97.3829,-52.704226,0.));
#12463 = DIRECTION('',(0.,-1.,0.));
#12464 = DIRECTION('',(-1.,0.,0.));
#12465 = ADVANCED_FACE('',(#12466),#12502,.F.);
#12466 = FACE_BOUND('',#12467,.T.);
#12467 = EDGE_LOOP('',(#12468,#12478,#12487,#12495));
#12468 = ORIENTED_EDGE('',*,*,#12469,.T.);
#12469 = EDGE_CURVE('',#12470,#12472,#12474,.T.);
#12470 = VERTEX_POINT('',#12471);
#12471 = CARTESIAN_POINT('',(104.677515,-52.704226,0.));
#12472 = VERTEX_POINT('',#12473);
#12473 = CARTESIAN_POINT('',(104.677515,-52.704226,0.21));
#12474 = LINE('',#12475,#12476);
#12475 = CARTESIAN_POINT('',(104.677515,-52.704226,0.));
#12476 = VECTOR('',#12477,1.);
#12477 = DIRECTION('',(0.,0.,1.));
#12478 = ORIENTED_EDGE('',*,*,#12479,.T.);
#12479 = EDGE_CURVE('',#12472,#12480,#12482,.T.);
#12480 = VERTEX_POINT('',#12481);
#12481 = CARTESIAN_POINT('',(104.182875,-53.204222,0.21));
#12482 = CIRCLE('',#12483,0.500024792968);
#12483 = AXIS2_PLACEMENT_3D('',#12484,#12485,#12486);
#12484 = CARTESIAN_POINT('',(104.68289979296,-53.20422179757,0.21));
#12485 = DIRECTION('',(0.,0.,1.));
#12486 = DIRECTION('',(-1.076905194262E-02,0.999942012079,0.));
#12487 = ORIENTED_EDGE('',*,*,#12488,.F.);
#12488 = EDGE_CURVE('',#12489,#12480,#12491,.T.);
#12489 = VERTEX_POINT('',#12490);
#12490 = CARTESIAN_POINT('',(104.182875,-53.204222,0.));
#12491 = LINE('',#12492,#12493);
#12492 = CARTESIAN_POINT('',(104.182875,-53.204222,0.));
#12493 = VECTOR('',#12494,1.);
#12494 = DIRECTION('',(0.,0.,1.));
#12495 = ORIENTED_EDGE('',*,*,#12496,.F.);
#12496 = EDGE_CURVE('',#12470,#12489,#12497,.T.);
#12497 = CIRCLE('',#12498,0.500024792968);
#12498 = AXIS2_PLACEMENT_3D('',#12499,#12500,#12501);
#12499 = CARTESIAN_POINT('',(104.68289979296,-53.20422179757,0.));
#12500 = DIRECTION('',(0.,0.,1.));
#12501 = DIRECTION('',(-1.076905194262E-02,0.999942012079,0.));
#12502 = CYLINDRICAL_SURFACE('',#12503,0.500024792968);
#12503 = AXIS2_PLACEMENT_3D('',#12504,#12505,#12506);
#12504 = CARTESIAN_POINT('',(104.68289979296,-53.20422179757,0.));
#12505 = DIRECTION('',(-0.,-0.,-1.));
#12506 = DIRECTION('',(-1.076905194262E-02,0.999942012079,0.));
#12507 = ADVANCED_FACE('',(#12508),#12533,.T.);
#12508 = FACE_BOUND('',#12509,.T.);
#12509 = EDGE_LOOP('',(#12510,#12511,#12519,#12527));
#12510 = ORIENTED_EDGE('',*,*,#12488,.T.);
#12511 = ORIENTED_EDGE('',*,*,#12512,.T.);
#12512 = EDGE_CURVE('',#12480,#12513,#12515,.T.);
#12513 = VERTEX_POINT('',#12514);
#12514 = CARTESIAN_POINT('',(104.182896,-54.704222,0.21));
#12515 = LINE('',#12516,#12517);
#12516 = CARTESIAN_POINT('',(104.182875,-53.204222,0.21));
#12517 = VECTOR('',#12518,1.);
#12518 = DIRECTION('',(1.400000000118E-05,-0.999999999902,0.));
#12519 = ORIENTED_EDGE('',*,*,#12520,.F.);
#12520 = EDGE_CURVE('',#12521,#12513,#12523,.T.);
#12521 = VERTEX_POINT('',#12522);
#12522 = CARTESIAN_POINT('',(104.182896,-54.704222,0.));
#12523 = LINE('',#12524,#12525);
#12524 = CARTESIAN_POINT('',(104.182896,-54.704222,0.));
#12525 = VECTOR('',#12526,1.);
#12526 = DIRECTION('',(0.,0.,1.));
#12527 = ORIENTED_EDGE('',*,*,#12528,.F.);
#12528 = EDGE_CURVE('',#12489,#12521,#12529,.T.);
#12529 = LINE('',#12530,#12531);
#12530 = CARTESIAN_POINT('',(104.182875,-53.204222,0.));
#12531 = VECTOR('',#12532,1.);
#12532 = DIRECTION('',(1.400000000118E-05,-0.999999999902,0.));
#12533 = PLANE('',#12534);
#12534 = AXIS2_PLACEMENT_3D('',#12535,#12536,#12537);
#12535 = CARTESIAN_POINT('',(104.182875,-53.204222,0.));
#12536 = DIRECTION('',(0.999999999902,1.400000000118E-05,-0.));
#12537 = DIRECTION('',(1.400000000118E-05,-0.999999999902,0.));
#12538 = ADVANCED_FACE('',(#12539),#12566,.F.);
#12539 = FACE_BOUND('',#12540,.T.);
#12540 = EDGE_LOOP('',(#12541,#12542,#12551,#12559));
#12541 = ORIENTED_EDGE('',*,*,#12520,.T.);
#12542 = ORIENTED_EDGE('',*,*,#12543,.T.);
#12543 = EDGE_CURVE('',#12513,#12544,#12546,.T.);
#12544 = VERTEX_POINT('',#12545);
#12545 = CARTESIAN_POINT('',(104.6829,-55.204226,0.21));
#12546 = CIRCLE('',#12547,0.500004747784);
#12547 = AXIS2_PLACEMENT_3D('',#12548,#12549,#12550);
#12548 = CARTESIAN_POINT('',(104.68290074778,-54.70422125221,0.21));
#12549 = DIRECTION('',(0.,0.,1.));
#12550 = DIRECTION('',(-0.999999999999,-1.495553344233E-06,0.));
#12551 = ORIENTED_EDGE('',*,*,#12552,.F.);
#12552 = EDGE_CURVE('',#12553,#12544,#12555,.T.);
#12553 = VERTEX_POINT('',#12554);
#12554 = CARTESIAN_POINT('',(104.6829,-55.204226,0.));
#12555 = LINE('',#12556,#12557);
#12556 = CARTESIAN_POINT('',(104.6829,-55.204226,0.));
#12557 = VECTOR('',#12558,1.);
#12558 = DIRECTION('',(0.,0.,1.));
#12559 = ORIENTED_EDGE('',*,*,#12560,.F.);
#12560 = EDGE_CURVE('',#12521,#12553,#12561,.T.);
#12561 = CIRCLE('',#12562,0.500004747784);
#12562 = AXIS2_PLACEMENT_3D('',#12563,#12564,#12565);
#12563 = CARTESIAN_POINT('',(104.68290074778,-54.70422125221,0.));
#12564 = DIRECTION('',(0.,0.,1.));
#12565 = DIRECTION('',(-0.999999999999,-1.495553344233E-06,0.));
#12566 = CYLINDRICAL_SURFACE('',#12567,0.500004747784);
#12567 = AXIS2_PLACEMENT_3D('',#12568,#12569,#12570);
#12568 = CARTESIAN_POINT('',(104.68290074778,-54.70422125221,0.));
#12569 = DIRECTION('',(-0.,-0.,-1.));
#12570 = DIRECTION('',(-0.999999999999,-1.495553344233E-06,0.));
#12571 = ADVANCED_FACE('',(#12572),#12597,.T.);
#12572 = FACE_BOUND('',#12573,.T.);
#12573 = EDGE_LOOP('',(#12574,#12575,#12583,#12591));
#12574 = ORIENTED_EDGE('',*,*,#12552,.T.);
#12575 = ORIENTED_EDGE('',*,*,#12576,.T.);
#12576 = EDGE_CURVE('',#12544,#12577,#12579,.T.);
#12577 = VERTEX_POINT('',#12578);
#12578 = CARTESIAN_POINT('',(106.191166,-55.204226,0.21));
#12579 = LINE('',#12580,#12581);
#12580 = CARTESIAN_POINT('',(104.6829,-55.204226,0.21));
#12581 = VECTOR('',#12582,1.);
#12582 = DIRECTION('',(1.,0.,0.));
#12583 = ORIENTED_EDGE('',*,*,#12584,.F.);
#12584 = EDGE_CURVE('',#12585,#12577,#12587,.T.);
#12585 = VERTEX_POINT('',#12586);
#12586 = CARTESIAN_POINT('',(106.191166,-55.204226,0.));
#12587 = LINE('',#12588,#12589);
#12588 = CARTESIAN_POINT('',(106.191166,-55.204226,0.));
#12589 = VECTOR('',#12590,1.);
#12590 = DIRECTION('',(0.,0.,1.));
#12591 = ORIENTED_EDGE('',*,*,#12592,.F.);
#12592 = EDGE_CURVE('',#12553,#12585,#12593,.T.);
#12593 = LINE('',#12594,#12595);
#12594 = CARTESIAN_POINT('',(104.6829,-55.204226,0.));
#12595 = VECTOR('',#12596,1.);
#12596 = DIRECTION('',(1.,0.,0.));
#12597 = PLANE('',#12598);
#12598 = AXIS2_PLACEMENT_3D('',#12599,#12600,#12601);
#12599 = CARTESIAN_POINT('',(104.6829,-55.204226,0.));
#12600 = DIRECTION('',(0.,1.,0.));
#12601 = DIRECTION('',(1.,0.,0.));
#12602 = ADVANCED_FACE('',(#12603),#12630,.F.);
#12603 = FACE_BOUND('',#12604,.T.);
#12604 = EDGE_LOOP('',(#12605,#12606,#12615,#12623));
#12605 = ORIENTED_EDGE('',*,*,#12584,.T.);
#12606 = ORIENTED_EDGE('',*,*,#12607,.T.);
#12607 = EDGE_CURVE('',#12577,#12608,#12610,.T.);
#12608 = VERTEX_POINT('',#12609);
#12609 = CARTESIAN_POINT('',(106.682875,-54.704222,0.21));
#12610 = CIRCLE('',#12611,0.500175327383);
#12611 = AXIS2_PLACEMENT_3D('',#12612,#12613,#12614);
#12612 = CARTESIAN_POINT('',(106.18269968254,-54.70412233115,0.21));
#12613 = DIRECTION('',(0.,0.,1.));
#12614 = DIRECTION('',(1.692669947716E-02,-0.99985673316,0.));
#12615 = ORIENTED_EDGE('',*,*,#12616,.F.);
#12616 = EDGE_CURVE('',#12617,#12608,#12619,.T.);
#12617 = VERTEX_POINT('',#12618);
#12618 = CARTESIAN_POINT('',(106.682875,-54.704222,0.));
#12619 = LINE('',#12620,#12621);
#12620 = CARTESIAN_POINT('',(106.682875,-54.704222,0.));
#12621 = VECTOR('',#12622,1.);
#12622 = DIRECTION('',(0.,0.,1.));
#12623 = ORIENTED_EDGE('',*,*,#12624,.F.);
#12624 = EDGE_CURVE('',#12585,#12617,#12625,.T.);
#12625 = CIRCLE('',#12626,0.500175327383);
#12626 = AXIS2_PLACEMENT_3D('',#12627,#12628,#12629);
#12627 = CARTESIAN_POINT('',(106.18269968254,-54.70412233115,0.));
#12628 = DIRECTION('',(0.,0.,1.));
#12629 = DIRECTION('',(1.692669947716E-02,-0.99985673316,0.));
#12630 = CYLINDRICAL_SURFACE('',#12631,0.500175327383);
#12631 = AXIS2_PLACEMENT_3D('',#12632,#12633,#12634);
#12632 = CARTESIAN_POINT('',(106.18269968254,-54.70412233115,0.));
#12633 = DIRECTION('',(-0.,-0.,-1.));
#12634 = DIRECTION('',(1.692669947716E-02,-0.99985673316,0.));
#12635 = ADVANCED_FACE('',(#12636),#12661,.T.);
#12636 = FACE_BOUND('',#12637,.T.);
#12637 = EDGE_LOOP('',(#12638,#12639,#12647,#12655));
#12638 = ORIENTED_EDGE('',*,*,#12616,.T.);
#12639 = ORIENTED_EDGE('',*,*,#12640,.T.);
#12640 = EDGE_CURVE('',#12608,#12641,#12643,.T.);
#12641 = VERTEX_POINT('',#12642);
#12642 = CARTESIAN_POINT('',(106.682875,-53.19964,0.21));
#12643 = LINE('',#12644,#12645);
#12644 = CARTESIAN_POINT('',(106.682875,-54.704222,0.21));
#12645 = VECTOR('',#12646,1.);
#12646 = DIRECTION('',(0.,1.,0.));
#12647 = ORIENTED_EDGE('',*,*,#12648,.F.);
#12648 = EDGE_CURVE('',#12649,#12641,#12651,.T.);
#12649 = VERTEX_POINT('',#12650);
#12650 = CARTESIAN_POINT('',(106.682875,-53.19964,0.));
#12651 = LINE('',#12652,#12653);
#12652 = CARTESIAN_POINT('',(106.682875,-53.19964,0.));
#12653 = VECTOR('',#12654,1.);
#12654 = DIRECTION('',(0.,0.,1.));
#12655 = ORIENTED_EDGE('',*,*,#12656,.F.);
#12656 = EDGE_CURVE('',#12617,#12649,#12657,.T.);
#12657 = LINE('',#12658,#12659);
#12658 = CARTESIAN_POINT('',(106.682875,-54.704222,0.));
#12659 = VECTOR('',#12660,1.);
#12660 = DIRECTION('',(0.,1.,0.));
#12661 = PLANE('',#12662);
#12662 = AXIS2_PLACEMENT_3D('',#12663,#12664,#12665);
#12663 = CARTESIAN_POINT('',(106.682875,-54.704222,0.));
#12664 = DIRECTION('',(-1.,0.,0.));
#12665 = DIRECTION('',(0.,1.,0.));
#12666 = ADVANCED_FACE('',(#12667),#12694,.F.);
#12667 = FACE_BOUND('',#12668,.T.);
#12668 = EDGE_LOOP('',(#12669,#12670,#12679,#12687));
#12669 = ORIENTED_EDGE('',*,*,#12648,.T.);
#12670 = ORIENTED_EDGE('',*,*,#12671,.T.);
#12671 = EDGE_CURVE('',#12641,#12672,#12674,.T.);
#12672 = VERTEX_POINT('',#12673);
#12673 = CARTESIAN_POINT('',(106.1829,-52.704226,0.21));
#12674 = CIRCLE('',#12675,0.499995474007);
#12675 = AXIS2_PLACEMENT_3D('',#12676,#12677,#12678);
#12676 = CARTESIAN_POINT('',(106.18290051652,-53.204221474,0.21));
#12677 = DIRECTION('',(0.,0.,1.));
#12678 = DIRECTION('',(0.999958018551,9.16303095666E-03,-0.));
#12679 = ORIENTED_EDGE('',*,*,#12680,.F.);
#12680 = EDGE_CURVE('',#12681,#12672,#12683,.T.);
#12681 = VERTEX_POINT('',#12682);
#12682 = CARTESIAN_POINT('',(106.1829,-52.704226,0.));
#12683 = LINE('',#12684,#12685);
#12684 = CARTESIAN_POINT('',(106.1829,-52.704226,0.));
#12685 = VECTOR('',#12686,1.);
#12686 = DIRECTION('',(0.,0.,1.));
#12687 = ORIENTED_EDGE('',*,*,#12688,.F.);
#12688 = EDGE_CURVE('',#12649,#12681,#12689,.T.);
#12689 = CIRCLE('',#12690,0.499995474007);
#12690 = AXIS2_PLACEMENT_3D('',#12691,#12692,#12693);
#12691 = CARTESIAN_POINT('',(106.18290051652,-53.204221474,0.));
#12692 = DIRECTION('',(0.,0.,1.));
#12693 = DIRECTION('',(0.999958018551,9.16303095666E-03,-0.));
#12694 = CYLINDRICAL_SURFACE('',#12695,0.499995474007);
#12695 = AXIS2_PLACEMENT_3D('',#12696,#12697,#12698);
#12696 = CARTESIAN_POINT('',(106.18290051652,-53.204221474,0.));
#12697 = DIRECTION('',(-0.,-0.,-1.));
#12698 = DIRECTION('',(0.999958018551,9.16303095666E-03,-0.));
#12699 = ADVANCED_FACE('',(#12700),#12716,.T.);
#12700 = FACE_BOUND('',#12701,.T.);
#12701 = EDGE_LOOP('',(#12702,#12703,#12709,#12710));
#12702 = ORIENTED_EDGE('',*,*,#12680,.T.);
#12703 = ORIENTED_EDGE('',*,*,#12704,.T.);
#12704 = EDGE_CURVE('',#12672,#12472,#12705,.T.);
#12705 = LINE('',#12706,#12707);
#12706 = CARTESIAN_POINT('',(106.1829,-52.704226,0.21));
#12707 = VECTOR('',#12708,1.);
#12708 = DIRECTION('',(-1.,0.,0.));
#12709 = ORIENTED_EDGE('',*,*,#12469,.F.);
#12710 = ORIENTED_EDGE('',*,*,#12711,.F.);
#12711 = EDGE_CURVE('',#12681,#12470,#12712,.T.);
#12712 = LINE('',#12713,#12714);
#12713 = CARTESIAN_POINT('',(106.1829,-52.704226,0.));
#12714 = VECTOR('',#12715,1.);
#12715 = DIRECTION('',(-1.,0.,0.));
#12716 = PLANE('',#12717);
#12717 = AXIS2_PLACEMENT_3D('',#12718,#12719,#12720);
#12718 = CARTESIAN_POINT('',(106.1829,-52.704226,0.));
#12719 = DIRECTION('',(0.,-1.,0.));
#12720 = DIRECTION('',(-1.,0.,0.));
#12721 = ADVANCED_FACE('',(#12722,#12769,#12779,#12789,#12799,#12809,
    #12819,#12829,#12839,#12849,#12852,#12862),#12872,.F.);
#12722 = FACE_BOUND('',#12723,.T.);
#12723 = EDGE_LOOP('',(#12724,#12725,#12726,#12727,#12728,#12729,#12730,
    #12731,#12732,#12733,#12734,#12735,#12736,#12737,#12738,#12739,
    #12740,#12741,#12742,#12743,#12744,#12745,#12746,#12747,#12748,
    #12749,#12750,#12751,#12752,#12753,#12754,#12755,#12756,#12757,
    #12758,#12759,#12760,#12761,#12762,#12763,#12764,#12765,#12766,
    #12767,#12768));
#12724 = ORIENTED_EDGE('',*,*,#8722,.T.);
#12725 = ORIENTED_EDGE('',*,*,#8754,.T.);
#12726 = ORIENTED_EDGE('',*,*,#8786,.T.);
#12727 = ORIENTED_EDGE('',*,*,#8818,.T.);
#12728 = ORIENTED_EDGE('',*,*,#8850,.T.);
#12729 = ORIENTED_EDGE('',*,*,#8882,.T.);
#12730 = ORIENTED_EDGE('',*,*,#8914,.T.);
#12731 = ORIENTED_EDGE('',*,*,#8946,.T.);
#12732 = ORIENTED_EDGE('',*,*,#8978,.T.);
#12733 = ORIENTED_EDGE('',*,*,#9010,.T.);
#12734 = ORIENTED_EDGE('',*,*,#9042,.T.);
#12735 = ORIENTED_EDGE('',*,*,#9074,.T.);
#12736 = ORIENTED_EDGE('',*,*,#9105,.T.);
#12737 = ORIENTED_EDGE('',*,*,#9137,.T.);
#12738 = ORIENTED_EDGE('',*,*,#9169,.T.);
#12739 = ORIENTED_EDGE('',*,*,#9201,.T.);
#12740 = ORIENTED_EDGE('',*,*,#9233,.T.);
#12741 = ORIENTED_EDGE('',*,*,#9265,.T.);
#12742 = ORIENTED_EDGE('',*,*,#9297,.T.);
#12743 = ORIENTED_EDGE('',*,*,#9329,.T.);
#12744 = ORIENTED_EDGE('',*,*,#9361,.T.);
#12745 = ORIENTED_EDGE('',*,*,#9393,.T.);
#12746 = ORIENTED_EDGE('',*,*,#9425,.T.);
#12747 = ORIENTED_EDGE('',*,*,#9457,.T.);
#12748 = ORIENTED_EDGE('',*,*,#9489,.T.);
#12749 = ORIENTED_EDGE('',*,*,#9521,.T.);
#12750 = ORIENTED_EDGE('',*,*,#9553,.T.);
#12751 = ORIENTED_EDGE('',*,*,#9584,.T.);
#12752 = ORIENTED_EDGE('',*,*,#9616,.T.);
#12753 = ORIENTED_EDGE('',*,*,#9648,.T.);
#12754 = ORIENTED_EDGE('',*,*,#9680,.T.);
#12755 = ORIENTED_EDGE('',*,*,#9712,.T.);
#12756 = ORIENTED_EDGE('',*,*,#9743,.T.);
#12757 = ORIENTED_EDGE('',*,*,#9775,.T.);
#12758 = ORIENTED_EDGE('',*,*,#9807,.T.);
#12759 = ORIENTED_EDGE('',*,*,#9839,.T.);
#12760 = ORIENTED_EDGE('',*,*,#9871,.T.);
#12761 = ORIENTED_EDGE('',*,*,#9903,.T.);
#12762 = ORIENTED_EDGE('',*,*,#9935,.T.);
#12763 = ORIENTED_EDGE('',*,*,#9967,.T.);
#12764 = ORIENTED_EDGE('',*,*,#9999,.T.);
#12765 = ORIENTED_EDGE('',*,*,#10031,.T.);
#12766 = ORIENTED_EDGE('',*,*,#10063,.T.);
#12767 = ORIENTED_EDGE('',*,*,#10095,.T.);
#12768 = ORIENTED_EDGE('',*,*,#10118,.T.);
#12769 = FACE_BOUND('',#12770,.T.);
#12770 = EDGE_LOOP('',(#12771,#12772,#12773,#12774,#12775,#12776,#12777,
    #12778));
#12771 = ORIENTED_EDGE('',*,*,#10159,.T.);
#12772 = ORIENTED_EDGE('',*,*,#10191,.T.);
#12773 = ORIENTED_EDGE('',*,*,#10223,.T.);
#12774 = ORIENTED_EDGE('',*,*,#10255,.T.);
#12775 = ORIENTED_EDGE('',*,*,#10287,.T.);
#12776 = ORIENTED_EDGE('',*,*,#10319,.T.);
#12777 = ORIENTED_EDGE('',*,*,#10351,.T.);
#12778 = ORIENTED_EDGE('',*,*,#10374,.T.);
#12779 = FACE_BOUND('',#12780,.T.);
#12780 = EDGE_LOOP('',(#12781,#12782,#12783,#12784,#12785,#12786,#12787,
    #12788));
#12781 = ORIENTED_EDGE('',*,*,#10415,.T.);
#12782 = ORIENTED_EDGE('',*,*,#10447,.T.);
#12783 = ORIENTED_EDGE('',*,*,#10479,.T.);
#12784 = ORIENTED_EDGE('',*,*,#10511,.T.);
#12785 = ORIENTED_EDGE('',*,*,#10543,.T.);
#12786 = ORIENTED_EDGE('',*,*,#10575,.T.);
#12787 = ORIENTED_EDGE('',*,*,#10607,.T.);
#12788 = ORIENTED_EDGE('',*,*,#10630,.T.);
#12789 = FACE_BOUND('',#12790,.T.);
#12790 = EDGE_LOOP('',(#12791,#12792,#12793,#12794,#12795,#12796,#12797,
    #12798));
#12791 = ORIENTED_EDGE('',*,*,#10671,.T.);
#12792 = ORIENTED_EDGE('',*,*,#10703,.T.);
#12793 = ORIENTED_EDGE('',*,*,#10735,.T.);
#12794 = ORIENTED_EDGE('',*,*,#10767,.T.);
#12795 = ORIENTED_EDGE('',*,*,#10799,.T.);
#12796 = ORIENTED_EDGE('',*,*,#10831,.T.);
#12797 = ORIENTED_EDGE('',*,*,#10863,.T.);
#12798 = ORIENTED_EDGE('',*,*,#10886,.T.);
#12799 = FACE_BOUND('',#12800,.T.);
#12800 = EDGE_LOOP('',(#12801,#12802,#12803,#12804,#12805,#12806,#12807,
    #12808));
#12801 = ORIENTED_EDGE('',*,*,#10927,.T.);
#12802 = ORIENTED_EDGE('',*,*,#10959,.T.);
#12803 = ORIENTED_EDGE('',*,*,#10991,.T.);
#12804 = ORIENTED_EDGE('',*,*,#11023,.T.);
#12805 = ORIENTED_EDGE('',*,*,#11055,.T.);
#12806 = ORIENTED_EDGE('',*,*,#11087,.T.);
#12807 = ORIENTED_EDGE('',*,*,#11119,.T.);
#12808 = ORIENTED_EDGE('',*,*,#11142,.T.);
#12809 = FACE_BOUND('',#12810,.T.);
#12810 = EDGE_LOOP('',(#12811,#12812,#12813,#12814,#12815,#12816,#12817,
    #12818));
#12811 = ORIENTED_EDGE('',*,*,#11183,.T.);
#12812 = ORIENTED_EDGE('',*,*,#11215,.T.);
#12813 = ORIENTED_EDGE('',*,*,#11247,.T.);
#12814 = ORIENTED_EDGE('',*,*,#11279,.T.);
#12815 = ORIENTED_EDGE('',*,*,#11311,.T.);
#12816 = ORIENTED_EDGE('',*,*,#11343,.T.);
#12817 = ORIENTED_EDGE('',*,*,#11375,.T.);
#12818 = ORIENTED_EDGE('',*,*,#11398,.T.);
#12819 = FACE_BOUND('',#12820,.T.);
#12820 = EDGE_LOOP('',(#12821,#12822,#12823,#12824,#12825,#12826,#12827,
    #12828));
#12821 = ORIENTED_EDGE('',*,*,#11439,.T.);
#12822 = ORIENTED_EDGE('',*,*,#11471,.T.);
#12823 = ORIENTED_EDGE('',*,*,#11503,.T.);
#12824 = ORIENTED_EDGE('',*,*,#11535,.T.);
#12825 = ORIENTED_EDGE('',*,*,#11567,.T.);
#12826 = ORIENTED_EDGE('',*,*,#11599,.T.);
#12827 = ORIENTED_EDGE('',*,*,#11631,.T.);
#12828 = ORIENTED_EDGE('',*,*,#11654,.T.);
#12829 = FACE_BOUND('',#12830,.T.);
#12830 = EDGE_LOOP('',(#12831,#12832,#12833,#12834,#12835,#12836,#12837,
    #12838));
#12831 = ORIENTED_EDGE('',*,*,#11695,.T.);
#12832 = ORIENTED_EDGE('',*,*,#11727,.T.);
#12833 = ORIENTED_EDGE('',*,*,#11759,.T.);
#12834 = ORIENTED_EDGE('',*,*,#11791,.T.);
#12835 = ORIENTED_EDGE('',*,*,#11823,.T.);
#12836 = ORIENTED_EDGE('',*,*,#11855,.T.);
#12837 = ORIENTED_EDGE('',*,*,#11887,.T.);
#12838 = ORIENTED_EDGE('',*,*,#11910,.T.);
#12839 = FACE_BOUND('',#12840,.T.);
#12840 = EDGE_LOOP('',(#12841,#12842,#12843,#12844,#12845,#12846,#12847,
    #12848));
#12841 = ORIENTED_EDGE('',*,*,#11951,.T.);
#12842 = ORIENTED_EDGE('',*,*,#11983,.T.);
#12843 = ORIENTED_EDGE('',*,*,#12015,.T.);
#12844 = ORIENTED_EDGE('',*,*,#12047,.T.);
#12845 = ORIENTED_EDGE('',*,*,#12079,.T.);
#12846 = ORIENTED_EDGE('',*,*,#12111,.T.);
#12847 = ORIENTED_EDGE('',*,*,#12143,.T.);
#12848 = ORIENTED_EDGE('',*,*,#12166,.T.);
#12849 = FACE_BOUND('',#12850,.T.);
#12850 = EDGE_LOOP('',(#12851));
#12851 = ORIENTED_EDGE('',*,*,#12198,.T.);
#12852 = FACE_BOUND('',#12853,.T.);
#12853 = EDGE_LOOP('',(#12854,#12855,#12856,#12857,#12858,#12859,#12860,
    #12861));
#12854 = ORIENTED_EDGE('',*,*,#12240,.T.);
#12855 = ORIENTED_EDGE('',*,*,#12272,.T.);
#12856 = ORIENTED_EDGE('',*,*,#12304,.T.);
#12857 = ORIENTED_EDGE('',*,*,#12336,.T.);
#12858 = ORIENTED_EDGE('',*,*,#12368,.T.);
#12859 = ORIENTED_EDGE('',*,*,#12400,.T.);
#12860 = ORIENTED_EDGE('',*,*,#12432,.T.);
#12861 = ORIENTED_EDGE('',*,*,#12455,.T.);
#12862 = FACE_BOUND('',#12863,.T.);
#12863 = EDGE_LOOP('',(#12864,#12865,#12866,#12867,#12868,#12869,#12870,
    #12871));
#12864 = ORIENTED_EDGE('',*,*,#12496,.T.);
#12865 = ORIENTED_EDGE('',*,*,#12528,.T.);
#12866 = ORIENTED_EDGE('',*,*,#12560,.T.);
#12867 = ORIENTED_EDGE('',*,*,#12592,.T.);
#12868 = ORIENTED_EDGE('',*,*,#12624,.T.);
#12869 = ORIENTED_EDGE('',*,*,#12656,.T.);
#12870 = ORIENTED_EDGE('',*,*,#12688,.T.);
#12871 = ORIENTED_EDGE('',*,*,#12711,.T.);
#12872 = PLANE('',#12873);
#12873 = AXIS2_PLACEMENT_3D('',#12874,#12875,#12876);
#12874 = CARTESIAN_POINT('',(0.,0.,0.));
#12875 = DIRECTION('',(0.,0.,1.));
#12876 = DIRECTION('',(1.,0.,-0.));
#12877 = ADVANCED_FACE('',(#12878,#12925,#12935,#12945,#12955,#12965,
    #12975,#12985,#12995,#13005,#13008,#13018),#13028,.T.);
#12878 = FACE_BOUND('',#12879,.F.);
#12879 = EDGE_LOOP('',(#12880,#12881,#12882,#12883,#12884,#12885,#12886,
    #12887,#12888,#12889,#12890,#12891,#12892,#12893,#12894,#12895,
    #12896,#12897,#12898,#12899,#12900,#12901,#12902,#12903,#12904,
    #12905,#12906,#12907,#12908,#12909,#12910,#12911,#12912,#12913,
    #12914,#12915,#12916,#12917,#12918,#12919,#12920,#12921,#12922,
    #12923,#12924));
#12880 = ORIENTED_EDGE('',*,*,#8705,.T.);
#12881 = ORIENTED_EDGE('',*,*,#8738,.T.);
#12882 = ORIENTED_EDGE('',*,*,#8769,.T.);
#12883 = ORIENTED_EDGE('',*,*,#8802,.T.);
#12884 = ORIENTED_EDGE('',*,*,#8833,.T.);
#12885 = ORIENTED_EDGE('',*,*,#8866,.T.);
#12886 = ORIENTED_EDGE('',*,*,#8897,.T.);
#12887 = ORIENTED_EDGE('',*,*,#8930,.T.);
#12888 = ORIENTED_EDGE('',*,*,#8961,.T.);
#12889 = ORIENTED_EDGE('',*,*,#8994,.T.);
#12890 = ORIENTED_EDGE('',*,*,#9025,.T.);
#12891 = ORIENTED_EDGE('',*,*,#9058,.T.);
#12892 = ORIENTED_EDGE('',*,*,#9089,.T.);
#12893 = ORIENTED_EDGE('',*,*,#9120,.T.);
#12894 = ORIENTED_EDGE('',*,*,#9153,.T.);
#12895 = ORIENTED_EDGE('',*,*,#9184,.T.);
#12896 = ORIENTED_EDGE('',*,*,#9217,.T.);
#12897 = ORIENTED_EDGE('',*,*,#9248,.T.);
#12898 = ORIENTED_EDGE('',*,*,#9281,.T.);
#12899 = ORIENTED_EDGE('',*,*,#9312,.T.);
#12900 = ORIENTED_EDGE('',*,*,#9345,.T.);
#12901 = ORIENTED_EDGE('',*,*,#9376,.T.);
#12902 = ORIENTED_EDGE('',*,*,#9409,.T.);
#12903 = ORIENTED_EDGE('',*,*,#9440,.T.);
#12904 = ORIENTED_EDGE('',*,*,#9473,.T.);
#12905 = ORIENTED_EDGE('',*,*,#9504,.T.);
#12906 = ORIENTED_EDGE('',*,*,#9537,.T.);
#12907 = ORIENTED_EDGE('',*,*,#9568,.T.);
#12908 = ORIENTED_EDGE('',*,*,#9599,.T.);
#12909 = ORIENTED_EDGE('',*,*,#9632,.T.);
#12910 = ORIENTED_EDGE('',*,*,#9663,.T.);
#12911 = ORIENTED_EDGE('',*,*,#9696,.T.);
#12912 = ORIENTED_EDGE('',*,*,#9727,.T.);
#12913 = ORIENTED_EDGE('',*,*,#9758,.T.);
#12914 = ORIENTED_EDGE('',*,*,#9791,.T.);
#12915 = ORIENTED_EDGE('',*,*,#9822,.T.);
#12916 = ORIENTED_EDGE('',*,*,#9855,.T.);
#12917 = ORIENTED_EDGE('',*,*,#9886,.T.);
#12918 = ORIENTED_EDGE('',*,*,#9919,.T.);
#12919 = ORIENTED_EDGE('',*,*,#9950,.T.);
#12920 = ORIENTED_EDGE('',*,*,#9983,.T.);
#12921 = ORIENTED_EDGE('',*,*,#10014,.T.);
#12922 = ORIENTED_EDGE('',*,*,#10047,.T.);
#12923 = ORIENTED_EDGE('',*,*,#10078,.T.);
#12924 = ORIENTED_EDGE('',*,*,#10111,.T.);
#12925 = FACE_BOUND('',#12926,.F.);
#12926 = EDGE_LOOP('',(#12927,#12928,#12929,#12930,#12931,#12932,#12933,
    #12934));
#12927 = ORIENTED_EDGE('',*,*,#10142,.T.);
#12928 = ORIENTED_EDGE('',*,*,#10175,.T.);
#12929 = ORIENTED_EDGE('',*,*,#10206,.T.);
#12930 = ORIENTED_EDGE('',*,*,#10239,.T.);
#12931 = ORIENTED_EDGE('',*,*,#10270,.T.);
#12932 = ORIENTED_EDGE('',*,*,#10303,.T.);
#12933 = ORIENTED_EDGE('',*,*,#10334,.T.);
#12934 = ORIENTED_EDGE('',*,*,#10367,.T.);
#12935 = FACE_BOUND('',#12936,.F.);
#12936 = EDGE_LOOP('',(#12937,#12938,#12939,#12940,#12941,#12942,#12943,
    #12944));
#12937 = ORIENTED_EDGE('',*,*,#10398,.T.);
#12938 = ORIENTED_EDGE('',*,*,#10431,.T.);
#12939 = ORIENTED_EDGE('',*,*,#10462,.T.);
#12940 = ORIENTED_EDGE('',*,*,#10495,.T.);
#12941 = ORIENTED_EDGE('',*,*,#10526,.T.);
#12942 = ORIENTED_EDGE('',*,*,#10559,.T.);
#12943 = ORIENTED_EDGE('',*,*,#10590,.T.);
#12944 = ORIENTED_EDGE('',*,*,#10623,.T.);
#12945 = FACE_BOUND('',#12946,.F.);
#12946 = EDGE_LOOP('',(#12947,#12948,#12949,#12950,#12951,#12952,#12953,
    #12954));
#12947 = ORIENTED_EDGE('',*,*,#10654,.T.);
#12948 = ORIENTED_EDGE('',*,*,#10687,.T.);
#12949 = ORIENTED_EDGE('',*,*,#10718,.T.);
#12950 = ORIENTED_EDGE('',*,*,#10751,.T.);
#12951 = ORIENTED_EDGE('',*,*,#10782,.T.);
#12952 = ORIENTED_EDGE('',*,*,#10815,.T.);
#12953 = ORIENTED_EDGE('',*,*,#10846,.T.);
#12954 = ORIENTED_EDGE('',*,*,#10879,.T.);
#12955 = FACE_BOUND('',#12956,.F.);
#12956 = EDGE_LOOP('',(#12957,#12958,#12959,#12960,#12961,#12962,#12963,
    #12964));
#12957 = ORIENTED_EDGE('',*,*,#10910,.T.);
#12958 = ORIENTED_EDGE('',*,*,#10943,.T.);
#12959 = ORIENTED_EDGE('',*,*,#10974,.T.);
#12960 = ORIENTED_EDGE('',*,*,#11007,.T.);
#12961 = ORIENTED_EDGE('',*,*,#11038,.T.);
#12962 = ORIENTED_EDGE('',*,*,#11071,.T.);
#12963 = ORIENTED_EDGE('',*,*,#11102,.T.);
#12964 = ORIENTED_EDGE('',*,*,#11135,.T.);
#12965 = FACE_BOUND('',#12966,.F.);
#12966 = EDGE_LOOP('',(#12967,#12968,#12969,#12970,#12971,#12972,#12973,
    #12974));
#12967 = ORIENTED_EDGE('',*,*,#11166,.T.);
#12968 = ORIENTED_EDGE('',*,*,#11199,.T.);
#12969 = ORIENTED_EDGE('',*,*,#11230,.T.);
#12970 = ORIENTED_EDGE('',*,*,#11263,.T.);
#12971 = ORIENTED_EDGE('',*,*,#11294,.T.);
#12972 = ORIENTED_EDGE('',*,*,#11327,.T.);
#12973 = ORIENTED_EDGE('',*,*,#11358,.T.);
#12974 = ORIENTED_EDGE('',*,*,#11391,.T.);
#12975 = FACE_BOUND('',#12976,.F.);
#12976 = EDGE_LOOP('',(#12977,#12978,#12979,#12980,#12981,#12982,#12983,
    #12984));
#12977 = ORIENTED_EDGE('',*,*,#11422,.T.);
#12978 = ORIENTED_EDGE('',*,*,#11455,.T.);
#12979 = ORIENTED_EDGE('',*,*,#11486,.T.);
#12980 = ORIENTED_EDGE('',*,*,#11519,.T.);
#12981 = ORIENTED_EDGE('',*,*,#11550,.T.);
#12982 = ORIENTED_EDGE('',*,*,#11583,.T.);
#12983 = ORIENTED_EDGE('',*,*,#11614,.T.);
#12984 = ORIENTED_EDGE('',*,*,#11647,.T.);
#12985 = FACE_BOUND('',#12986,.F.);
#12986 = EDGE_LOOP('',(#12987,#12988,#12989,#12990,#12991,#12992,#12993,
    #12994));
#12987 = ORIENTED_EDGE('',*,*,#11678,.T.);
#12988 = ORIENTED_EDGE('',*,*,#11711,.T.);
#12989 = ORIENTED_EDGE('',*,*,#11742,.T.);
#12990 = ORIENTED_EDGE('',*,*,#11775,.T.);
#12991 = ORIENTED_EDGE('',*,*,#11806,.T.);
#12992 = ORIENTED_EDGE('',*,*,#11839,.T.);
#12993 = ORIENTED_EDGE('',*,*,#11870,.T.);
#12994 = ORIENTED_EDGE('',*,*,#11903,.T.);
#12995 = FACE_BOUND('',#12996,.F.);
#12996 = EDGE_LOOP('',(#12997,#12998,#12999,#13000,#13001,#13002,#13003,
    #13004));
#12997 = ORIENTED_EDGE('',*,*,#11934,.T.);
#12998 = ORIENTED_EDGE('',*,*,#11967,.T.);
#12999 = ORIENTED_EDGE('',*,*,#11998,.T.);
#13000 = ORIENTED_EDGE('',*,*,#12031,.T.);
#13001 = ORIENTED_EDGE('',*,*,#12062,.T.);
#13002 = ORIENTED_EDGE('',*,*,#12095,.T.);
#13003 = ORIENTED_EDGE('',*,*,#12126,.T.);
#13004 = ORIENTED_EDGE('',*,*,#12159,.T.);
#13005 = FACE_BOUND('',#13006,.F.);
#13006 = EDGE_LOOP('',(#13007));
#13007 = ORIENTED_EDGE('',*,*,#12190,.T.);
#13008 = FACE_BOUND('',#13009,.F.);
#13009 = EDGE_LOOP('',(#13010,#13011,#13012,#13013,#13014,#13015,#13016,
    #13017));
#13010 = ORIENTED_EDGE('',*,*,#12223,.T.);
#13011 = ORIENTED_EDGE('',*,*,#12256,.T.);
#13012 = ORIENTED_EDGE('',*,*,#12287,.T.);
#13013 = ORIENTED_EDGE('',*,*,#12320,.T.);
#13014 = ORIENTED_EDGE('',*,*,#12351,.T.);
#13015 = ORIENTED_EDGE('',*,*,#12384,.T.);
#13016 = ORIENTED_EDGE('',*,*,#12415,.T.);
#13017 = ORIENTED_EDGE('',*,*,#12448,.T.);
#13018 = FACE_BOUND('',#13019,.F.);
#13019 = EDGE_LOOP('',(#13020,#13021,#13022,#13023,#13024,#13025,#13026,
    #13027));
#13020 = ORIENTED_EDGE('',*,*,#12479,.T.);
#13021 = ORIENTED_EDGE('',*,*,#12512,.T.);
#13022 = ORIENTED_EDGE('',*,*,#12543,.T.);
#13023 = ORIENTED_EDGE('',*,*,#12576,.T.);
#13024 = ORIENTED_EDGE('',*,*,#12607,.T.);
#13025 = ORIENTED_EDGE('',*,*,#12640,.T.);
#13026 = ORIENTED_EDGE('',*,*,#12671,.T.);
#13027 = ORIENTED_EDGE('',*,*,#12704,.T.);
#13028 = PLANE('',#13029);
#13029 = AXIS2_PLACEMENT_3D('',#13030,#13031,#13032);
#13030 = CARTESIAN_POINT('',(0.,0.,0.21));
#13031 = DIRECTION('',(0.,0.,1.));
#13032 = DIRECTION('',(1.,0.,-0.));
#13033 = ( GEOMETRIC_REPRESENTATION_CONTEXT(3) 
GLOBAL_UNCERTAINTY_ASSIGNED_CONTEXT((#13037)) 
GLOBAL_UNIT_ASSIGNED_CONTEXT((#13034,#13035,#13036)) 
REPRESENTATION_CONTEXT('Context #1',
  '3D Context with UNIT and UNCERTAINTY') );
#13034 = ( LENGTH_UNIT() NAMED_UNIT(*) SI_UNIT(.MILLI.,.METRE.) );
#13035 = ( NAMED_UNIT(*) PLANE_ANGLE_UNIT() SI_UNIT($,.RADIAN.) );
#13036 = ( NAMED_UNIT(*) SI_UNIT($,.STERADIAN.) SOLID_ANGLE_UNIT() );
#13037 = UNCERTAINTY_MEASURE_WITH_UNIT(LENGTH_MEASURE(1.E-07),#13034,
  'distance_accuracy_value','confusion accuracy');
#13038 = CONTEXT_DEPENDENT_SHAPE_REPRESENTATION(#13039,#13041);
#13039 = ( REPRESENTATION_RELATIONSHIP('','',#8688,#10) 
REPRESENTATION_RELATIONSHIP_WITH_TRANSFORMATION(#13040) 
SHAPE_REPRESENTATION_RELATIONSHIP() );
#13040 = ITEM_DEFINED_TRANSFORMATION('','',#11,#31);
#13041 = PRODUCT_DEFINITION_SHAPE('Placement','Placement of an item',
  #13042);
#13042 = NEXT_ASSEMBLY_USAGE_OCCURRENCE('5','=>[0:1:1:3]','',#5,#8683,$
  );
#13043 = PRODUCT_RELATED_PRODUCT_CATEGORY('part',$,(#8685));
#13044 = MECHANICAL_DESIGN_GEOMETRIC_PRESENTATION_REPRESENTATION('',(
    #13045),#13033);
#13045 = STYLED_ITEM('color',(#13046),#8689);
#13046 = PRESENTATION_STYLE_ASSIGNMENT((#13047));
#13047 = SURFACE_STYLE_USAGE(.BOTH.,#13048);
#13048 = SURFACE_SIDE_STYLE('',(#13049));
#13049 = SURFACE_STYLE_FILL_AREA(#13050);
#13050 = FILL_AREA_STYLE('',(#13051));
#13051 = FILL_AREA_STYLE_COLOUR('',#13052);
#13052 = COLOUR_RGB('',0.313304153717,0.484529207832,0.410020903123);
#13053 = MECHANICAL_DESIGN_GEOMETRIC_PRESENTATION_REPRESENTATION('',(
    #13054,#13062,#13069,#13076,#13083),#8655);
#13054 = STYLED_ITEM('color',(#13055),#49);
#13055 = PRESENTATION_STYLE_ASSIGNMENT((#13056));
#13056 = SURFACE_STYLE_USAGE(.BOTH.,#13057);
#13057 = SURFACE_SIDE_STYLE('',(#13058));
#13058 = SURFACE_STYLE_FILL_AREA(#13059);
#13059 = FILL_AREA_STYLE('',(#13060));
#13060 = FILL_AREA_STYLE_COLOUR('',#13061);
#13061 = COLOUR_RGB('',0.752941164258,0.752941164258,0.752941164258);
#13062 = STYLED_ITEM('color',(#13063),#265);
#13063 = PRESENTATION_STYLE_ASSIGNMENT((#13064));
#13064 = SURFACE_STYLE_USAGE(.BOTH.,#13065);
#13065 = SURFACE_SIDE_STYLE('',(#13066));
#13066 = SURFACE_STYLE_FILL_AREA(#13067);
#13067 = FILL_AREA_STYLE('',(#13068));
#13068 = FILL_AREA_STYLE_COLOUR('',#13061);
#13069 = STYLED_ITEM('color',(#13070),#481);
#13070 = PRESENTATION_STYLE_ASSIGNMENT((#13071));
#13071 = SURFACE_STYLE_USAGE(.BOTH.,#13072);
#13072 = SURFACE_SIDE_STYLE('',(#13073));
#13073 = SURFACE_STYLE_FILL_AREA(#13074);
#13074 = FILL_AREA_STYLE('',(#13075));
#13075 = FILL_AREA_STYLE_COLOUR('',#13061);
#13076 = STYLED_ITEM('color',(#13077),#697);
#13077 = PRESENTATION_STYLE_ASSIGNMENT((#13078));
#13078 = SURFACE_STYLE_USAGE(.BOTH.,#13079);
#13079 = SURFACE_SIDE_STYLE('',(#13080));
#13080 = SURFACE_STYLE_FILL_AREA(#13081);
#13081 = FILL_AREA_STYLE('',(#13082));
#13082 = FILL_AREA_STYLE_COLOUR('',#13061);
#13083 = STYLED_ITEM('color',(#13084),#913);
#13084 = PRESENTATION_STYLE_ASSIGNMENT((#13085));
#13085 = SURFACE_STYLE_USAGE(.BOTH.,#13086);
#13086 = SURFACE_SIDE_STYLE('',(#13087));
#13087 = SURFACE_STYLE_FILL_AREA(#13088);
#13088 = FILL_AREA_STYLE('',(#13089));
#13089 = FILL_AREA_STYLE_COLOUR('',#13061);
ENDSEC;
END-ISO-10303-21;
